  0
SECTION
  2
HEADER
  9
$ACADVER
  1
AC1027
  9
$ACADMAINTVER
 70
105
  9
$DWGCODEPAGE
  3
ANSI_1252
  9
$LASTSAVEDBY
  1
ezdxf
  9
$REQUIREDVERSIONS
160
0
  9
$INSBASE
 10
0.0
 20
0.0
 30
0.0
  9
$EXTMIN
 10
1e+20
 20
1e+20
 30
1e+20
  9
$EXTMAX
 10
-1e+20
 20
-1e+20
 30
-1e+20
  9
$LIMMIN
 10
0.0
 20
0.0
  9
$LIMMAX
 10
420.0
 20
297.0
  9
$ORTHOMODE
 70
0
  9
$REGENMODE
 70
1
  9
$FILLMODE
 70
1
  9
$QTEXTMODE
 70
0
  9
$MIRRTEXT
 70
1
  9
$LTSCALE
 40
1.0
  9
$ATTMODE
 70
1
  9
$TEXTSIZE
 40
2.5
  9
$TRACEWID
 40
1.0
  9
$TEXTSTYLE
  7
Standard
  9
$CLAYER
  8
0
  9
$CELTYPE
  6
ByLayer
  9
$CECOLOR
 62
256
  9
$CELTSCALE
 40
1.0
  9
$DISPSILH
 70
0
  9
$DIMSCALE
 40
1.0
  9
$DIMASZ
 40
2.5
  9
$DIMEXO
 40
0.625
  9
$DIMDLI
 40
3.75
  9
$DIMRND
 40
0.0
  9
$DIMDLE
 40
0.0
  9
$DIMEXE
 40
1.25
  9
$DIMTP
 40
0.0
  9
$DIMTM
 40
0.0
  9
$DIMTXT
 40
2.5
  9
$DIMCEN
 40
2.5
  9
$DIMTSZ
 40
0.0
  9
$DIMTOL
 70
0
  9
$DIMLIM
 70
0
  9
$DIMTIH
 70
0
  9
$DIMTOH
 70
0
  9
$DIMSE1
 70
0
  9
$DIMSE2
 70
0
  9
$DIMTAD
 70
1
  9
$DIMZIN
 70
8
  9
$DIMBLK
  1

  9
$DIMASO
 70
1
  9
$DIMSHO
 70
1
  9
$DIMPOST
  1

  9
$DIMAPOST
  1

  9
$DIMALT
 70
0
  9
$DIMALTD
 70
3
  9
$DIMALTF
 40
0.03937007874
  9
$DIMLFAC
 40
1.0
  9
$DIMTOFL
 70
1
  9
$DIMTVP
 40
0.0
  9
$DIMTIX
 70
0
  9
$DIMSOXD
 70
0
  9
$DIMSAH
 70
0
  9
$DIMBLK1
  1

  9
$DIMBLK2
  1

  9
$DIMSTYLE
  2
ISO-25
  9
$DIMCLRD
 70
0
  9
$DIMCLRE
 70
0
  9
$DIMCLRT
 70
0
  9
$DIMTFAC
 40
1.0
  9
$DIMGAP
 40
0.625
  9
$DIMJUST
 70
0
  9
$DIMSD1
 70
0
  9
$DIMSD2
 70
0
  9
$DIMTOLJ
 70
0
  9
$DIMTZIN
 70
8
  9
$DIMALTZ
 70
0
  9
$DIMALTTZ
 70
0
  9
$DIMUPT
 70
0
  9
$DIMDEC
 70
2
  9
$DIMTDEC
 70
2
  9
$DIMALTU
 70
2
  9
$DIMALTTD
 70
3
  9
$DIMTXSTY
  7
Standard
  9
$DIMAUNIT
 70
0
  9
$DIMADEC
 70
0
  9
$DIMALTRND
 40
0.0
  9
$DIMAZIN
 70
0
  9
$DIMDSEP
 70
44
  9
$DIMATFIT
 70
3
  9
$DIMFRAC
 70
0
  9
$DIMLDRBLK
  1

  9
$DIMLUNIT
 70
2
  9
$DIMLWD
 70
-2
  9
$DIMLWE
 70
-2
  9
$DIMTMOVE
 70
0
  9
$DIMFXL
 40
1.0
  9
$DIMFXLON
 70
0
  9
$DIMJOGANG
 40
0.785398163397
  9
$DIMTFILL
 70
0
  9
$DIMTFILLCLR
 70
0
  9
$DIMARCSYM
 70
0
  9
$DIMLTYPE
  6

  9
$DIMLTEX1
  6

  9
$DIMLTEX2
  6

  9
$DIMTXTDIRECTION
 70
0
  9
$LUNITS
 70
2
  9
$LUPREC
 70
4
  9
$SKETCHINC
 40
1.0
  9
$FILLETRAD
 40
10.0
  9
$AUNITS
 70
0
  9
$AUPREC
 70
2
  9
$MENU
  1
.
  9
$ELEVATION
 40
0.0
  9
$PELEVATION
 40
0.0
  9
$THICKNESS
 40
0.0
  9
$LIMCHECK
 70
0
  9
$CHAMFERA
 40
0.0
  9
$CHAMFERB
 40
0.0
  9
$CHAMFERC
 40
0.0
  9
$CHAMFERD
 40
0.0
  9
$SKPOLY
 70
0
  9
$TDCREATE
 40
2461320.8797800927
  9
$TDUCREATE
 40
2458532.153996898
  9
$TDUPDATE
 40
2461320.8797800927
  9
$TDUUPDATE
 40
2458532.1544311
  9
$TDINDWG
 40
0.0
  9
$TDUSRTIMER
 40
0.0
  9
$USRTIMER
 70
1
  9
$ANGBASE
 50
0.0
  9
$ANGDIR
 70
0
  9
$PDMODE
 70
0
  9
$PDSIZE
 40
0.0
  9
$PLINEWID
 40
0.0
  9
$SPLFRAME
 70
0
  9
$SPLINETYPE
 70
6
  9
$SPLINESEGS
 70
8
  9
$HANDSEED
  5
573
  9
$SURFTAB1
 70
6
  9
$SURFTAB2
 70
6
  9
$SURFTYPE
 70
6
  9
$SURFU
 70
6
  9
$SURFV
 70
6
  9
$UCSBASE
  2

  9
$UCSNAME
  2

  9
$UCSORG
 10
0.0
 20
0.0
 30
0.0
  9
$UCSXDIR
 10
1.0
 20
0.0
 30
0.0
  9
$UCSYDIR
 10
0.0
 20
1.0
 30
0.0
  9
$UCSORTHOREF
  2

  9
$UCSORTHOVIEW
 70
0
  9
$UCSORGTOP
 10
0.0
 20
0.0
 30
0.0
  9
$UCSORGBOTTOM
 10
0.0
 20
0.0
 30
0.0
  9
$UCSORGLEFT
 10
0.0
 20
0.0
 30
0.0
  9
$UCSORGRIGHT
 10
0.0
 20
0.0
 30
0.0
  9
$UCSORGFRONT
 10
0.0
 20
0.0
 30
0.0
  9
$UCSORGBACK
 10
0.0
 20
0.0
 30
0.0
  9
$PUCSBASE
  2

  9
$PUCSNAME
  2

  9
$PUCSORG
 10
0.0
 20
0.0
 30
0.0
  9
$PUCSXDIR
 10
1.0
 20
0.0
 30
0.0
  9
$PUCSYDIR
 10
0.0
 20
1.0
 30
0.0
  9
$PUCSORTHOREF
  2

  9
$PUCSORTHOVIEW
 70
0
  9
$PUCSORGTOP
 10
0.0
 20
0.0
 30
0.0
  9
$PUCSORGBOTTOM
 10
0.0
 20
0.0
 30
0.0
  9
$PUCSORGLEFT
 10
0.0
 20
0.0
 30
0.0
  9
$PUCSORGRIGHT
 10
0.0
 20
0.0
 30
0.0
  9
$PUCSORGFRONT
 10
0.0
 20
0.0
 30
0.0
  9
$PUCSORGBACK
 10
0.0
 20
0.0
 30
0.0
  9
$USERI1
 70
0
  9
$USERI2
 70
0
  9
$USERI3
 70
0
  9
$USERI4
 70
0
  9
$USERI5
 70
0
  9
$USERR1
 40
0.0
  9
$USERR2
 40
0.0
  9
$USERR3
 40
0.0
  9
$USERR4
 40
0.0
  9
$USERR5
 40
0.0
  9
$WORLDVIEW
 70
1
  9
$SHADEDGE
 70
3
  9
$SHADEDIF
 70
70
  9
$TILEMODE
 70
1
  9
$MAXACTVP
 70
64
  9
$PINSBASE
 10
0.0
 20
0.0
 30
0.0
  9
$PLIMCHECK
 70
0
  9
$PEXTMIN
 10
1e+20
 20
1e+20
 30
1e+20
  9
$PEXTMAX
 10
-1e+20
 20
-1e+20
 30
-1e+20
  9
$PLIMMIN
 10
0.0
 20
0.0
  9
$PLIMMAX
 10
420.0
 20
297.0
  9
$UNITMODE
 70
0
  9
$VISRETAIN
 70
1
  9
$PLINEGEN
 70
0
  9
$PSLTSCALE
 70
1
  9
$TREEDEPTH
 70
3020
  9
$CMLSTYLE
  2
Standard
  9
$CMLJUST
 70
0
  9
$CMLSCALE
 40
20.0
  9
$PROXYGRAPHICS
 70
1
  9
$MEASUREMENT
 70
1
  9
$CELWEIGHT
370
-1
  9
$ENDCAPS
280
0
  9
$JOINSTYLE
280
0
  9
$LWDISPLAY
290
0
  9
$INSUNITS
 70
4
  9
$HYPERLINKBASE
  1

  9
$STYLESHEET
  1

  9
$XEDIT
290
1
  9
$CEPSNTYPE
380
0
  9
$PSTYLEMODE
290
1
  9
$FINGERPRINTGUID
  2
{E7E2BA9A-2CA9-42CE-9BDA-A189FF29C165}
  9
$VERSIONGUID
  2
{D53D86AB-51B9-4F4B-BC00-D7AB0E7776A4}
  9
$EXTNAMES
290
1
  9
$PSVPSCALE
 40
0.0
  9
$OLESTARTUP
290
0
  9
$SORTENTS
280
127
  9
$INDEXCTL
280
0
  9
$HIDETEXT
280
1
  9
$XCLIPFRAME
280
1
  9
$HALOGAP
280
0
  9
$OBSCOLOR
 70
257
  9
$OBSLTYPE
280
0
  9
$INTERSECTIONDISPLAY
280
0
  9
$INTERSECTIONCOLOR
 70
257
  9
$DIMASSOC
280
2
  9
$PROJECTNAME
  1

  9
$CAMERADISPLAY
290
0
  9
$LENSLENGTH
 40
50.0
  9
$CAMERAHEIGHT
 40
0.0
  9
$STEPSPERSEC
 40
24.0
  9
$STEPSIZE
 40
100.0
  9
$3DDWFPREC
 40
2.0
  9
$PSOLWIDTH
 40
0.005
  9
$PSOLHEIGHT
 40
0.08
  9
$LOFTANG1
 40
1.570796326795
  9
$LOFTANG2
 40
1.570796326795
  9
$LOFTMAG1
 40
0.0
  9
$LOFTMAG2
 40
0.0
  9
$LOFTPARAM
 70
7
  9
$LOFTNORMALS
280
1
  9
$LATITUDE
 40
37.795
  9
$LONGITUDE
 40
-122.394
  9
$NORTHDIRECTION
 40
0.0
  9
$TIMEZONE
 70
-8000
  9
$LIGHTGLYPHDISPLAY
280
1
  9
$TILEMODELIGHTSYNCH
280
1
  9
$CMATERIAL
347
20
  9
$SOLIDHIST
280
0
  9
$SHOWHIST
280
1
  9
$DWFFRAME
280
2
  9
$DGNFRAME
280
2
  9
$REALWORLDSCALE
290
1
  9
$INTERFERECOLOR
 62
256
  9
$CSHADOW
280
0
  9
$SHADOWPLANELOCATION
 40
0.0
  0
ENDSEC
  0
SECTION
  2
CLASSES
  0
CLASS
  1
ACDBDICTIONARYWDFLT
  2
AcDbDictionaryWithDefault
  3
ObjectDBX Classes
 90
0
 91
0
280
0
281
0
  0
CLASS
  1
SUN
  2
AcDbSun
  3
SCENEOE
 90
1153
 91
0
280
0
281
0
  0
CLASS
  1
VISUALSTYLE
  2
AcDbVisualStyle
  3
ObjectDBX Classes
 90
4095
 91
0
280
0
281
0
  0
CLASS
  1
MATERIAL
  2
AcDbMaterial
  3
ObjectDBX Classes
 90
1153
 91
0
280
0
281
0
  0
CLASS
  1
SCALE
  2
AcDbScale
  3
ObjectDBX Classes
 90
1153
 91
0
280
0
281
0
  0
CLASS
  1
TABLESTYLE
  2
AcDbTableStyle
  3
ObjectDBX Classes
 90
4095
 91
0
280
0
281
0
  0
CLASS
  1
MLEADERSTYLE
  2
AcDbMLeaderStyle
  3
ACDB_MLEADERSTYLE_CLASS
 90
4095
 91
0
280
0
281
0
  0
CLASS
  1
DICTIONARYVAR
  2
AcDbDictionaryVar
  3
ObjectDBX Classes
 90
0
 91
0
280
0
281
0
  0
CLASS
  1
CELLSTYLEMAP
  2
AcDbCellStyleMap
  3
ObjectDBX Classes
 90
1152
 91
0
280
0
281
0
  0
CLASS
  1
MENTALRAYRENDERSETTINGS
  2
AcDbMentalRayRenderSettings
  3
SCENEOE
 90
1024
 91
0
280
0
281
0
  0
CLASS
  1
ACDBDETAILVIEWSTYLE
  2
AcDbDetailViewStyle
  3
ObjectDBX Classes
 90
1025
 91
0
280
0
281
0
  0
CLASS
  1
ACDBSECTIONVIEWSTYLE
  2
AcDbSectionViewStyle
  3
ObjectDBX Classes
 90
1025
 91
0
280
0
281
0
  0
CLASS
  1
RASTERVARIABLES
  2
AcDbRasterVariables
  3
ISM
 90
0
 91
0
280
0
281
0
  0
CLASS
  1
ACDBPLACEHOLDER
  2
AcDbPlaceHolder
  3
ObjectDBX Classes
 90
0
 91
0
280
0
281
0
  0
CLASS
  1
LAYOUT
  2
AcDbLayout
  3
ObjectDBX Classes
 90
0
 91
0
280
0
281
0
  0
ENDSEC
  0
SECTION
  2
TABLES
  0
TABLE
  2
VPORT
  5
8
330
0
100
AcDbSymbolTable
 70
1
  0
VPORT
  5
56F
330
8
100
AcDbSymbolTableRecord
100
AcDbViewportTableRecord
  2
*Active
 70
0
 10
0.0
 20
0.0
 11
1.0
 21
1.0
 12
0.0
 22
0.0
 13
0.0
 23
0.0
 14
0.5
 24
0.5
 15
0.5
 25
0.5
 16
0.0
 26
0.0
 36
1.0
 17
0.0
 27
0.0
 37
0.0
 40
18.5
 41
1.34
 42
50.0
 43
0.0
 44
0.0
 50
0.0
 51
0.0
 71
0
 72
1000
 73
1
 74
3
 75
0
 76
0
 77
0
 78
0
281
0
 65
1
110
0.0
120
0.0
130
0.0
111
1.0
121
0.0
131
0.0
112
0.0
122
1.0
132
0.0
 79
0
146
0.0
  0
ENDTAB
  0
TABLE
  2
LTYPE
  5
2
330
0
100
AcDbSymbolTable
 70
3
  0
LTYPE
  5
24
330
2
100
AcDbSymbolTableRecord
100
AcDbLinetypeTableRecord
  2
ByBlock
 70
0
  3

 72
65
 73
0
 40
0.0
  0
LTYPE
  5
25
330
2
100
AcDbSymbolTableRecord
100
AcDbLinetypeTableRecord
  2
ByLayer
 70
0
  3

 72
65
 73
0
 40
0.0
  0
LTYPE
  5
26
330
2
100
AcDbSymbolTableRecord
100
AcDbLinetypeTableRecord
  2
Continuous
 70
0
  3

 72
65
 73
0
 40
0.0
  0
ENDTAB
  0
TABLE
  2
LAYER
  5
1
330
0
100
AcDbSymbolTable
 70
4
  0
LAYER
  5
27
330
1
100
AcDbSymbolTableRecord
100
AcDbLayerTableRecord
  2
0
 70
0
 62
7
  6
Continuous
370
-3
390
13
347
21
  0
LAYER
  5
28
330
1
100
AcDbSymbolTableRecord
100
AcDbLayerTableRecord
  2
Defpoints
 70
0
 62
7
  6
Continuous
290
0
370
-3
390
13
347
21
  0
LAYER
  5
2F
330
1
100
AcDbSymbolTableRecord
100
AcDbLayerTableRecord
  2
PLATE_OUTLINE_REFERENCE
 70
0
 62
7
  6
Continuous
370
-3
390
13
347
21
  0
LAYER
  5
30
330
1
100
AcDbSymbolTableRecord
100
AcDbLayerTableRecord
  2
LETTERING_ETCH
 70
0
 62
7
  6
Continuous
370
-3
390
13
347
21
  0
ENDTAB
  0
TABLE
  2
STYLE
  5
5
330
0
100
AcDbSymbolTable
 70
1
  0
STYLE
  5
29
330
5
100
AcDbSymbolTableRecord
100
AcDbTextStyleTableRecord
  2
Standard
 70
0
 40
0.0
 41
1.0
 50
0.0
 71
0
 42
2.5
  3
txt
  4

  0
ENDTAB
  0
TABLE
  2
VIEW
  5
7
330
0
100
AcDbSymbolTable
 70
0
  0
ENDTAB
  0
TABLE
  2
UCS
  5
6
330
0
100
AcDbSymbolTable
 70
0
  0
ENDTAB
  0
TABLE
  2
APPID
  5
3
330
0
100
AcDbSymbolTable
 70
3
  0
APPID
  5
2A
330
3
100
AcDbSymbolTableRecord
100
AcDbRegAppTableRecord
  2
ACAD
 70
0
  0
APPID
  5
570
330
3
100
AcDbSymbolTableRecord
100
AcDbRegAppTableRecord
  2
HATCHBACKGROUNDCOLOR
 70
0
  0
APPID
  5
571
330
3
100
AcDbSymbolTableRecord
100
AcDbRegAppTableRecord
  2
EZDXF
 70
0
  0
ENDTAB
  0
TABLE
  2
DIMSTYLE
  5
4
330
0
100
AcDbSymbolTable
 70
1
100
AcDbDimStyleTable
  0
DIMSTYLE
105
2B
330
4
100
AcDbSymbolTableRecord
100
AcDbDimStyleTableRecord
  2
Standard
 70
0
 40
1.0
 41
2.5
 42
0.625
 43
3.75
 44
1.25
 45
0.0
 46
0.0
 47
0.0
 48
0.0
 49
2.5
140
2.5
141
2.5
142
0.0
143
0.03937007874
144
1.0
145
0.0
146
1.0
147
0.625
148
0.0
 69
0
 70
0
 71
0
 72
0
 73
0
 74
0
 75
0
 76
0
 77
1
 78
8
 79
3
170
0
171
3
172
1
173
0
174
0
175
0
176
0
177
0
178
0
179
2
271
2
272
2
273
2
274
3
275
0
276
0
277
2
278
44
279
0
280
0
281
0
282
0
283
0
284
8
285
0
286
0
288
0
289
3
290
0
371
-2
372
-2
  0
ENDTAB
  0
TABLE
  2
BLOCK_RECORD
  5
9
330
0
100
AcDbSymbolTable
 70
2
  0
BLOCK_RECORD
  5
17
330
9
100
AcDbSymbolTableRecord
100
AcDbBlockTableRecord
  2
*Model_Space
340
1A
 70
0
280
1
281
0
  0
BLOCK_RECORD
  5
1B
330
9
100
AcDbSymbolTableRecord
100
AcDbBlockTableRecord
  2
*Paper_Space
340
1E
 70
0
280
1
281
0
  0
ENDTAB
  0
ENDSEC
  0
SECTION
  2
BLOCKS
  0
BLOCK
  5
18
330
17
100
AcDbEntity
  8
0
100
AcDbBlockBegin
  2
*Model_Space
 70
0
 10
0.0
 20
0.0
 30
0.0
  3
*Model_Space
  1

  0
ENDBLK
  5
19
330
17
100
AcDbEntity
  8
0
100
AcDbBlockEnd
  0
BLOCK
  5
1C
330
1B
100
AcDbEntity
  8
0
100
AcDbBlockBegin
  2
*Paper_Space
 70
0
 10
0.0
 20
0.0
 30
0.0
  3
*Paper_Space
  1

  0
ENDBLK
  5
1D
330
1B
100
AcDbEntity
  8
0
100
AcDbBlockEnd
  0
ENDSEC
  0
SECTION
  2
ENTITIES
  0
LINE
  5
31
330
17
100
AcDbEntity
  8
PLATE_OUTLINE_REFERENCE
100
AcDbLine
 10
-18.5
 20
4.550000000000001
 30
0.0
 11
-18.5
 21
-4.550000000000001
 31
0.0
  0
ARC
  5
32
330
17
100
AcDbEntity
  8
PLATE_OUTLINE_REFERENCE
100
AcDbCircle
 10
-17.299999999999997
 20
-4.550000000000001
 30
0.0
 40
1.2
100
AcDbArc
 50
-180.0
 51
-90.0
  0
LINE
  5
33
330
17
100
AcDbEntity
  8
PLATE_OUTLINE_REFERENCE
100
AcDbLine
 10
-17.299999999999997
 20
-5.75
 30
0.0
 11
17.3
 21
-5.75
 31
0.0
  0
ARC
  5
34
330
17
100
AcDbEntity
  8
PLATE_OUTLINE_REFERENCE
100
AcDbCircle
 10
17.3
 20
-4.550000000000001
 30
0.0
 40
1.2
100
AcDbArc
 50
-90.0
 51
0.0
  0
LINE
  5
35
330
17
100
AcDbEntity
  8
PLATE_OUTLINE_REFERENCE
100
AcDbLine
 10
18.5
 20
-4.550000000000001
 30
0.0
 11
18.5
 21
4.550000000000001
 31
0.0
  0
ARC
  5
36
330
17
100
AcDbEntity
  8
PLATE_OUTLINE_REFERENCE
100
AcDbCircle
 10
17.3
 20
4.550000000000001
 30
0.0
 40
1.2
100
AcDbArc
 50
0.0
 51
90.0
  0
LINE
  5
37
330
17
100
AcDbEntity
  8
PLATE_OUTLINE_REFERENCE
100
AcDbLine
 10
17.3
 20
5.75
 30
0.0
 11
-17.299999999999997
 21
5.75
 31
0.0
  0
ARC
  5
38
330
17
100
AcDbEntity
  8
PLATE_OUTLINE_REFERENCE
100
AcDbCircle
 10
-17.299999999999997
 20
4.550000000000001
 30
0.0
 40
1.2
100
AcDbArc
 50
90.0
 51
180.0
  0
LINE
  5
39
330
17
100
AcDbEntity
  8
LETTERING_ETCH
100
AcDbLine
 10
-10.028935
 20
-2.395833
 30
0.0
 11
-10.011574
 21
-2.407407
 31
0.0
  0
LINE
  5
3A
330
17
100
AcDbEntity
  8
LETTERING_ETCH
100
AcDbLine
 10
-10.011574
 20
-2.407407
 30
0.0
 11
-9.962384
 21
-2.407287
 31
0.0
  0
LINE
  5
3B
330
17
100
AcDbEntity
  8
LETTERING_ETCH
100
AcDbLine
 10
-9.962384
 20
-2.407287
 30
0.0
 11
-9.911265
 21
-2.406925
 31
0.0
  0
LINE
  5
3C
330
17
100
AcDbEntity
  8
LETTERING_ETCH
100
AcDbLine
 10
-9.911265
 20
-2.406925
 30
0.0
 11
-9.858218
 21
-2.406322
 31
0.0
  0
LINE
  5
3D
330
17
100
AcDbEntity
  8
LETTERING_ETCH
100
AcDbLine
 10
-9.858218
 20
-2.406322
 30
0.0
 11
-9.803241
 21
-2.405478
 31
0.0
  0
LINE
  5
3E
330
17
100
AcDbEntity
  8
LETTERING_ETCH
100
AcDbLine
 10
-9.803241
 20
-2.405478
 30
0.0
 11
-9.746335
 21
-2.404393
 31
0.0
  0
LINE
  5
3F
330
17
100
AcDbEntity
  8
LETTERING_ETCH
100
AcDbLine
 10
-9.746335
 20
-2.404393
 30
0.0
 11
-9.6875
 21
-2.403067
 31
0.0
  0
LINE
  5
40
330
17
100
AcDbEntity
  8
LETTERING_ETCH
100
AcDbLine
 10
-9.6875
 20
-2.403067
 30
0.0
 11
-9.626736
 21
-2.4015
 31
0.0
  0
LINE
  5
41
330
17
100
AcDbEntity
  8
LETTERING_ETCH
100
AcDbLine
 10
-9.626736
 20
-2.4015
 30
0.0
 11
-9.564043
 21
-2.399691
 31
0.0
  0
LINE
  5
42
330
17
100
AcDbEntity
  8
LETTERING_ETCH
100
AcDbLine
 10
-9.564043
 20
-2.399691
 30
0.0
 11
-9.507268
 21
-2.398072
 31
0.0
  0
LINE
  5
43
330
17
100
AcDbEntity
  8
LETTERING_ETCH
100
AcDbLine
 10
-9.507268
 20
-2.398072
 30
0.0
 11
-9.450112
 21
-2.396643
 31
0.0
  0
LINE
  5
44
330
17
100
AcDbEntity
  8
LETTERING_ETCH
100
AcDbLine
 10
-9.450112
 20
-2.396643
 30
0.0
 11
-9.392575
 21
-2.395405
 31
0.0
  0
LINE
  5
45
330
17
100
AcDbEntity
  8
LETTERING_ETCH
100
AcDbLine
 10
-9.392575
 20
-2.395405
 30
0.0
 11
-9.334657
 21
-2.394357
 31
0.0
  0
LINE
  5
46
330
17
100
AcDbEntity
  8
LETTERING_ETCH
100
AcDbLine
 10
-9.334657
 20
-2.394357
 30
0.0
 11
-9.276358
 21
-2.393499
 31
0.0
  0
LINE
  5
47
330
17
100
AcDbEntity
  8
LETTERING_ETCH
100
AcDbLine
 10
-9.276358
 20
-2.393499
 30
0.0
 11
-9.217678
 21
-2.392833
 31
0.0
  0
LINE
  5
48
330
17
100
AcDbEntity
  8
LETTERING_ETCH
100
AcDbLine
 10
-9.217678
 20
-2.392833
 30
0.0
 11
-9.158617
 21
-2.392356
 31
0.0
  0
LINE
  5
49
330
17
100
AcDbEntity
  8
LETTERING_ETCH
100
AcDbLine
 10
-9.158617
 20
-2.392356
 30
0.0
 11
-9.099175
 21
-2.392071
 31
0.0
  0
LINE
  5
4A
330
17
100
AcDbEntity
  8
LETTERING_ETCH
100
AcDbLine
 10
-9.099175
 20
-2.392071
 30
0.0
 11
-9.039352
 21
-2.391975
 31
0.0
  0
LINE
  5
4B
330
17
100
AcDbEntity
  8
LETTERING_ETCH
100
AcDbLine
 10
-9.039352
 20
-2.391975
 30
0.0
 11
-8.975641
 21
-2.392029
 31
0.0
  0
LINE
  5
4C
330
17
100
AcDbEntity
  8
LETTERING_ETCH
100
AcDbLine
 10
-8.975641
 20
-2.392029
 30
0.0
 11
-8.913109
 21
-2.39219
 31
0.0
  0
LINE
  5
4D
330
17
100
AcDbEntity
  8
LETTERING_ETCH
100
AcDbLine
 10
-8.913109
 20
-2.39219
 30
0.0
 11
-8.851755
 21
-2.392458
 31
0.0
  0
LINE
  5
4E
330
17
100
AcDbEntity
  8
LETTERING_ETCH
100
AcDbLine
 10
-8.851755
 20
-2.392458
 30
0.0
 11
-8.791581
 21
-2.392833
 31
0.0
  0
LINE
  5
4F
330
17
100
AcDbEntity
  8
LETTERING_ETCH
100
AcDbLine
 10
-8.791581
 20
-2.392833
 30
0.0
 11
-8.732585
 21
-2.393315
 31
0.0
  0
LINE
  5
50
330
17
100
AcDbEntity
  8
LETTERING_ETCH
100
AcDbLine
 10
-8.732585
 20
-2.393315
 30
0.0
 11
-8.674769
 21
-2.393904
 31
0.0
  0
LINE
  5
51
330
17
100
AcDbEntity
  8
LETTERING_ETCH
100
AcDbLine
 10
-8.674769
 20
-2.393904
 30
0.0
 11
-8.618131
 21
-2.394601
 31
0.0
  0
LINE
  5
52
330
17
100
AcDbEntity
  8
LETTERING_ETCH
100
AcDbLine
 10
-8.618131
 20
-2.394601
 30
0.0
 11
-8.562671
 21
-2.395405
 31
0.0
  0
LINE
  5
53
330
17
100
AcDbEntity
  8
LETTERING_ETCH
100
AcDbLine
 10
-8.562671
 20
-2.395405
 30
0.0
 11
-8.508391
 21
-2.396316
 31
0.0
  0
LINE
  5
54
330
17
100
AcDbEntity
  8
LETTERING_ETCH
100
AcDbLine
 10
-8.508391
 20
-2.396316
 30
0.0
 11
-8.45529
 21
-2.397334
 31
0.0
  0
LINE
  5
55
330
17
100
AcDbEntity
  8
LETTERING_ETCH
100
AcDbLine
 10
-8.45529
 20
-2.397334
 30
0.0
 11
-8.403367
 21
-2.398459
 31
0.0
  0
LINE
  5
56
330
17
100
AcDbEntity
  8
LETTERING_ETCH
100
AcDbLine
 10
-8.403367
 20
-2.398459
 30
0.0
 11
-8.352623
 21
-2.399691
 31
0.0
  0
LINE
  5
57
330
17
100
AcDbEntity
  8
LETTERING_ETCH
100
AcDbLine
 10
-8.352623
 20
-2.399691
 30
0.0
 11
-8.292824
 21
-2.401157
 31
0.0
  0
LINE
  5
58
330
17
100
AcDbEntity
  8
LETTERING_ETCH
100
AcDbLine
 10
-8.292824
 20
-2.401157
 30
0.0
 11
-8.233796
 21
-2.402469
 31
0.0
  0
LINE
  5
59
330
17
100
AcDbEntity
  8
LETTERING_ETCH
100
AcDbLine
 10
-8.233796
 20
-2.402469
 30
0.0
 11
-8.17554
 21
-2.403627
 31
0.0
  0
LINE
  5
5A
330
17
100
AcDbEntity
  8
LETTERING_ETCH
100
AcDbLine
 10
-8.17554
 20
-2.403627
 30
0.0
 11
-8.118056
 21
-2.40463
 31
0.0
  0
LINE
  5
5B
330
17
100
AcDbEntity
  8
LETTERING_ETCH
100
AcDbLine
 10
-8.118056
 20
-2.40463
 30
0.0
 11
-8.061343
 21
-2.405478
 31
0.0
  0
LINE
  5
5C
330
17
100
AcDbEntity
  8
LETTERING_ETCH
100
AcDbLine
 10
-8.061343
 20
-2.405478
 30
0.0
 11
-8.005401
 21
-2.406173
 31
0.0
  0
LINE
  5
5D
330
17
100
AcDbEntity
  8
LETTERING_ETCH
100
AcDbLine
 10
-8.005401
 20
-2.406173
 30
0.0
 11
-7.950231
 21
-2.406713
 31
0.0
  0
LINE
  5
5E
330
17
100
AcDbEntity
  8
LETTERING_ETCH
100
AcDbLine
 10
-7.950231
 20
-2.406713
 30
0.0
 11
-7.895833
 21
-2.407099
 31
0.0
  0
LINE
  5
5F
330
17
100
AcDbEntity
  8
LETTERING_ETCH
100
AcDbLine
 10
-7.895833
 20
-2.407099
 30
0.0
 11
-7.842207
 21
-2.40733
 31
0.0
  0
LINE
  5
60
330
17
100
AcDbEntity
  8
LETTERING_ETCH
100
AcDbLine
 10
-7.842207
 20
-2.40733
 30
0.0
 11
-7.789352
 21
-2.407407
 31
0.0
  0
LINE
  5
61
330
17
100
AcDbEntity
  8
LETTERING_ETCH
100
AcDbLine
 10
-7.789352
 20
-2.407407
 30
0.0
 11
-7.777778
 21
-2.395833
 31
0.0
  0
LINE
  5
62
330
17
100
AcDbEntity
  8
LETTERING_ETCH
100
AcDbLine
 10
-7.777778
 20
-2.395833
 30
0.0
 11
-7.77392
 21
-2.361111
 31
0.0
  0
LINE
  5
63
330
17
100
AcDbEntity
  8
LETTERING_ETCH
100
AcDbLine
 10
-7.77392
 20
-2.361111
 30
0.0
 11
-7.777778
 21
-2.326389
 31
0.0
  0
LINE
  5
64
330
17
100
AcDbEntity
  8
LETTERING_ETCH
100
AcDbLine
 10
-7.777778
 20
-2.326389
 30
0.0
 11
-7.789352
 21
-2.314815
 31
0.0
  0
LINE
  5
65
330
17
100
AcDbEntity
  8
LETTERING_ETCH
100
AcDbLine
 10
-7.789352
 20
-2.314815
 30
0.0
 11
-7.861574
 21
-2.314352
 31
0.0
  0
LINE
  5
66
330
17
100
AcDbEntity
  8
LETTERING_ETCH
100
AcDbLine
 10
-7.861574
 20
-2.314352
 30
0.0
 11
-7.930093
 21
-2.312963
 31
0.0
  0
LINE
  5
67
330
17
100
AcDbEntity
  8
LETTERING_ETCH
100
AcDbLine
 10
-7.930093
 20
-2.312963
 30
0.0
 11
-7.994907
 21
-2.310648
 31
0.0
  0
LINE
  5
68
330
17
100
AcDbEntity
  8
LETTERING_ETCH
100
AcDbLine
 10
-7.994907
 20
-2.310648
 30
0.0
 11
-8.056019
 21
-2.307407
 31
0.0
  0
LINE
  5
69
330
17
100
AcDbEntity
  8
LETTERING_ETCH
100
AcDbLine
 10
-8.056019
 20
-2.307407
 30
0.0
 11
-8.113426
 21
-2.303241
 31
0.0
  0
LINE
  5
6A
330
17
100
AcDbEntity
  8
LETTERING_ETCH
100
AcDbLine
 10
-8.113426
 20
-2.303241
 30
0.0
 11
-8.16713
 21
-2.298148
 31
0.0
  0
LINE
  5
6B
330
17
100
AcDbEntity
  8
LETTERING_ETCH
100
AcDbLine
 10
-8.16713
 20
-2.298148
 30
0.0
 11
-8.21713
 21
-2.29213
 31
0.0
  0
LINE
  5
6C
330
17
100
AcDbEntity
  8
LETTERING_ETCH
100
AcDbLine
 10
-8.21713
 20
-2.29213
 30
0.0
 11
-8.263426
 21
-2.285185
 31
0.0
  0
LINE
  5
6D
330
17
100
AcDbEntity
  8
LETTERING_ETCH
100
AcDbLine
 10
-8.263426
 20
-2.285185
 30
0.0
 11
-8.306019
 21
-2.277315
 31
0.0
  0
LINE
  5
6E
330
17
100
AcDbEntity
  8
LETTERING_ETCH
100
AcDbLine
 10
-8.306019
 20
-2.277315
 30
0.0
 11
-8.344907
 21
-2.268519
 31
0.0
  0
LINE
  5
6F
330
17
100
AcDbEntity
  8
LETTERING_ETCH
100
AcDbLine
 10
-8.344907
 20
-2.268519
 30
0.0
 11
-8.403206
 21
-2.25105
 31
0.0
  0
LINE
  5
70
330
17
100
AcDbEntity
  8
LETTERING_ETCH
100
AcDbLine
 10
-8.403206
 20
-2.25105
 30
0.0
 11
-8.454647
 21
-2.22951
 31
0.0
  0
LINE
  5
71
330
17
100
AcDbEntity
  8
LETTERING_ETCH
100
AcDbLine
 10
-8.454647
 20
-2.22951
 30
0.0
 11
-8.499228
 21
-2.203897
 31
0.0
  0
LINE
  5
72
330
17
100
AcDbEntity
  8
LETTERING_ETCH
100
AcDbLine
 10
-8.499228
 20
-2.203897
 30
0.0
 11
-8.536951
 21
-2.174211
 31
0.0
  0
LINE
  5
73
330
17
100
AcDbEntity
  8
LETTERING_ETCH
100
AcDbLine
 10
-8.536951
 20
-2.174211
 30
0.0
 11
-8.567816
 21
-2.140454
 31
0.0
  0
LINE
  5
74
330
17
100
AcDbEntity
  8
LETTERING_ETCH
100
AcDbLine
 10
-8.567816
 20
-2.140454
 30
0.0
 11
-8.591821
 21
-2.102623
 31
0.0
  0
LINE
  5
75
330
17
100
AcDbEntity
  8
LETTERING_ETCH
100
AcDbLine
 10
-8.591821
 20
-2.102623
 30
0.0
 11
-8.610682
 21
-2.059649
 31
0.0
  0
LINE
  5
76
330
17
100
AcDbEntity
  8
LETTERING_ETCH
100
AcDbLine
 10
-8.610682
 20
-2.059649
 30
0.0
 11
-8.626115
 21
-2.01046
 31
0.0
  0
LINE
  5
77
330
17
100
AcDbEntity
  8
LETTERING_ETCH
100
AcDbLine
 10
-8.626115
 20
-2.01046
 30
0.0
 11
-8.638117
 21
-1.955054
 31
0.0
  0
LINE
  5
78
330
17
100
AcDbEntity
  8
LETTERING_ETCH
100
AcDbLine
 10
-8.638117
 20
-1.955054
 30
0.0
 11
-8.646691
 21
-1.893433
 31
0.0
  0
LINE
  5
79
330
17
100
AcDbEntity
  8
LETTERING_ETCH
100
AcDbLine
 10
-8.646691
 20
-1.893433
 30
0.0
 11
-8.651835
 21
-1.825596
 31
0.0
  0
LINE
  5
7A
330
17
100
AcDbEntity
  8
LETTERING_ETCH
100
AcDbLine
 10
-8.651835
 20
-1.825596
 30
0.0
 11
-8.653549
 21
-1.751543
 31
0.0
  0
LINE
  5
7B
330
17
100
AcDbEntity
  8
LETTERING_ETCH
100
AcDbLine
 10
-8.653549
 20
-1.751543
 30
0.0
 11
-8.653549
 21
-0.09259299999999993
 31
0.0
  0
LINE
  5
7C
330
17
100
AcDbEntity
  8
LETTERING_ETCH
100
AcDbLine
 10
-8.653549
 20
-0.092593
 30
0.0
 11
-8.036265
 21
-0.092593
 31
0.0
  0
LINE
  5
7D
330
17
100
AcDbEntity
  8
LETTERING_ETCH
100
AcDbLine
 10
-8.036265
 20
-0.092593
 30
0.0
 11
-7.963258
 21
-0.093771
 31
0.0
  0
LINE
  5
7E
330
17
100
AcDbEntity
  8
LETTERING_ETCH
100
AcDbLine
 10
-7.963258
 20
-0.093771
 30
0.0
 11
-7.893411
 21
-0.097308
 31
0.0
  0
LINE
  5
7F
330
17
100
AcDbEntity
  8
LETTERING_ETCH
100
AcDbLine
 10
-7.893411
 20
-0.097308
 30
0.0
 11
-7.826726
 21
-0.103202
 31
0.0
  0
LINE
  5
80
330
17
100
AcDbEntity
  8
LETTERING_ETCH
100
AcDbLine
 10
-7.826726
 20
-0.103202
 30
0.0
 11
-7.763203
 21
-0.111454
 31
0.0
  0
LINE
  5
81
330
17
100
AcDbEntity
  8
LETTERING_ETCH
100
AcDbLine
 10
-7.763203
 20
-0.111454
 30
0.0
 11
-7.702841
 21
-0.122064
 31
0.0
  0
LINE
  5
82
330
17
100
AcDbEntity
  8
LETTERING_ETCH
100
AcDbLine
 10
-7.702841
 20
-0.122064
 30
0.0
 11
-7.64564
 21
-0.135031
 31
0.0
  0
LINE
  5
83
330
17
100
AcDbEntity
  8
LETTERING_ETCH
100
AcDbLine
 10
-7.64564
 20
-0.135031
 30
0.0
 11
-7.591601
 21
-0.150356
 31
0.0
  0
LINE
  5
84
330
17
100
AcDbEntity
  8
LETTERING_ETCH
100
AcDbLine
 10
-7.591601
 20
-0.150356
 30
0.0
 11
-7.540724
 21
-0.168038
 31
0.0
  0
LINE
  5
85
330
17
100
AcDbEntity
  8
LETTERING_ETCH
100
AcDbLine
 10
-7.540724
 20
-0.168038
 30
0.0
 11
-7.493007
 21
-0.188079
 31
0.0
  0
LINE
  5
86
330
17
100
AcDbEntity
  8
LETTERING_ETCH
100
AcDbLine
 10
-7.493007
 20
-0.188079
 30
0.0
 11
-7.448453
 21
-0.210477
 31
0.0
  0
LINE
  5
87
330
17
100
AcDbEntity
  8
LETTERING_ETCH
100
AcDbLine
 10
-7.448453
 20
-0.210477
 30
0.0
 11
-7.407059
 21
-0.235232
 31
0.0
  0
LINE
  5
88
330
17
100
AcDbEntity
  8
LETTERING_ETCH
100
AcDbLine
 10
-7.407059
 20
-0.235232
 30
0.0
 11
-7.368827
 21
-0.262346
 31
0.0
  0
LINE
  5
89
330
17
100
AcDbEntity
  8
LETTERING_ETCH
100
AcDbLine
 10
-7.368827
 20
-0.262346
 30
0.0
 11
-7.327045
 21
-0.297762
 31
0.0
  0
LINE
  5
8A
330
17
100
AcDbEntity
  8
LETTERING_ETCH
100
AcDbLine
 10
-7.327045
 20
-0.297762
 30
0.0
 11
-7.28966
 21
-0.336111
 31
0.0
  0
LINE
  5
8B
330
17
100
AcDbEntity
  8
LETTERING_ETCH
100
AcDbLine
 10
-7.28966
 20
-0.336111
 30
0.0
 11
-7.256674
 21
-0.377392
 31
0.0
  0
LINE
  5
8C
330
17
100
AcDbEntity
  8
LETTERING_ETCH
100
AcDbLine
 10
-7.256674
 20
-0.377392
 30
0.0
 11
-7.228086
 21
-0.421605
 31
0.0
  0
LINE
  5
8D
330
17
100
AcDbEntity
  8
LETTERING_ETCH
100
AcDbLine
 10
-7.228086
 20
-0.421605
 30
0.0
 11
-7.203897
 21
-0.46875
 31
0.0
  0
LINE
  5
8E
330
17
100
AcDbEntity
  8
LETTERING_ETCH
100
AcDbLine
 10
-7.203897
 20
-0.46875
 30
0.0
 11
-7.184105
 21
-0.518827
 31
0.0
  0
LINE
  5
8F
330
17
100
AcDbEntity
  8
LETTERING_ETCH
100
AcDbLine
 10
-7.184105
 20
-0.518827
 30
0.0
 11
-7.168711
 21
-0.571836
 31
0.0
  0
LINE
  5
90
330
17
100
AcDbEntity
  8
LETTERING_ETCH
100
AcDbLine
 10
-7.168711
 20
-0.571836
 30
0.0
 11
-7.157716
 21
-0.627778
 31
0.0
  0
LINE
  5
91
330
17
100
AcDbEntity
  8
LETTERING_ETCH
100
AcDbLine
 10
-7.157716
 20
-0.627778
 30
0.0
 11
-7.151119
 21
-0.686651
 31
0.0
  0
LINE
  5
92
330
17
100
AcDbEntity
  8
LETTERING_ETCH
100
AcDbLine
 10
-7.151119
 20
-0.686651
 30
0.0
 11
-7.14892
 21
-0.748457
 31
0.0
  0
LINE
  5
93
330
17
100
AcDbEntity
  8
LETTERING_ETCH
100
AcDbLine
 10
-7.14892
 20
-0.748457
 30
0.0
 11
-7.137346
 21
-0.765818
 31
0.0
  0
LINE
  5
94
330
17
100
AcDbEntity
  8
LETTERING_ETCH
100
AcDbLine
 10
-7.137346
 20
-0.765818
 30
0.0
 11
-7.102623
 21
-0.771605
 31
0.0
  0
LINE
  5
95
330
17
100
AcDbEntity
  8
LETTERING_ETCH
100
AcDbLine
 10
-7.102623
 20
-0.771605
 30
0.0
 11
-7.067901
 21
-0.765818
 31
0.0
  0
LINE
  5
96
330
17
100
AcDbEntity
  8
LETTERING_ETCH
100
AcDbLine
 10
-7.067901
 20
-0.765818
 30
0.0
 11
-7.056327
 21
-0.748457
 31
0.0
  0
LINE
  5
97
330
17
100
AcDbEntity
  8
LETTERING_ETCH
100
AcDbLine
 10
-7.056327
 20
-0.748457
 30
0.0
 11
-7.056485
 21
-0.689484
 31
0.0
  0
LINE
  5
98
330
17
100
AcDbEntity
  8
LETTERING_ETCH
100
AcDbLine
 10
-7.056485
 20
-0.689484
 30
0.0
 11
-7.056957
 21
-0.631614
 31
0.0
  0
LINE
  5
99
330
17
100
AcDbEntity
  8
LETTERING_ETCH
100
AcDbLine
 10
-7.056957
 20
-0.631614
 30
0.0
 11
-7.057744
 21
-0.574846
 31
0.0
  0
LINE
  5
9A
330
17
100
AcDbEntity
  8
LETTERING_ETCH
100
AcDbLine
 10
-7.057744
 20
-0.574846
 30
0.0
 11
-7.058847
 21
-0.51918
 31
0.0
  0
LINE
  5
9B
330
17
100
AcDbEntity
  8
LETTERING_ETCH
100
AcDbLine
 10
-7.058847
 20
-0.51918
 30
0.0
 11
-7.060264
 21
-0.464616
 31
0.0
  0
LINE
  5
9C
330
17
100
AcDbEntity
  8
LETTERING_ETCH
100
AcDbLine
 10
-7.060264
 20
-0.464616
 30
0.0
 11
-7.061996
 21
-0.411155
 31
0.0
  0
LINE
  5
9D
330
17
100
AcDbEntity
  8
LETTERING_ETCH
100
AcDbLine
 10
-7.061996
 20
-0.411155
 30
0.0
 11
-7.064043
 21
-0.358796
 31
0.0
  0
LINE
  5
9E
330
17
100
AcDbEntity
  8
LETTERING_ETCH
100
AcDbLine
 10
-7.064043
 20
-0.358796
 30
0.0
 11
-7.066401
 21
-0.298247
 31
0.0
  0
LINE
  5
9F
330
17
100
AcDbEntity
  8
LETTERING_ETCH
100
AcDbLine
 10
-7.066401
 20
-0.298247
 30
0.0
 11
-7.06833
 21
-0.237483
 31
0.0
  0
LINE
  5
A0
330
17
100
AcDbEntity
  8
LETTERING_ETCH
100
AcDbLine
 10
-7.06833
 20
-0.237483
 30
0.0
 11
-7.06983
 21
-0.176505
 31
0.0
  0
LINE
  5
A1
330
17
100
AcDbEntity
  8
LETTERING_ETCH
100
AcDbLine
 10
-7.06983
 20
-0.176505
 30
0.0
 11
-7.070902
 21
-0.115312
 31
0.0
  0
LINE
  5
A2
330
17
100
AcDbEntity
  8
LETTERING_ETCH
100
AcDbLine
 10
-7.070902
 20
-0.115312
 30
0.0
 11
-7.071545
 21
-0.053905
 31
0.0
  0
LINE
  5
A3
330
17
100
AcDbEntity
  8
LETTERING_ETCH
100
AcDbLine
 10
-7.071545
 20
-0.053905
 30
0.0
 11
-7.071759
 21
0.007716000000000001
 31
0.0
  0
LINE
  5
A4
330
17
100
AcDbEntity
  8
LETTERING_ETCH
100
AcDbLine
 10
-7.071759
 20
0.007716
 30
0.0
 11
-7.071605
 21
0.066049
 31
0.0
  0
LINE
  5
A5
330
17
100
AcDbEntity
  8
LETTERING_ETCH
100
AcDbLine
 10
-7.071605
 20
0.066049
 30
0.0
 11
-7.071142
 21
0.123765
 31
0.0
  0
LINE
  5
A6
330
17
100
AcDbEntity
  8
LETTERING_ETCH
100
AcDbLine
 10
-7.071142
 20
0.123765
 30
0.0
 11
-7.07037
 21
0.180864
 31
0.0
  0
LINE
  5
A7
330
17
100
AcDbEntity
  8
LETTERING_ETCH
100
AcDbLine
 10
-7.07037
 20
0.180864
 30
0.0
 11
-7.06929
 21
0.237346
 31
0.0
  0
LINE
  5
A8
330
17
100
AcDbEntity
  8
LETTERING_ETCH
100
AcDbLine
 10
-7.06929
 20
0.237346
 30
0.0
 11
-7.067901
 21
0.29321
 31
0.0
  0
LINE
  5
A9
330
17
100
AcDbEntity
  8
LETTERING_ETCH
100
AcDbLine
 10
-7.067901
 20
0.29321
 30
0.0
 11
-7.066878
 21
0.335254
 31
0.0
  0
LINE
  5
AA
330
17
100
AcDbEntity
  8
LETTERING_ETCH
100
AcDbLine
 10
-7.066878
 20
0.335254
 30
0.0
 11
-7.066012
 21
0.382023
 31
0.0
  0
LINE
  5
AB
330
17
100
AcDbEntity
  8
LETTERING_ETCH
100
AcDbLine
 10
-7.066012
 20
0.382023
 30
0.0
 11
-7.065303
 21
0.433516
 31
0.0
  0
LINE
  5
AC
330
17
100
AcDbEntity
  8
LETTERING_ETCH
100
AcDbLine
 10
-7.065303
 20
0.433516
 30
0.0
 11
-7.064752
 21
0.489733
 31
0.0
  0
LINE
  5
AD
330
17
100
AcDbEntity
  8
LETTERING_ETCH
100
AcDbLine
 10
-7.064752
 20
0.489733
 30
0.0
 11
-7.064358
 21
0.550674
 31
0.0
  0
LINE
  5
AE
330
17
100
AcDbEntity
  8
LETTERING_ETCH
100
AcDbLine
 10
-7.064358
 20
0.550674
 30
0.0
 11
-7.064122
 21
0.616339
 31
0.0
  0
LINE
  5
AF
330
17
100
AcDbEntity
  8
LETTERING_ETCH
100
AcDbLine
 10
-7.064122
 20
0.616339
 30
0.0
 11
-7.064043
 21
0.686728
 31
0.0
  0
LINE
  5
B0
330
17
100
AcDbEntity
  8
LETTERING_ETCH
100
AcDbLine
 10
-7.064043
 20
0.686728
 30
0.0
 11
-7.075617
 21
0.698302
 31
0.0
  0
LINE
  5
B1
330
17
100
AcDbEntity
  8
LETTERING_ETCH
100
AcDbLine
 10
-7.075617
 20
0.698302
 30
0.0
 11
-7.11034
 21
0.70216
 31
0.0
  0
LINE
  5
B2
330
17
100
AcDbEntity
  8
LETTERING_ETCH
100
AcDbLine
 10
-7.11034
 20
0.70216
 30
0.0
 11
-7.145062
 21
0.698302
 31
0.0
  0
LINE
  5
B3
330
17
100
AcDbEntity
  8
LETTERING_ETCH
100
AcDbLine
 10
-7.145062
 20
0.698302
 30
0.0
 11
-7.156636
 21
0.686728
 31
0.0
  0
LINE
  5
B4
330
17
100
AcDbEntity
  8
LETTERING_ETCH
100
AcDbLine
 10
-7.156636
 20
0.686728
 30
0.0
 11
-7.159255
 21
0.626572
 31
0.0
  0
LINE
  5
B5
330
17
100
AcDbEntity
  8
LETTERING_ETCH
100
AcDbLine
 10
-7.159255
 20
0.626572
 30
0.0
 11
-7.167114
 21
0.569559
 31
0.0
  0
LINE
  5
B6
330
17
100
AcDbEntity
  8
LETTERING_ETCH
100
AcDbLine
 10
-7.167114
 20
0.569559
 30
0.0
 11
-7.180213
 21
0.515689
 31
0.0
  0
LINE
  5
B7
330
17
100
AcDbEntity
  8
LETTERING_ETCH
100
AcDbLine
 10
-7.180213
 20
0.515689
 30
0.0
 11
-7.19855
 21
0.464963
 31
0.0
  0
LINE
  5
B8
330
17
100
AcDbEntity
  8
LETTERING_ETCH
100
AcDbLine
 10
-7.19855
 20
0.464963
 30
0.0
 11
-7.222127
 21
0.417381
 31
0.0
  0
LINE
  5
B9
330
17
100
AcDbEntity
  8
LETTERING_ETCH
100
AcDbLine
 10
-7.222127
 20
0.417381
 30
0.0
 11
-7.250943
 21
0.372942
 31
0.0
  0
LINE
  5
BA
330
17
100
AcDbEntity
  8
LETTERING_ETCH
100
AcDbLine
 10
-7.250943
 20
0.372942
 30
0.0
 11
-7.284998
 21
0.331647
 31
0.0
  0
LINE
  5
BB
330
17
100
AcDbEntity
  8
LETTERING_ETCH
100
AcDbLine
 10
-7.284998
 20
0.331647
 30
0.0
 11
-7.324293
 21
0.293496
 31
0.0
  0
LINE
  5
BC
330
17
100
AcDbEntity
  8
LETTERING_ETCH
100
AcDbLine
 10
-7.324293
 20
0.293496
 30
0.0
 11
-7.368827
 21
0.258488
 31
0.0
  0
LINE
  5
BD
330
17
100
AcDbEntity
  8
LETTERING_ETCH
100
AcDbLine
 10
-7.368827
 20
0.258488
 30
0.0
 11
-7.405773
 21
0.234455
 31
0.0
  0
LINE
  5
BE
330
17
100
AcDbEntity
  8
LETTERING_ETCH
100
AcDbLine
 10
-7.405773
 20
0.234455
 30
0.0
 11
-7.44588
 21
0.212513
 31
0.0
  0
LINE
  5
BF
330
17
100
AcDbEntity
  8
LETTERING_ETCH
100
AcDbLine
 10
-7.44588
 20
0.212513
 30
0.0
 11
-7.489149
 21
0.19266
 31
0.0
  0
LINE
  5
C0
330
17
100
AcDbEntity
  8
LETTERING_ETCH
100
AcDbLine
 10
-7.489149
 20
0.19266
 30
0.0
 11
-7.53558
 21
0.174897
 31
0.0
  0
LINE
  5
C1
330
17
100
AcDbEntity
  8
LETTERING_ETCH
100
AcDbLine
 10
-7.53558
 20
0.174897
 30
0.0
 11
-7.585171
 21
0.159224
 31
0.0
  0
LINE
  5
C2
330
17
100
AcDbEntity
  8
LETTERING_ETCH
100
AcDbLine
 10
-7.585171
 20
0.159224
 30
0.0
 11
-7.637924
 21
0.14564
 31
0.0
  0
LINE
  5
C3
330
17
100
AcDbEntity
  8
LETTERING_ETCH
100
AcDbLine
 10
-7.637924
 20
0.14564
 30
0.0
 11
-7.693839
 21
0.134147
 31
0.0
  0
LINE
  5
C4
330
17
100
AcDbEntity
  8
LETTERING_ETCH
100
AcDbLine
 10
-7.693839
 20
0.134147
 30
0.0
 11
-7.752915
 21
0.124743
 31
0.0
  0
LINE
  5
C5
330
17
100
AcDbEntity
  8
LETTERING_ETCH
100
AcDbLine
 10
-7.752915
 20
0.124743
 30
0.0
 11
-7.815152
 21
0.117429
 31
0.0
  0
LINE
  5
C6
330
17
100
AcDbEntity
  8
LETTERING_ETCH
100
AcDbLine
 10
-7.815152
 20
0.117429
 30
0.0
 11
-7.880551
 21
0.112204
 31
0.0
  0
LINE
  5
C7
330
17
100
AcDbEntity
  8
LETTERING_ETCH
100
AcDbLine
 10
-7.880551
 20
0.112204
 30
0.0
 11
-7.949112
 21
0.10907
 31
0.0
  0
LINE
  5
C8
330
17
100
AcDbEntity
  8
LETTERING_ETCH
100
AcDbLine
 10
-7.949112
 20
0.10907
 30
0.0
 11
-8.020833
 21
0.108025
 31
0.0
  0
LINE
  5
C9
330
17
100
AcDbEntity
  8
LETTERING_ETCH
100
AcDbLine
 10
-8.020833
 20
0.108025
 30
0.0
 11
-8.653549
 21
0.108025
 31
0.0
  0
LINE
  5
CA
330
17
100
AcDbEntity
  8
LETTERING_ETCH
100
AcDbLine
 10
-8.653549
 20
0.108025
 30
0.0
 11
-8.653549
 21
1.782407
 31
0.0
  0
LINE
  5
CB
330
17
100
AcDbEntity
  8
LETTERING_ETCH
100
AcDbLine
 10
-8.653549
 20
1.782407
 30
0.0
 11
-8.651266
 21
1.845868
 31
0.0
  0
LINE
  5
CC
330
17
100
AcDbEntity
  8
LETTERING_ETCH
100
AcDbLine
 10
-8.651266
 20
1.845868
 30
0.0
 11
-8.644416
 21
1.903975
 31
0.0
  0
LINE
  5
CD
330
17
100
AcDbEntity
  8
LETTERING_ETCH
100
AcDbLine
 10
-8.644416
 20
1.903975
 30
0.0
 11
-8.632999
 21
1.956727
 31
0.0
  0
LINE
  5
CE
330
17
100
AcDbEntity
  8
LETTERING_ETCH
100
AcDbLine
 10
-8.632999
 20
1.956727
 30
0.0
 11
-8.617016
 21
2.004126
 31
0.0
  0
LINE
  5
CF
330
17
100
AcDbEntity
  8
LETTERING_ETCH
100
AcDbLine
 10
-8.617016
 20
2.004126
 30
0.0
 11
-8.596466
 21
2.04617
 31
0.0
  0
LINE
  5
D0
330
17
100
AcDbEntity
  8
LETTERING_ETCH
100
AcDbLine
 10
-8.596466
 20
2.04617
 30
0.0
 11
-8.57135
 21
2.082861
 31
0.0
  0
LINE
  5
D1
330
17
100
AcDbEntity
  8
LETTERING_ETCH
100
AcDbLine
 10
-8.57135
 20
2.082861
 30
0.0
 11
-8.541667
 21
2.114198
 31
0.0
  0
LINE
  5
D2
330
17
100
AcDbEntity
  8
LETTERING_ETCH
100
AcDbLine
 10
-8.541667
 20
2.114198
 30
0.0
 11
-8.510983
 21
2.137707
 31
0.0
  0
LINE
  5
D3
330
17
100
AcDbEntity
  8
LETTERING_ETCH
100
AcDbLine
 10
-8.510983
 20
2.137707
 30
0.0
 11
-8.474875
 21
2.158083
 31
0.0
  0
LINE
  5
D4
330
17
100
AcDbEntity
  8
LETTERING_ETCH
100
AcDbLine
 10
-8.474875
 20
2.158083
 30
0.0
 11
-8.433341
 21
2.175323
 31
0.0
  0
LINE
  5
D5
330
17
100
AcDbEntity
  8
LETTERING_ETCH
100
AcDbLine
 10
-8.433341
 20
2.175323
 30
0.0
 11
-8.386381
 21
2.189429
 31
0.0
  0
LINE
  5
D6
330
17
100
AcDbEntity
  8
LETTERING_ETCH
100
AcDbLine
 10
-8.386381
 20
2.189429
 30
0.0
 11
-8.333996
 21
2.2004
 31
0.0
  0
LINE
  5
D7
330
17
100
AcDbEntity
  8
LETTERING_ETCH
100
AcDbLine
 10
-8.333996
 20
2.2004
 30
0.0
 11
-8.276186
 21
2.208237
 31
0.0
  0
LINE
  5
D8
330
17
100
AcDbEntity
  8
LETTERING_ETCH
100
AcDbLine
 10
-8.276186
 20
2.208237
 30
0.0
 11
-8.212951
 21
2.212939
 31
0.0
  0
LINE
  5
D9
330
17
100
AcDbEntity
  8
LETTERING_ETCH
100
AcDbLine
 10
-8.212951
 20
2.212939
 30
0.0
 11
-8.14429
 21
2.214506
 31
0.0
  0
LINE
  5
DA
330
17
100
AcDbEntity
  8
LETTERING_ETCH
100
AcDbLine
 10
-8.14429
 20
2.214506
 30
0.0
 11
-7.827932
 21
2.214506
 31
0.0
  0
LINE
  5
DB
330
17
100
AcDbEntity
  8
LETTERING_ETCH
100
AcDbLine
 10
-7.827932
 20
2.214506
 30
0.0
 11
-7.761273
 21
2.213228
 31
0.0
  0
LINE
  5
DC
330
17
100
AcDbEntity
  8
LETTERING_ETCH
100
AcDbLine
 10
-7.761273
 20
2.213228
 30
0.0
 11
-7.696622
 21
2.209393
 31
0.0
  0
LINE
  5
DD
330
17
100
AcDbEntity
  8
LETTERING_ETCH
100
AcDbLine
 10
-7.696622
 20
2.209393
 30
0.0
 11
-7.633981
 21
2.203001
 31
0.0
  0
LINE
  5
DE
330
17
100
AcDbEntity
  8
LETTERING_ETCH
100
AcDbLine
 10
-7.633981
 20
2.203001
 30
0.0
 11
-7.573348
 21
2.194052
 31
0.0
  0
LINE
  5
DF
330
17
100
AcDbEntity
  8
LETTERING_ETCH
100
AcDbLine
 10
-7.573348
 20
2.194052
 30
0.0
 11
-7.514724
 21
2.182546
 31
0.0
  0
LINE
  5
E0
330
17
100
AcDbEntity
  8
LETTERING_ETCH
100
AcDbLine
 10
-7.514724
 20
2.182546
 30
0.0
 11
-7.45811
 21
2.168484
 31
0.0
  0
LINE
  5
E1
330
17
100
AcDbEntity
  8
LETTERING_ETCH
100
AcDbLine
 10
-7.45811
 20
2.168484
 30
0.0
 11
-7.403504
 21
2.151865
 31
0.0
  0
LINE
  5
E2
330
17
100
AcDbEntity
  8
LETTERING_ETCH
100
AcDbLine
 10
-7.403504
 20
2.151865
 30
0.0
 11
-7.350907
 21
2.132689
 31
0.0
  0
LINE
  5
E3
330
17
100
AcDbEntity
  8
LETTERING_ETCH
100
AcDbLine
 10
-7.350907
 20
2.132689
 30
0.0
 11
-7.300319
 21
2.110956
 31
0.0
  0
LINE
  5
E4
330
17
100
AcDbEntity
  8
LETTERING_ETCH
100
AcDbLine
 10
-7.300319
 20
2.110956
 30
0.0
 11
-7.25174
 21
2.086666
 31
0.0
  0
LINE
  5
E5
330
17
100
AcDbEntity
  8
LETTERING_ETCH
100
AcDbLine
 10
-7.25174
 20
2.086666
 30
0.0
 11
-7.205169
 21
2.05982
 31
0.0
  0
LINE
  5
E6
330
17
100
AcDbEntity
  8
LETTERING_ETCH
100
AcDbLine
 10
-7.205169
 20
2.05982
 30
0.0
 11
-7.160608
 21
2.030417
 31
0.0
  0
LINE
  5
E7
330
17
100
AcDbEntity
  8
LETTERING_ETCH
100
AcDbLine
 10
-7.160608
 20
2.030417
 30
0.0
 11
-7.118056
 21
1.998457
 31
0.0
  0
LINE
  5
E8
330
17
100
AcDbEntity
  8
LETTERING_ETCH
100
AcDbLine
 10
-7.118056
 20
1.998457
 30
0.0
 11
-7.077603
 21
1.963894
 31
0.0
  0
LINE
  5
E9
330
17
100
AcDbEntity
  8
LETTERING_ETCH
100
AcDbLine
 10
-7.077603
 20
1.963894
 30
0.0
 11
-7.039343
 21
1.926684
 31
0.0
  0
LINE
  5
EA
330
17
100
AcDbEntity
  8
LETTERING_ETCH
100
AcDbLine
 10
-7.039343
 20
1.926684
 30
0.0
 11
-7.003274
 21
1.886825
 31
0.0
  0
LINE
  5
EB
330
17
100
AcDbEntity
  8
LETTERING_ETCH
100
AcDbLine
 10
-7.003274
 20
1.886825
 30
0.0
 11
-6.969396
 21
1.844318
 31
0.0
  0
LINE
  5
EC
330
17
100
AcDbEntity
  8
LETTERING_ETCH
100
AcDbLine
 10
-6.969396
 20
1.844318
 30
0.0
 11
-6.93771
 21
1.799164
 31
0.0
  0
LINE
  5
ED
330
17
100
AcDbEntity
  8
LETTERING_ETCH
100
AcDbLine
 10
-6.93771
 20
1.799164
 30
0.0
 11
-6.908216
 21
1.751361
 31
0.0
  0
LINE
  5
EE
330
17
100
AcDbEntity
  8
LETTERING_ETCH
100
AcDbLine
 10
-6.908216
 20
1.751361
 30
0.0
 11
-6.880913
 21
1.700909
 31
0.0
  0
LINE
  5
EF
330
17
100
AcDbEntity
  8
LETTERING_ETCH
100
AcDbLine
 10
-6.880913
 20
1.700909
 30
0.0
 11
-6.855801
 21
1.64781
 31
0.0
  0
LINE
  5
F0
330
17
100
AcDbEntity
  8
LETTERING_ETCH
100
AcDbLine
 10
-6.855801
 20
1.64781
 30
0.0
 11
-6.832881
 21
1.592063
 31
0.0
  0
LINE
  5
F1
330
17
100
AcDbEntity
  8
LETTERING_ETCH
100
AcDbLine
 10
-6.832881
 20
1.592063
 30
0.0
 11
-6.812153
 21
1.533668
 31
0.0
  0
LINE
  5
F2
330
17
100
AcDbEntity
  8
LETTERING_ETCH
100
AcDbLine
 10
-6.812153
 20
1.533668
 30
0.0
 11
-6.793616
 21
1.472624
 31
0.0
  0
LINE
  5
F3
330
17
100
AcDbEntity
  8
LETTERING_ETCH
100
AcDbLine
 10
-6.793616
 20
1.472624
 30
0.0
 11
-6.777271
 21
1.408932
 31
0.0
  0
LINE
  5
F4
330
17
100
AcDbEntity
  8
LETTERING_ETCH
100
AcDbLine
 10
-6.777271
 20
1.408932
 30
0.0
 11
-6.763117
 21
1.342593
 31
0.0
  0
LINE
  5
F5
330
17
100
AcDbEntity
  8
LETTERING_ETCH
100
AcDbLine
 10
-6.763117
 20
1.342593
 30
0.0
 11
-6.741898
 21
1.326196
 31
0.0
  0
LINE
  5
F6
330
17
100
AcDbEntity
  8
LETTERING_ETCH
100
AcDbLine
 10
-6.741898
 20
1.326196
 30
0.0
 11
-6.709105
 21
1.323302
 31
0.0
  0
LINE
  5
F7
330
17
100
AcDbEntity
  8
LETTERING_ETCH
100
AcDbLine
 10
-6.709105
 20
1.323302
 30
0.0
 11
-6.68017
 21
1.330054
 31
0.0
  0
LINE
  5
F8
330
17
100
AcDbEntity
  8
LETTERING_ETCH
100
AcDbLine
 10
-6.68017
 20
1.330054
 30
0.0
 11
-6.670525
 21
1.342593
 31
0.0
  0
LINE
  5
F9
330
17
100
AcDbEntity
  8
LETTERING_ETCH
100
AcDbLine
 10
-6.670525
 20
1.342593
 30
0.0
 11
-6.685957
 21
2.345679
 31
0.0
  0
LINE
  5
FA
330
17
100
AcDbEntity
  8
LETTERING_ETCH
100
AcDbLine
 10
-6.685957
 20
2.345679
 30
0.0
 11
-6.69453
 21
2.384259
 31
0.0
  0
LINE
  5
FB
330
17
100
AcDbEntity
  8
LETTERING_ETCH
100
AcDbLine
 10
-6.69453
 20
2.384259
 30
0.0
 11
-6.72025
 21
2.407407
 31
0.0
  0
LINE
  5
FC
330
17
100
AcDbEntity
  8
LETTERING_ETCH
100
AcDbLine
 10
-6.72025
 20
2.407407
 30
0.0
 11
-6.763117
 21
2.415123
 31
0.0
  0
LINE
  5
FD
330
17
100
AcDbEntity
  8
LETTERING_ETCH
100
AcDbLine
 10
-6.763117
 20
2.415123
 30
0.0
 11
-9.972994
 21
2.415123
 31
0.0
  0
LINE
  5
FE
330
17
100
AcDbEntity
  8
LETTERING_ETCH
100
AcDbLine
 10
-9.972994
 20
2.415123
 30
0.0
 11
-9.990355
 21
2.403549
 31
0.0
  0
LINE
  5
FF
330
17
100
AcDbEntity
  8
LETTERING_ETCH
100
AcDbLine
 10
-9.990355
 20
2.403549
 30
0.0
 11
-9.996142
 21
2.368827
 31
0.0
  0
LINE
  5
100
330
17
100
AcDbEntity
  8
LETTERING_ETCH
100
AcDbLine
 10
-9.996142
 20
2.368827
 30
0.0
 11
-9.990355
 21
2.334105
 31
0.0
  0
LINE
  5
101
330
17
100
AcDbEntity
  8
LETTERING_ETCH
100
AcDbLine
 10
-9.990355
 20
2.334105
 30
0.0
 11
-9.972994
 21
2.322531
 31
0.0
  0
LINE
  5
102
330
17
100
AcDbEntity
  8
LETTERING_ETCH
100
AcDbLine
 10
-9.972994
 20
2.322531
 30
0.0
 11
-9.90292
 21
2.321665
 31
0.0
  0
LINE
  5
103
330
17
100
AcDbEntity
  8
LETTERING_ETCH
100
AcDbLine
 10
-9.90292
 20
2.321665
 30
0.0
 11
-9.838199
 21
2.319067
 31
0.0
  0
LINE
  5
104
330
17
100
AcDbEntity
  8
LETTERING_ETCH
100
AcDbLine
 10
-9.838199
 20
2.319067
 30
0.0
 11
-9.778833
 21
2.314736
 31
0.0
  0
LINE
  5
105
330
17
100
AcDbEntity
  8
LETTERING_ETCH
100
AcDbLine
 10
-9.778833
 20
2.314736
 30
0.0
 11
-9.72482
 21
2.308673
 31
0.0
  0
LINE
  5
106
330
17
100
AcDbEntity
  8
LETTERING_ETCH
100
AcDbLine
 10
-9.72482
 20
2.308673
 30
0.0
 11
-9.676162
 21
2.300879
 31
0.0
  0
LINE
  5
107
330
17
100
AcDbEntity
  8
LETTERING_ETCH
100
AcDbLine
 10
-9.676162
 20
2.300879
 30
0.0
 11
-9.632858
 21
2.291352
 31
0.0
  0
LINE
  5
108
330
17
100
AcDbEntity
  8
LETTERING_ETCH
100
AcDbLine
 10
-9.632858
 20
2.291352
 30
0.0
 11
-9.594907
 21
2.280093
 31
0.0
  0
LINE
  5
109
330
17
100
AcDbEntity
  8
LETTERING_ETCH
100
AcDbLine
 10
-9.594907
 20
2.280093
 30
0.0
 11
-9.548765
 21
2.26034
 31
0.0
  0
LINE
  5
10A
330
17
100
AcDbEntity
  8
LETTERING_ETCH
100
AcDbLine
 10
-9.548765
 20
2.26034
 30
0.0
 11
-9.509105
 21
2.235031
 31
0.0
  0
LINE
  5
10B
330
17
100
AcDbEntity
  8
LETTERING_ETCH
100
AcDbLine
 10
-9.509105
 20
2.235031
 30
0.0
 11
-9.475926
 21
2.204167
 31
0.0
  0
LINE
  5
10C
330
17
100
AcDbEntity
  8
LETTERING_ETCH
100
AcDbLine
 10
-9.475926
 20
2.204167
 30
0.0
 11
-9.449228
 21
2.167747
 31
0.0
  0
LINE
  5
10D
330
17
100
AcDbEntity
  8
LETTERING_ETCH
100
AcDbLine
 10
-9.449228
 20
2.167747
 30
0.0
 11
-9.429012
 21
2.125772
 31
0.0
  0
LINE
  5
10E
330
17
100
AcDbEntity
  8
LETTERING_ETCH
100
AcDbLine
 10
-9.429012
 20
2.125772
 30
0.0
 11
-9.416045
 21
2.08537
 31
0.0
  0
LINE
  5
10F
330
17
100
AcDbEntity
  8
LETTERING_ETCH
100
AcDbLine
 10
-9.416045
 20
2.08537
 30
0.0
 11
-9.405436
 21
2.038752
 31
0.0
  0
LINE
  5
110
330
17
100
AcDbEntity
  8
LETTERING_ETCH
100
AcDbLine
 10
-9.405436
 20
2.038752
 30
0.0
 11
-9.397184
 21
1.985918
 31
0.0
  0
LINE
  5
111
330
17
100
AcDbEntity
  8
LETTERING_ETCH
100
AcDbLine
 10
-9.397184
 20
1.985918
 30
0.0
 11
-9.391289
 21
1.926869
 31
0.0
  0
LINE
  5
112
330
17
100
AcDbEntity
  8
LETTERING_ETCH
100
AcDbLine
 10
-9.391289
 20
1.926869
 30
0.0
 11
-9.387753
 21
1.861604
 31
0.0
  0
LINE
  5
113
330
17
100
AcDbEntity
  8
LETTERING_ETCH
100
AcDbLine
 10
-9.387753
 20
1.861604
 30
0.0
 11
-9.386574
 21
1.790123
 31
0.0
  0
LINE
  5
114
330
17
100
AcDbEntity
  8
LETTERING_ETCH
100
AcDbLine
 10
-9.386574
 20
1.790123
 30
0.0
 11
-9.386574
 21
-1.782407
 31
0.0
  0
LINE
  5
115
330
17
100
AcDbEntity
  8
LETTERING_ETCH
100
AcDbLine
 10
-9.386574
 20
-1.782407
 30
0.0
 11
-9.38786
 21
-1.853995
 31
0.0
  0
LINE
  5
116
330
17
100
AcDbEntity
  8
LETTERING_ETCH
100
AcDbLine
 10
-9.38786
 20
-1.853995
 30
0.0
 11
-9.391718
 21
-1.919582
 31
0.0
  0
LINE
  5
117
330
17
100
AcDbEntity
  8
LETTERING_ETCH
100
AcDbLine
 10
-9.391718
 20
-1.919582
 30
0.0
 11
-9.398148
 21
-1.979167
 31
0.0
  0
LINE
  5
118
330
17
100
AcDbEntity
  8
LETTERING_ETCH
100
AcDbLine
 10
-9.398148
 20
-1.979167
 30
0.0
 11
-9.40715
 21
-2.03275
 31
0.0
  0
LINE
  5
119
330
17
100
AcDbEntity
  8
LETTERING_ETCH
100
AcDbLine
 10
-9.40715
 20
-2.03275
 30
0.0
 11
-9.418724
 21
-2.080333
 31
0.0
  0
LINE
  5
11A
330
17
100
AcDbEntity
  8
LETTERING_ETCH
100
AcDbLine
 10
-9.418724
 20
-2.080333
 30
0.0
 11
-9.43287
 21
-2.121914
 31
0.0
  0
LINE
  5
11B
330
17
100
AcDbEntity
  8
LETTERING_ETCH
100
AcDbLine
 10
-9.43287
 20
-2.121914
 30
0.0
 11
-9.454784
 21
-2.165123
 31
0.0
  0
LINE
  5
11C
330
17
100
AcDbEntity
  8
LETTERING_ETCH
100
AcDbLine
 10
-9.454784
 20
-2.165123
 30
0.0
 11
-9.483488
 21
-2.20216
 31
0.0
  0
LINE
  5
11D
330
17
100
AcDbEntity
  8
LETTERING_ETCH
100
AcDbLine
 10
-9.483488
 20
-2.20216
 30
0.0
 11
-9.518981
 21
-2.233025
 31
0.0
  0
LINE
  5
11E
330
17
100
AcDbEntity
  8
LETTERING_ETCH
100
AcDbLine
 10
-9.518981
 20
-2.233025
 30
0.0
 11
-9.561265
 21
-2.257716
 31
0.0
  0
LINE
  5
11F
330
17
100
AcDbEntity
  8
LETTERING_ETCH
100
AcDbLine
 10
-9.561265
 20
-2.257716
 30
0.0
 11
-9.61034
 21
-2.276235
 31
0.0
  0
LINE
  5
120
330
17
100
AcDbEntity
  8
LETTERING_ETCH
100
AcDbLine
 10
-9.61034
 20
-2.276235
 30
0.0
 11
-9.650652
 21
-2.28647
 31
0.0
  0
LINE
  5
121
330
17
100
AcDbEntity
  8
LETTERING_ETCH
100
AcDbLine
 10
-9.650652
 20
-2.28647
 30
0.0
 11
-9.696633
 21
-2.295131
 31
0.0
  0
LINE
  5
122
330
17
100
AcDbEntity
  8
LETTERING_ETCH
100
AcDbLine
 10
-9.696633
 20
-2.295131
 30
0.0
 11
-9.748284
 21
-2.302217
 31
0.0
  0
LINE
  5
123
330
17
100
AcDbEntity
  8
LETTERING_ETCH
100
AcDbLine
 10
-9.748284
 20
-2.302217
 30
0.0
 11
-9.805603
 21
-2.307729
 31
0.0
  0
LINE
  5
124
330
17
100
AcDbEntity
  8
LETTERING_ETCH
100
AcDbLine
 10
-9.805603
 20
-2.307729
 30
0.0
 11
-9.868591
 21
-2.311665
 31
0.0
  0
LINE
  5
125
330
17
100
AcDbEntity
  8
LETTERING_ETCH
100
AcDbLine
 10
-9.868591
 20
-2.311665
 30
0.0
 11
-9.937248
 21
-2.314027
 31
0.0
  0
LINE
  5
126
330
17
100
AcDbEntity
  8
LETTERING_ETCH
100
AcDbLine
 10
-9.937248
 20
-2.314027
 30
0.0
 11
-10.011574
 21
-2.314815
 31
0.0
  0
LINE
  5
127
330
17
100
AcDbEntity
  8
LETTERING_ETCH
100
AcDbLine
 10
-10.011574
 20
-2.314815
 30
0.0
 11
-10.028935
 21
-2.326389
 31
0.0
  0
LINE
  5
128
330
17
100
AcDbEntity
  8
LETTERING_ETCH
100
AcDbLine
 10
-10.028935
 20
-2.326389
 30
0.0
 11
-10.034722
 21
-2.361111
 31
0.0
  0
LINE
  5
129
330
17
100
AcDbEntity
  8
LETTERING_ETCH
100
AcDbLine
 10
-10.034722
 20
-2.361111
 30
0.0
 11
-10.028935
 21
-2.395833
 31
0.0
  0
LINE
  5
12A
330
17
100
AcDbEntity
  8
LETTERING_ETCH
100
AcDbLine
 10
-5.142747
 20
-1.350309
 30
0.0
 11
-4.772792
 21
-0.516975
 31
0.0
  0
LINE
  5
12B
330
17
100
AcDbEntity
  8
LETTERING_ETCH
100
AcDbLine
 10
-4.772792
 20
-0.516975
 30
0.0
 11
-2.903023
 21
-0.516975
 31
0.0
  0
LINE
  5
12C
330
17
100
AcDbEntity
  8
LETTERING_ETCH
100
AcDbLine
 10
-2.903023
 20
-0.516975
 30
0.0
 11
-2.318673
 21
-1.705247
 31
0.0
  0
LINE
  5
12D
330
17
100
AcDbEntity
  8
LETTERING_ETCH
100
AcDbLine
 10
-2.318673
 20
-1.705247
 30
0.0
 11
-2.280664
 21
-1.782884
 31
0.0
  0
LINE
  5
12E
330
17
100
AcDbEntity
  8
LETTERING_ETCH
100
AcDbLine
 10
-2.280664
 20
-1.782884
 30
0.0
 11
-2.248943
 21
-1.854614
 31
0.0
  0
LINE
  5
12F
330
17
100
AcDbEntity
  8
LETTERING_ETCH
100
AcDbLine
 10
-2.248943
 20
-1.854614
 30
0.0
 11
-2.223508
 21
-1.920439
 31
0.0
  0
LINE
  5
130
330
17
100
AcDbEntity
  8
LETTERING_ETCH
100
AcDbLine
 10
-2.223508
 20
-1.920439
 30
0.0
 11
-2.204361
 21
-1.980357
 31
0.0
  0
LINE
  5
131
330
17
100
AcDbEntity
  8
LETTERING_ETCH
100
AcDbLine
 10
-2.204361
 20
-1.980357
 30
0.0
 11
-2.191501
 21
-2.03437
 31
0.0
  0
LINE
  5
132
330
17
100
AcDbEntity
  8
LETTERING_ETCH
100
AcDbLine
 10
-2.191501
 20
-2.03437
 30
0.0
 11
-2.184928
 21
-2.082476
 31
0.0
  0
LINE
  5
133
330
17
100
AcDbEntity
  8
LETTERING_ETCH
100
AcDbLine
 10
-2.184928
 20
-2.082476
 30
0.0
 11
-2.184642
 21
-2.124676
 31
0.0
  0
LINE
  5
134
330
17
100
AcDbEntity
  8
LETTERING_ETCH
100
AcDbLine
 10
-2.184642
 20
-2.124676
 30
0.0
 11
-2.190644
 21
-2.16097
 31
0.0
  0
LINE
  5
135
330
17
100
AcDbEntity
  8
LETTERING_ETCH
100
AcDbLine
 10
-2.190644
 20
-2.16097
 30
0.0
 11
-2.202932
 21
-2.191358
 31
0.0
  0
LINE
  5
136
330
17
100
AcDbEntity
  8
LETTERING_ETCH
100
AcDbLine
 10
-2.202932
 20
-2.191358
 30
0.0
 11
-2.224633
 21
-2.220293
 31
0.0
  0
LINE
  5
137
330
17
100
AcDbEntity
  8
LETTERING_ETCH
100
AcDbLine
 10
-2.224633
 20
-2.220293
 30
0.0
 11
-2.255015
 21
-2.24537
 31
0.0
  0
LINE
  5
138
330
17
100
AcDbEntity
  8
LETTERING_ETCH
100
AcDbLine
 10
-2.255015
 20
-2.24537
 30
0.0
 11
-2.294078
 21
-2.26659
 31
0.0
  0
LINE
  5
139
330
17
100
AcDbEntity
  8
LETTERING_ETCH
100
AcDbLine
 10
-2.294078
 20
-2.26659
 30
0.0
 11
-2.341821
 21
-2.283951
 31
0.0
  0
LINE
  5
13A
330
17
100
AcDbEntity
  8
LETTERING_ETCH
100
AcDbLine
 10
-2.341821
 20
-2.283951
 30
0.0
 11
-2.398245
 21
-2.297454
 31
0.0
  0
LINE
  5
13B
330
17
100
AcDbEntity
  8
LETTERING_ETCH
100
AcDbLine
 10
-2.398245
 20
-2.297454
 30
0.0
 11
-2.463349
 21
-2.307099
 31
0.0
  0
LINE
  5
13C
330
17
100
AcDbEntity
  8
LETTERING_ETCH
100
AcDbLine
 10
-2.463349
 20
-2.307099
 30
0.0
 11
-2.537133
 21
-2.312886
 31
0.0
  0
LINE
  5
13D
330
17
100
AcDbEntity
  8
LETTERING_ETCH
100
AcDbLine
 10
-2.537133
 20
-2.312886
 30
0.0
 11
-2.619599
 21
-2.314815
 31
0.0
  0
LINE
  5
13E
330
17
100
AcDbEntity
  8
LETTERING_ETCH
100
AcDbLine
 10
-2.619599
 20
-2.314815
 30
0.0
 11
-2.642747
 21
-2.326389
 31
0.0
  0
LINE
  5
13F
330
17
100
AcDbEntity
  8
LETTERING_ETCH
100
AcDbLine
 10
-2.642747
 20
-2.326389
 30
0.0
 11
-2.650463
 21
-2.361111
 31
0.0
  0
LINE
  5
140
330
17
100
AcDbEntity
  8
LETTERING_ETCH
100
AcDbLine
 10
-2.650463
 20
-2.361111
 30
0.0
 11
-2.642747
 21
-2.395833
 31
0.0
  0
LINE
  5
141
330
17
100
AcDbEntity
  8
LETTERING_ETCH
100
AcDbLine
 10
-2.642747
 20
-2.395833
 30
0.0
 11
-2.619599
 21
-2.407407
 31
0.0
  0
LINE
  5
142
330
17
100
AcDbEntity
  8
LETTERING_ETCH
100
AcDbLine
 10
-2.619599
 20
-2.407407
 30
0.0
 11
-2.554327
 21
-2.407092
 31
0.0
  0
LINE
  5
143
330
17
100
AcDbEntity
  8
LETTERING_ETCH
100
AcDbLine
 10
-2.554327
 20
-2.407092
 30
0.0
 11
-2.490788
 21
-2.406148
 31
0.0
  0
LINE
  5
144
330
17
100
AcDbEntity
  8
LETTERING_ETCH
100
AcDbLine
 10
-2.490788
 20
-2.406148
 30
0.0
 11
-2.428981
 21
-2.404573
 31
0.0
  0
LINE
  5
145
330
17
100
AcDbEntity
  8
LETTERING_ETCH
100
AcDbLine
 10
-2.428981
 20
-2.404573
 30
0.0
 11
-2.368906
 21
-2.402368
 31
0.0
  0
LINE
  5
146
330
17
100
AcDbEntity
  8
LETTERING_ETCH
100
AcDbLine
 10
-2.368906
 20
-2.402368
 30
0.0
 11
-2.310563
 21
-2.399534
 31
0.0
  0
LINE
  5
147
330
17
100
AcDbEntity
  8
LETTERING_ETCH
100
AcDbLine
 10
-2.310563
 20
-2.399534
 30
0.0
 11
-2.253953
 21
-2.39607
 31
0.0
  0
LINE
  5
148
330
17
100
AcDbEntity
  8
LETTERING_ETCH
100
AcDbLine
 10
-2.253953
 20
-2.39607
 30
0.0
 11
-2.199074
 21
-2.391975
 31
0.0
  0
LINE
  5
149
330
17
100
AcDbEntity
  8
LETTERING_ETCH
100
AcDbLine
 10
-2.199074
 20
-2.391975
 30
0.0
 11
-2.150788
 21
-2.388358
 31
0.0
  0
LINE
  5
14A
330
17
100
AcDbEntity
  8
LETTERING_ETCH
100
AcDbLine
 10
-2.150788
 20
-2.388358
 30
0.0
 11
-2.100453
 21
-2.385224
 31
0.0
  0
LINE
  5
14B
330
17
100
AcDbEntity
  8
LETTERING_ETCH
100
AcDbLine
 10
-2.100453
 20
-2.385224
 30
0.0
 11
-2.048069
 21
-2.382571
 31
0.0
  0
LINE
  5
14C
330
17
100
AcDbEntity
  8
LETTERING_ETCH
100
AcDbLine
 10
-2.048069
 20
-2.382571
 30
0.0
 11
-1.993634
 21
-2.380401
 31
0.0
  0
LINE
  5
14D
330
17
100
AcDbEntity
  8
LETTERING_ETCH
100
AcDbLine
 10
-1.993634
 20
-2.380401
 30
0.0
 11
-1.93715
 21
-2.378713
 31
0.0
  0
LINE
  5
14E
330
17
100
AcDbEntity
  8
LETTERING_ETCH
100
AcDbLine
 10
-1.93715
 20
-2.378713
 30
0.0
 11
-1.878617
 21
-2.377508
 31
0.0
  0
LINE
  5
14F
330
17
100
AcDbEntity
  8
LETTERING_ETCH
100
AcDbLine
 10
-1.878617
 20
-2.377508
 30
0.0
 11
-1.818034
 21
-2.376784
 31
0.0
  0
LINE
  5
150
330
17
100
AcDbEntity
  8
LETTERING_ETCH
100
AcDbLine
 10
-1.818034
 20
-2.376784
 30
0.0
 11
-1.755401
 21
-2.376543
 31
0.0
  0
LINE
  5
151
330
17
100
AcDbEntity
  8
LETTERING_ETCH
100
AcDbLine
 10
-1.755401
 20
-2.376543
 30
0.0
 11
-1.699158
 21
-2.376784
 31
0.0
  0
LINE
  5
152
330
17
100
AcDbEntity
  8
LETTERING_ETCH
100
AcDbLine
 10
-1.699158
 20
-2.376784
 30
0.0
 11
-1.642313
 21
-2.377508
 31
0.0
  0
LINE
  5
153
330
17
100
AcDbEntity
  8
LETTERING_ETCH
100
AcDbLine
 10
-1.642313
 20
-2.377508
 30
0.0
 11
-1.584864
 21
-2.378713
 31
0.0
  0
LINE
  5
154
330
17
100
AcDbEntity
  8
LETTERING_ETCH
100
AcDbLine
 10
-1.584864
 20
-2.378713
 30
0.0
 11
-1.526813
 21
-2.380401
 31
0.0
  0
LINE
  5
155
330
17
100
AcDbEntity
  8
LETTERING_ETCH
100
AcDbLine
 10
-1.526813
 20
-2.380401
 30
0.0
 11
-1.468159
 21
-2.382571
 31
0.0
  0
LINE
  5
156
330
17
100
AcDbEntity
  8
LETTERING_ETCH
100
AcDbLine
 10
-1.468159
 20
-2.382571
 30
0.0
 11
-1.408902
 21
-2.385224
 31
0.0
  0
LINE
  5
157
330
17
100
AcDbEntity
  8
LETTERING_ETCH
100
AcDbLine
 10
-1.408902
 20
-2.385224
 30
0.0
 11
-1.349043
 21
-2.388358
 31
0.0
  0
LINE
  5
158
330
17
100
AcDbEntity
  8
LETTERING_ETCH
100
AcDbLine
 10
-1.349043
 20
-2.388358
 30
0.0
 11
-1.28858
 21
-2.391975
 31
0.0
  0
LINE
  5
159
330
17
100
AcDbEntity
  8
LETTERING_ETCH
100
AcDbLine
 10
-1.28858
 20
-2.391975
 30
0.0
 11
-1.227997
 21
-2.395592
 31
0.0
  0
LINE
  5
15A
330
17
100
AcDbEntity
  8
LETTERING_ETCH
100
AcDbLine
 10
-1.227997
 20
-2.395592
 30
0.0
 11
-1.167776
 21
-2.398727
 31
0.0
  0
LINE
  5
15B
330
17
100
AcDbEntity
  8
LETTERING_ETCH
100
AcDbLine
 10
-1.167776
 20
-2.398727
 30
0.0
 11
-1.107916
 21
-2.401379
 31
0.0
  0
LINE
  5
15C
330
17
100
AcDbEntity
  8
LETTERING_ETCH
100
AcDbLine
 10
-1.107916
 20
-2.401379
 30
0.0
 11
-1.048418
 21
-2.403549
 31
0.0
  0
LINE
  5
15D
330
17
100
AcDbEntity
  8
LETTERING_ETCH
100
AcDbLine
 10
-1.048418
 20
-2.403549
 30
0.0
 11
-0.989282
 21
-2.405237
 31
0.0
  0
LINE
  5
15E
330
17
100
AcDbEntity
  8
LETTERING_ETCH
100
AcDbLine
 10
-0.989282
 20
-2.405237
 30
0.0
 11
-0.930507
 21
-2.406443
 31
0.0
  0
LINE
  5
15F
330
17
100
AcDbEntity
  8
LETTERING_ETCH
100
AcDbLine
 10
-0.930507
 20
-2.406443
 30
0.0
 11
-0.872094
 21
-2.407166
 31
0.0
  0
LINE
  5
160
330
17
100
AcDbEntity
  8
LETTERING_ETCH
100
AcDbLine
 10
-0.872094
 20
-2.407166
 30
0.0
 11
-0.814043
 21
-2.407407
 31
0.0
  0
LINE
  5
161
330
17
100
AcDbEntity
  8
LETTERING_ETCH
100
AcDbLine
 10
-0.814043
 20
-2.407407
 30
0.0
 11
-0.790895
 21
-2.395833
 31
0.0
  0
LINE
  5
162
330
17
100
AcDbEntity
  8
LETTERING_ETCH
100
AcDbLine
 10
-0.790895
 20
-2.395833
 30
0.0
 11
-0.783179
 21
-2.361111
 31
0.0
  0
LINE
  5
163
330
17
100
AcDbEntity
  8
LETTERING_ETCH
100
AcDbLine
 10
-0.783179
 20
-2.361111
 30
0.0
 11
-0.790895
 21
-2.326389
 31
0.0
  0
LINE
  5
164
330
17
100
AcDbEntity
  8
LETTERING_ETCH
100
AcDbLine
 10
-0.790895
 20
-2.326389
 30
0.0
 11
-0.814043
 21
-2.314815
 31
0.0
  0
LINE
  5
165
330
17
100
AcDbEntity
  8
LETTERING_ETCH
100
AcDbLine
 10
-0.814043
 20
-2.314815
 30
0.0
 11
-0.868981
 21
-2.31142
 31
0.0
  0
LINE
  5
166
330
17
100
AcDbEntity
  8
LETTERING_ETCH
100
AcDbLine
 10
-0.868981
 20
-2.31142
 30
0.0
 11
-0.922685
 21
-2.301235
 31
0.0
  0
LINE
  5
167
330
17
100
AcDbEntity
  8
LETTERING_ETCH
100
AcDbLine
 10
-0.922685
 20
-2.301235
 30
0.0
 11
-0.975154
 21
-2.284259
 31
0.0
  0
LINE
  5
168
330
17
100
AcDbEntity
  8
LETTERING_ETCH
100
AcDbLine
 10
-0.975154
 20
-2.284259
 30
0.0
 11
-1.026389
 21
-2.260494
 31
0.0
  0
LINE
  5
169
330
17
100
AcDbEntity
  8
LETTERING_ETCH
100
AcDbLine
 10
-1.026389
 20
-2.260494
 30
0.0
 11
-1.076389
 21
-2.229938
 31
0.0
  0
LINE
  5
16A
330
17
100
AcDbEntity
  8
LETTERING_ETCH
100
AcDbLine
 10
-1.076389
 20
-2.229938
 30
0.0
 11
-1.111977
 21
-2.20309
 31
0.0
  0
LINE
  5
16B
330
17
100
AcDbEntity
  8
LETTERING_ETCH
100
AcDbLine
 10
-1.111977
 20
-2.20309
 30
0.0
 11
-1.148195
 21
-2.171044
 31
0.0
  0
LINE
  5
16C
330
17
100
AcDbEntity
  8
LETTERING_ETCH
100
AcDbLine
 10
-1.148195
 20
-2.171044
 30
0.0
 11
-1.185043
 21
-2.133803
 31
0.0
  0
LINE
  5
16D
330
17
100
AcDbEntity
  8
LETTERING_ETCH
100
AcDbLine
 10
-1.185043
 20
-2.133803
 30
0.0
 11
-1.222521
 21
-2.091364
 31
0.0
  0
LINE
  5
16E
330
17
100
AcDbEntity
  8
LETTERING_ETCH
100
AcDbLine
 10
-1.222521
 20
-2.091364
 30
0.0
 11
-1.260629
 21
-2.04373
 31
0.0
  0
LINE
  5
16F
330
17
100
AcDbEntity
  8
LETTERING_ETCH
100
AcDbLine
 10
-1.260629
 20
-2.04373
 30
0.0
 11
-1.299367
 21
-1.990898
 31
0.0
  0
LINE
  5
170
330
17
100
AcDbEntity
  8
LETTERING_ETCH
100
AcDbLine
 10
-1.299367
 20
-1.990898
 30
0.0
 11
-1.338735
 21
-1.93287
 31
0.0
  0
LINE
  5
171
330
17
100
AcDbEntity
  8
LETTERING_ETCH
100
AcDbLine
 10
-1.338735
 20
-1.93287
 30
0.0
 11
-1.364306
 21
-1.892983
 31
0.0
  0
LINE
  5
172
330
17
100
AcDbEntity
  8
LETTERING_ETCH
100
AcDbLine
 10
-1.364306
 20
-1.892983
 30
0.0
 11
-1.390515
 21
-1.850481
 31
0.0
  0
LINE
  5
173
330
17
100
AcDbEntity
  8
LETTERING_ETCH
100
AcDbLine
 10
-1.390515
 20
-1.850481
 30
0.0
 11
-1.417362
 21
-1.805364
 31
0.0
  0
LINE
  5
174
330
17
100
AcDbEntity
  8
LETTERING_ETCH
100
AcDbLine
 10
-1.417362
 20
-1.805364
 30
0.0
 11
-1.444846
 21
-1.757633
 31
0.0
  0
LINE
  5
175
330
17
100
AcDbEntity
  8
LETTERING_ETCH
100
AcDbLine
 10
-1.444846
 20
-1.757633
 30
0.0
 11
-1.472968
 21
-1.707288
 31
0.0
  0
LINE
  5
176
330
17
100
AcDbEntity
  8
LETTERING_ETCH
100
AcDbLine
 10
-1.472968
 20
-1.707288
 30
0.0
 11
-1.501728
 21
-1.654327
 31
0.0
  0
LINE
  5
177
330
17
100
AcDbEntity
  8
LETTERING_ETCH
100
AcDbLine
 10
-1.501728
 20
-1.654327
 30
0.0
 11
-1.531126
 21
-1.598753
 31
0.0
  0
LINE
  5
178
330
17
100
AcDbEntity
  8
LETTERING_ETCH
100
AcDbLine
 10
-1.531126
 20
-1.598753
 30
0.0
 11
-1.561161
 21
-1.540563
 31
0.0
  0
LINE
  5
179
330
17
100
AcDbEntity
  8
LETTERING_ETCH
100
AcDbLine
 10
-1.561161
 20
-1.540563
 30
0.0
 11
-1.591834
 21
-1.47976
 31
0.0
  0
LINE
  5
17A
330
17
100
AcDbEntity
  8
LETTERING_ETCH
100
AcDbLine
 10
-1.591834
 20
-1.47976
 30
0.0
 11
-1.623144
 21
-1.416341
 31
0.0
  0
LINE
  5
17B
330
17
100
AcDbEntity
  8
LETTERING_ETCH
100
AcDbLine
 10
-1.623144
 20
-1.416341
 30
0.0
 11
-1.655093
 21
-1.350309
 31
0.0
  0
LINE
  5
17C
330
17
100
AcDbEntity
  8
LETTERING_ETCH
100
AcDbLine
 10
-1.655093
 20
-1.350309
 30
0.0
 11
-3.545525
 21
2.4614199999999995
 31
0.0
  0
LINE
  5
17D
330
17
100
AcDbEntity
  8
LETTERING_ETCH
100
AcDbLine
 10
-3.545525
 20
2.46142
 30
0.0
 11
-3.564815
 21
2.478781
 31
0.0
  0
LINE
  5
17E
330
17
100
AcDbEntity
  8
LETTERING_ETCH
100
AcDbLine
 10
-3.564815
 20
2.478781
 30
0.0
 11
-3.607253
 21
2.484568
 31
0.0
  0
LINE
  5
17F
330
17
100
AcDbEntity
  8
LETTERING_ETCH
100
AcDbLine
 10
-3.607253
 20
2.484568
 30
0.0
 11
-3.65162
 21
2.478781
 31
0.0
  0
LINE
  5
180
330
17
100
AcDbEntity
  8
LETTERING_ETCH
100
AcDbLine
 10
-3.65162
 20
2.478781
 30
0.0
 11
-3.676698
 21
2.46142
 31
0.0
  0
LINE
  5
181
330
17
100
AcDbEntity
  8
LETTERING_ETCH
100
AcDbLine
 10
-3.676698
 20
2.46142
 30
0.0
 11
-5.335648
 21
-1.2808639999999998
 31
0.0
  0
LINE
  5
182
330
17
100
AcDbEntity
  8
LETTERING_ETCH
100
AcDbLine
 10
-5.335648
 20
-1.280864
 30
0.0
 11
-5.365012
 21
-1.347763
 31
0.0
  0
LINE
  5
183
330
17
100
AcDbEntity
  8
LETTERING_ETCH
100
AcDbLine
 10
-5.365012
 20
-1.347763
 30
0.0
 11
-5.393947
 21
-1.412144
 31
0.0
  0
LINE
  5
184
330
17
100
AcDbEntity
  8
LETTERING_ETCH
100
AcDbLine
 10
-5.393947
 20
-1.412144
 30
0.0
 11
-5.422454
 21
-1.474007
 31
0.0
  0
LINE
  5
185
330
17
100
AcDbEntity
  8
LETTERING_ETCH
100
AcDbLine
 10
-5.422454
 20
-1.474007
 30
0.0
 11
-5.450532
 21
-1.53335
 31
0.0
  0
LINE
  5
186
330
17
100
AcDbEntity
  8
LETTERING_ETCH
100
AcDbLine
 10
-5.450532
 20
-1.53335
 30
0.0
 11
-5.478181
 21
-1.590176
 31
0.0
  0
LINE
  5
187
330
17
100
AcDbEntity
  8
LETTERING_ETCH
100
AcDbLine
 10
-5.478181
 20
-1.590176
 30
0.0
 11
-5.505401
 21
-1.644483
 31
0.0
  0
LINE
  5
188
330
17
100
AcDbEntity
  8
LETTERING_ETCH
100
AcDbLine
 10
-5.505401
 20
-1.644483
 30
0.0
 11
-5.532193
 21
-1.696272
 31
0.0
  0
LINE
  5
189
330
17
100
AcDbEntity
  8
LETTERING_ETCH
100
AcDbLine
 10
-5.532193
 20
-1.696272
 30
0.0
 11
-5.558556
 21
-1.745542
 31
0.0
  0
LINE
  5
18A
330
17
100
AcDbEntity
  8
LETTERING_ETCH
100
AcDbLine
 10
-5.558556
 20
-1.745542
 30
0.0
 11
-5.584491
 21
-1.792294
 31
0.0
  0
LINE
  5
18B
330
17
100
AcDbEntity
  8
LETTERING_ETCH
100
AcDbLine
 10
-5.584491
 20
-1.792294
 30
0.0
 11
-5.609997
 21
-1.836527
 31
0.0
  0
LINE
  5
18C
330
17
100
AcDbEntity
  8
LETTERING_ETCH
100
AcDbLine
 10
-5.609997
 20
-1.836527
 30
0.0
 11
-5.635074
 21
-1.878242
 31
0.0
  0
LINE
  5
18D
330
17
100
AcDbEntity
  8
LETTERING_ETCH
100
AcDbLine
 10
-5.635074
 20
-1.878242
 30
0.0
 11
-5.659722
 21
-1.917438
 31
0.0
  0
LINE
  5
18E
330
17
100
AcDbEntity
  8
LETTERING_ETCH
100
AcDbLine
 10
-5.659722
 20
-1.917438
 30
0.0
 11
-5.696434
 21
-1.972114
 31
0.0
  0
LINE
  5
18F
330
17
100
AcDbEntity
  8
LETTERING_ETCH
100
AcDbLine
 10
-5.696434
 20
-1.972114
 30
0.0
 11
-5.733266
 21
-2.022328
 31
0.0
  0
LINE
  5
190
330
17
100
AcDbEntity
  8
LETTERING_ETCH
100
AcDbLine
 10
-5.733266
 20
-2.022328
 30
0.0
 11
-5.770218
 21
-2.068082
 31
0.0
  0
LINE
  5
191
330
17
100
AcDbEntity
  8
LETTERING_ETCH
100
AcDbLine
 10
-5.770218
 20
-2.068082
 30
0.0
 11
-5.807292
 21
-2.109375
 31
0.0
  0
LINE
  5
192
330
17
100
AcDbEntity
  8
LETTERING_ETCH
100
AcDbLine
 10
-5.807292
 20
-2.109375
 30
0.0
 11
-5.844485
 21
-2.146207
 31
0.0
  0
LINE
  5
193
330
17
100
AcDbEntity
  8
LETTERING_ETCH
100
AcDbLine
 10
-5.844485
 20
-2.146207
 30
0.0
 11
-5.8818
 21
-2.178578
 31
0.0
  0
LINE
  5
194
330
17
100
AcDbEntity
  8
LETTERING_ETCH
100
AcDbLine
 10
-5.8818
 20
-2.178578
 30
0.0
 11
-5.919235
 21
-2.206489
 31
0.0
  0
LINE
  5
195
330
17
100
AcDbEntity
  8
LETTERING_ETCH
100
AcDbLine
 10
-5.919235
 20
-2.206489
 30
0.0
 11
-5.95679
 21
-2.229938
 31
0.0
  0
LINE
  5
196
330
17
100
AcDbEntity
  8
LETTERING_ETCH
100
AcDbLine
 10
-5.95679
 20
-2.229938
 30
0.0
 11
-6.000961
 21
-2.252457
 31
0.0
  0
LINE
  5
197
330
17
100
AcDbEntity
  8
LETTERING_ETCH
100
AcDbLine
 10
-6.000961
 20
-2.252457
 30
0.0
 11
-6.047493
 21
-2.27151
 31
0.0
  0
LINE
  5
198
330
17
100
AcDbEntity
  8
LETTERING_ETCH
100
AcDbLine
 10
-6.047493
 20
-2.27151
 30
0.0
 11
-6.096388
 21
-2.2871
 31
0.0
  0
LINE
  5
199
330
17
100
AcDbEntity
  8
LETTERING_ETCH
100
AcDbLine
 10
-6.096388
 20
-2.2871
 30
0.0
 11
-6.147644
 21
-2.299225
 31
0.0
  0
LINE
  5
19A
330
17
100
AcDbEntity
  8
LETTERING_ETCH
100
AcDbLine
 10
-6.147644
 20
-2.299225
 30
0.0
 11
-6.201263
 21
-2.307886
 31
0.0
  0
LINE
  5
19B
330
17
100
AcDbEntity
  8
LETTERING_ETCH
100
AcDbLine
 10
-6.201263
 20
-2.307886
 30
0.0
 11
-6.257244
 21
-2.313083
 31
0.0
  0
LINE
  5
19C
330
17
100
AcDbEntity
  8
LETTERING_ETCH
100
AcDbLine
 10
-6.257244
 20
-2.313083
 30
0.0
 11
-6.315586
 21
-2.314815
 31
0.0
  0
LINE
  5
19D
330
17
100
AcDbEntity
  8
LETTERING_ETCH
100
AcDbLine
 10
-6.315586
 20
-2.314815
 30
0.0
 11
-6.338735
 21
-2.326389
 31
0.0
  0
LINE
  5
19E
330
17
100
AcDbEntity
  8
LETTERING_ETCH
100
AcDbLine
 10
-6.338735
 20
-2.326389
 30
0.0
 11
-6.346451
 21
-2.361111
 31
0.0
  0
LINE
  5
19F
330
17
100
AcDbEntity
  8
LETTERING_ETCH
100
AcDbLine
 10
-6.346451
 20
-2.361111
 30
0.0
 11
-6.338735
 21
-2.395833
 31
0.0
  0
LINE
  5
1A0
330
17
100
AcDbEntity
  8
LETTERING_ETCH
100
AcDbLine
 10
-6.338735
 20
-2.395833
 30
0.0
 11
-6.315586
 21
-2.407407
 31
0.0
  0
LINE
  5
1A1
330
17
100
AcDbEntity
  8
LETTERING_ETCH
100
AcDbLine
 10
-6.315586
 20
-2.407407
 30
0.0
 11
-6.244489
 21
-2.407092
 31
0.0
  0
LINE
  5
1A2
330
17
100
AcDbEntity
  8
LETTERING_ETCH
100
AcDbLine
 10
-6.244489
 20
-2.407092
 30
0.0
 11
-6.176698
 21
-2.406148
 31
0.0
  0
LINE
  5
1A3
330
17
100
AcDbEntity
  8
LETTERING_ETCH
100
AcDbLine
 10
-6.176698
 20
-2.406148
 30
0.0
 11
-6.112213
 21
-2.404573
 31
0.0
  0
LINE
  5
1A4
330
17
100
AcDbEntity
  8
LETTERING_ETCH
100
AcDbLine
 10
-6.112213
 20
-2.404573
 30
0.0
 11
-6.051036
 21
-2.402368
 31
0.0
  0
LINE
  5
1A5
330
17
100
AcDbEntity
  8
LETTERING_ETCH
100
AcDbLine
 10
-6.051036
 20
-2.402368
 30
0.0
 11
-5.993166
 21
-2.399534
 31
0.0
  0
LINE
  5
1A6
330
17
100
AcDbEntity
  8
LETTERING_ETCH
100
AcDbLine
 10
-5.993166
 20
-2.399534
 30
0.0
 11
-5.938602
 21
-2.39607
 31
0.0
  0
LINE
  5
1A7
330
17
100
AcDbEntity
  8
LETTERING_ETCH
100
AcDbLine
 10
-5.938602
 20
-2.39607
 30
0.0
 11
-5.887346
 21
-2.391975
 31
0.0
  0
LINE
  5
1A8
330
17
100
AcDbEntity
  8
LETTERING_ETCH
100
AcDbLine
 10
-5.887346
 20
-2.391975
 30
0.0
 11
-5.842074
 21
-2.388358
 31
0.0
  0
LINE
  5
1A9
330
17
100
AcDbEntity
  8
LETTERING_ETCH
100
AcDbLine
 10
-5.842074
 20
-2.388358
 30
0.0
 11
-5.793065
 21
-2.385224
 31
0.0
  0
LINE
  5
1AA
330
17
100
AcDbEntity
  8
LETTERING_ETCH
100
AcDbLine
 10
-5.793065
 20
-2.385224
 30
0.0
 11
-5.740319
 21
-2.382571
 31
0.0
  0
LINE
  5
1AB
330
17
100
AcDbEntity
  8
LETTERING_ETCH
100
AcDbLine
 10
-5.740319
 20
-2.382571
 30
0.0
 11
-5.683835
 21
-2.380401
 31
0.0
  0
LINE
  5
1AC
330
17
100
AcDbEntity
  8
LETTERING_ETCH
100
AcDbLine
 10
-5.683835
 20
-2.380401
 30
0.0
 11
-5.623614
 21
-2.378713
 31
0.0
  0
LINE
  5
1AD
330
17
100
AcDbEntity
  8
LETTERING_ETCH
100
AcDbLine
 10
-5.623614
 20
-2.378713
 30
0.0
 11
-5.559655
 21
-2.377508
 31
0.0
  0
LINE
  5
1AE
330
17
100
AcDbEntity
  8
LETTERING_ETCH
100
AcDbLine
 10
-5.559655
 20
-2.377508
 30
0.0
 11
-5.491958
 21
-2.376784
 31
0.0
  0
LINE
  5
1AF
330
17
100
AcDbEntity
  8
LETTERING_ETCH
100
AcDbLine
 10
-5.491958
 20
-2.376784
 30
0.0
 11
-5.420525
 21
-2.376543
 31
0.0
  0
LINE
  5
1B0
330
17
100
AcDbEntity
  8
LETTERING_ETCH
100
AcDbLine
 10
-5.420525
 20
-2.376543
 30
0.0
 11
-5.34879
 21
-2.376784
 31
0.0
  0
LINE
  5
1B1
330
17
100
AcDbEntity
  8
LETTERING_ETCH
100
AcDbLine
 10
-5.34879
 20
-2.376784
 30
0.0
 11
-5.280189
 21
-2.377508
 31
0.0
  0
LINE
  5
1B2
330
17
100
AcDbEntity
  8
LETTERING_ETCH
100
AcDbLine
 10
-5.280189
 20
-2.377508
 30
0.0
 11
-5.214723
 21
-2.378713
 31
0.0
  0
LINE
  5
1B3
330
17
100
AcDbEntity
  8
LETTERING_ETCH
100
AcDbLine
 10
-5.214723
 20
-2.378713
 30
0.0
 11
-5.152392
 21
-2.380401
 31
0.0
  0
LINE
  5
1B4
330
17
100
AcDbEntity
  8
LETTERING_ETCH
100
AcDbLine
 10
-5.152392
 20
-2.380401
 30
0.0
 11
-5.093195
 21
-2.382571
 31
0.0
  0
LINE
  5
1B5
330
17
100
AcDbEntity
  8
LETTERING_ETCH
100
AcDbLine
 10
-5.093195
 20
-2.382571
 30
0.0
 11
-5.037133
 21
-2.385224
 31
0.0
  0
LINE
  5
1B6
330
17
100
AcDbEntity
  8
LETTERING_ETCH
100
AcDbLine
 10
-5.037133
 20
-2.385224
 30
0.0
 11
-4.984206
 21
-2.388358
 31
0.0
  0
LINE
  5
1B7
330
17
100
AcDbEntity
  8
LETTERING_ETCH
100
AcDbLine
 10
-4.984206
 20
-2.388358
 30
0.0
 11
-4.934414
 21
-2.391975
 31
0.0
  0
LINE
  5
1B8
330
17
100
AcDbEntity
  8
LETTERING_ETCH
100
AcDbLine
 10
-4.934414
 20
-2.391975
 30
0.0
 11
-4.878512
 21
-2.39607
 31
0.0
  0
LINE
  5
1B9
330
17
100
AcDbEntity
  8
LETTERING_ETCH
100
AcDbLine
 10
-4.878512
 20
-2.39607
 30
0.0
 11
-4.821035
 21
-2.399534
 31
0.0
  0
LINE
  5
1BA
330
17
100
AcDbEntity
  8
LETTERING_ETCH
100
AcDbLine
 10
-4.821035
 20
-2.399534
 30
0.0
 11
-4.761983
 21
-2.402368
 31
0.0
  0
LINE
  5
1BB
330
17
100
AcDbEntity
  8
LETTERING_ETCH
100
AcDbLine
 10
-4.761983
 20
-2.402368
 30
0.0
 11
-4.701357
 21
-2.404573
 31
0.0
  0
LINE
  5
1BC
330
17
100
AcDbEntity
  8
LETTERING_ETCH
100
AcDbLine
 10
-4.701357
 20
-2.404573
 30
0.0
 11
-4.639157
 21
-2.406148
 31
0.0
  0
LINE
  5
1BD
330
17
100
AcDbEntity
  8
LETTERING_ETCH
100
AcDbLine
 10
-4.639157
 20
-2.406148
 30
0.0
 11
-4.575381
 21
-2.407092
 31
0.0
  0
LINE
  5
1BE
330
17
100
AcDbEntity
  8
LETTERING_ETCH
100
AcDbLine
 10
-4.575381
 20
-2.407092
 30
0.0
 11
-4.510031
 21
-2.407407
 31
0.0
  0
LINE
  5
1BF
330
17
100
AcDbEntity
  8
LETTERING_ETCH
100
AcDbLine
 10
-4.510031
 20
-2.407407
 30
0.0
 11
-4.481096
 21
-2.395833
 31
0.0
  0
LINE
  5
1C0
330
17
100
AcDbEntity
  8
LETTERING_ETCH
100
AcDbLine
 10
-4.481096
 20
-2.395833
 30
0.0
 11
-4.471451
 21
-2.361111
 31
0.0
  0
LINE
  5
1C1
330
17
100
AcDbEntity
  8
LETTERING_ETCH
100
AcDbLine
 10
-4.471451
 20
-2.361111
 30
0.0
 11
-4.481096
 21
-2.326389
 31
0.0
  0
LINE
  5
1C2
330
17
100
AcDbEntity
  8
LETTERING_ETCH
100
AcDbLine
 10
-4.481096
 20
-2.326389
 30
0.0
 11
-4.510031
 21
-2.314815
 31
0.0
  0
LINE
  5
1C3
330
17
100
AcDbEntity
  8
LETTERING_ETCH
100
AcDbLine
 10
-4.510031
 20
-2.314815
 30
0.0
 11
-4.578494
 21
-2.313354
 31
0.0
  0
LINE
  5
1C4
330
17
100
AcDbEntity
  8
LETTERING_ETCH
100
AcDbLine
 10
-4.578494
 20
-2.313354
 30
0.0
 11
-4.643806
 21
-2.308971
 31
0.0
  0
LINE
  5
1C5
330
17
100
AcDbEntity
  8
LETTERING_ETCH
100
AcDbLine
 10
-4.643806
 20
-2.308971
 30
0.0
 11
-4.705968
 21
-2.301666
 31
0.0
  0
LINE
  5
1C6
330
17
100
AcDbEntity
  8
LETTERING_ETCH
100
AcDbLine
 10
-4.705968
 20
-2.301666
 30
0.0
 11
-4.76498
 21
-2.291438
 31
0.0
  0
LINE
  5
1C7
330
17
100
AcDbEntity
  8
LETTERING_ETCH
100
AcDbLine
 10
-4.76498
 20
-2.291438
 30
0.0
 11
-4.820842
 21
-2.278289
 31
0.0
  0
LINE
  5
1C8
330
17
100
AcDbEntity
  8
LETTERING_ETCH
100
AcDbLine
 10
-4.820842
 20
-2.278289
 30
0.0
 11
-4.873553
 21
-2.262218
 31
0.0
  0
LINE
  5
1C9
330
17
100
AcDbEntity
  8
LETTERING_ETCH
100
AcDbLine
 10
-4.873553
 20
-2.262218
 30
0.0
 11
-4.923113
 21
-2.243224
 31
0.0
  0
LINE
  5
1CA
330
17
100
AcDbEntity
  8
LETTERING_ETCH
100
AcDbLine
 10
-4.923113
 20
-2.243224
 30
0.0
 11
-4.969524
 21
-2.221309
 31
0.0
  0
LINE
  5
1CB
330
17
100
AcDbEntity
  8
LETTERING_ETCH
100
AcDbLine
 10
-4.969524
 20
-2.221309
 30
0.0
 11
-5.012784
 21
-2.196472
 31
0.0
  0
LINE
  5
1CC
330
17
100
AcDbEntity
  8
LETTERING_ETCH
100
AcDbLine
 10
-5.012784
 20
-2.196472
 30
0.0
 11
-5.052894
 21
-2.168712
 31
0.0
  0
LINE
  5
1CD
330
17
100
AcDbEntity
  8
LETTERING_ETCH
100
AcDbLine
 10
-5.052894
 20
-2.168712
 30
0.0
 11
-5.089853
 21
-2.138031
 31
0.0
  0
LINE
  5
1CE
330
17
100
AcDbEntity
  8
LETTERING_ETCH
100
AcDbLine
 10
-5.089853
 20
-2.138031
 30
0.0
 11
-5.123662
 21
-2.104427
 31
0.0
  0
LINE
  5
1CF
330
17
100
AcDbEntity
  8
LETTERING_ETCH
100
AcDbLine
 10
-5.123662
 20
-2.104427
 30
0.0
 11
-5.154321
 21
-2.067901
 31
0.0
  0
LINE
  5
1D0
330
17
100
AcDbEntity
  8
LETTERING_ETCH
100
AcDbLine
 10
-5.154321
 20
-2.067901
 30
0.0
 11
-5.179339
 21
-2.031486
 31
0.0
  0
LINE
  5
1D1
330
17
100
AcDbEntity
  8
LETTERING_ETCH
100
AcDbLine
 10
-5.179339
 20
-2.031486
 30
0.0
 11
-5.200381
 21
-1.992788
 31
0.0
  0
LINE
  5
1D2
330
17
100
AcDbEntity
  8
LETTERING_ETCH
100
AcDbLine
 10
-5.200381
 20
-1.992788
 30
0.0
 11
-5.217447
 21
-1.951806
 31
0.0
  0
LINE
  5
1D3
330
17
100
AcDbEntity
  8
LETTERING_ETCH
100
AcDbLine
 10
-5.217447
 20
-1.951806
 30
0.0
 11
-5.230537
 21
-1.908541
 31
0.0
  0
LINE
  5
1D4
330
17
100
AcDbEntity
  8
LETTERING_ETCH
100
AcDbLine
 10
-5.230537
 20
-1.908541
 30
0.0
 11
-5.23965
 21
-1.862993
 31
0.0
  0
LINE
  5
1D5
330
17
100
AcDbEntity
  8
LETTERING_ETCH
100
AcDbLine
 10
-5.23965
 20
-1.862993
 30
0.0
 11
-5.244788
 21
-1.815161
 31
0.0
  0
LINE
  5
1D6
330
17
100
AcDbEntity
  8
LETTERING_ETCH
100
AcDbLine
 10
-5.244788
 20
-1.815161
 30
0.0
 11
-5.245949
 21
-1.765046
 31
0.0
  0
LINE
  5
1D7
330
17
100
AcDbEntity
  8
LETTERING_ETCH
100
AcDbLine
 10
-5.245949
 20
-1.765046
 30
0.0
 11
-5.243134
 21
-1.712648
 31
0.0
  0
LINE
  5
1D8
330
17
100
AcDbEntity
  8
LETTERING_ETCH
100
AcDbLine
 10
-5.243134
 20
-1.712648
 30
0.0
 11
-5.236343
 21
-1.657966
 31
0.0
  0
LINE
  5
1D9
330
17
100
AcDbEntity
  8
LETTERING_ETCH
100
AcDbLine
 10
-5.236343
 20
-1.657966
 30
0.0
 11
-5.225576
 21
-1.601002
 31
0.0
  0
LINE
  5
1DA
330
17
100
AcDbEntity
  8
LETTERING_ETCH
100
AcDbLine
 10
-5.225576
 20
-1.601002
 30
0.0
 11
-5.210833
 21
-1.541753
 31
0.0
  0
LINE
  5
1DB
330
17
100
AcDbEntity
  8
LETTERING_ETCH
100
AcDbLine
 10
-5.210833
 20
-1.541753
 30
0.0
 11
-5.192114
 21
-1.480222
 31
0.0
  0
LINE
  5
1DC
330
17
100
AcDbEntity
  8
LETTERING_ETCH
100
AcDbLine
 10
-5.192114
 20
-1.480222
 30
0.0
 11
-5.169418
 21
-1.416407
 31
0.0
  0
LINE
  5
1DD
330
17
100
AcDbEntity
  8
LETTERING_ETCH
100
AcDbLine
 10
-5.169418
 20
-1.416407
 30
0.0
 11
-5.142747
 21
-1.350309
 31
0.0
  0
LINE
  5
1DE
330
17
100
AcDbEntity
  8
LETTERING_ETCH
100
AcDbLine
 10
-3.885684
 20
1.481258
 30
0.0
 11
-2.997885
 21
-0.324074
 31
0.0
  0
LINE
  5
1DF
330
17
100
AcDbEntity
  8
LETTERING_ETCH
100
AcDbLine
 10
-2.997885
 20
-0.324074
 30
0.0
 11
-4.687154
 21
-0.324074
 31
0.0
  0
LINE
  5
1E0
330
17
100
AcDbEntity
  8
LETTERING_ETCH
100
AcDbLine
 10
-4.687154
 20
-0.324074
 30
0.0
 11
-3.885684
 21
1.481258
 31
0.0
  0
LINE
  5
1E1
330
17
100
AcDbEntity
  8
LETTERING_ETCH
100
AcDbLine
 10
3.309566
 20
-2.403788
 30
0.0
 11
3.337191
 21
-2.407407
 31
0.0
  0
LINE
  5
1E2
330
17
100
AcDbEntity
  8
LETTERING_ETCH
100
AcDbLine
 10
3.337191
 20
-2.407407
 30
0.0
 11
4.579475
 21
-2.407407
 31
0.0
  0
LINE
  5
1E3
330
17
100
AcDbEntity
  8
LETTERING_ETCH
100
AcDbLine
 10
4.579475
 20
-2.407407
 30
0.0
 11
4.591049
 21
-2.395833
 31
0.0
  0
LINE
  5
1E4
330
17
100
AcDbEntity
  8
LETTERING_ETCH
100
AcDbLine
 10
4.591049
 20
-2.395833
 30
0.0
 11
4.594907
 21
-2.361111
 31
0.0
  0
LINE
  5
1E5
330
17
100
AcDbEntity
  8
LETTERING_ETCH
100
AcDbLine
 10
4.594907
 20
-2.361111
 30
0.0
 11
4.591049
 21
-2.326389
 31
0.0
  0
LINE
  5
1E6
330
17
100
AcDbEntity
  8
LETTERING_ETCH
100
AcDbLine
 10
4.591049
 20
-2.326389
 30
0.0
 11
4.579475
 21
-2.314815
 31
0.0
  0
LINE
  5
1E7
330
17
100
AcDbEntity
  8
LETTERING_ETCH
100
AcDbLine
 10
4.579475
 20
-2.314815
 30
0.0
 11
4.526561
 21
-2.3131
 31
0.0
  0
LINE
  5
1E8
330
17
100
AcDbEntity
  8
LETTERING_ETCH
100
AcDbLine
 10
4.526561
 20
-2.3131
 30
0.0
 11
4.473272
 21
-2.307956
 31
0.0
  0
LINE
  5
1E9
330
17
100
AcDbEntity
  8
LETTERING_ETCH
100
AcDbLine
 10
4.473272
 20
-2.307956
 30
0.0
 11
4.419608
 21
-2.299383
 31
0.0
  0
LINE
  5
1EA
330
17
100
AcDbEntity
  8
LETTERING_ETCH
100
AcDbLine
 10
4.419608
 20
-2.299383
 30
0.0
 11
4.365569
 21
-2.28738
 31
0.0
  0
LINE
  5
1EB
330
17
100
AcDbEntity
  8
LETTERING_ETCH
100
AcDbLine
 10
4.365569
 20
-2.28738
 30
0.0
 11
4.311155
 21
-2.271948
 31
0.0
  0
LINE
  5
1EC
330
17
100
AcDbEntity
  8
LETTERING_ETCH
100
AcDbLine
 10
4.311155
 20
-2.271948
 30
0.0
 11
4.256366
 21
-2.253086
 31
0.0
  0
LINE
  5
1ED
330
17
100
AcDbEntity
  8
LETTERING_ETCH
100
AcDbLine
 10
4.256366
 20
-2.253086
 30
0.0
 11
4.201201
 21
-2.230796
 31
0.0
  0
LINE
  5
1EE
330
17
100
AcDbEntity
  8
LETTERING_ETCH
100
AcDbLine
 10
4.201201
 20
-2.230796
 30
0.0
 11
4.145662
 21
-2.205075
 31
0.0
  0
LINE
  5
1EF
330
17
100
AcDbEntity
  8
LETTERING_ETCH
100
AcDbLine
 10
4.145662
 20
-2.205075
 30
0.0
 11
4.089747
 21
-2.175926
 31
0.0
  0
LINE
  5
1F0
330
17
100
AcDbEntity
  8
LETTERING_ETCH
100
AcDbLine
 10
4.089747
 20
-2.175926
 30
0.0
 11
4.033458
 21
-2.143347
 31
0.0
  0
LINE
  5
1F1
330
17
100
AcDbEntity
  8
LETTERING_ETCH
100
AcDbLine
 10
4.033458
 20
-2.143347
 30
0.0
 11
3.976793
 21
-2.107339
 31
0.0
  0
LINE
  5
1F2
330
17
100
AcDbEntity
  8
LETTERING_ETCH
100
AcDbLine
 10
3.976793
 20
-2.107339
 30
0.0
 11
3.919753
 21
-2.067901
 31
0.0
  0
LINE
  5
1F3
330
17
100
AcDbEntity
  8
LETTERING_ETCH
100
AcDbLine
 10
3.919753
 20
-2.067901
 30
0.0
 11
3.883332
 21
-2.041045
 31
0.0
  0
LINE
  5
1F4
330
17
100
AcDbEntity
  8
LETTERING_ETCH
100
AcDbLine
 10
3.883332
 20
-2.041045
 30
0.0
 11
3.846354
 21
-2.012457
 31
0.0
  0
LINE
  5
1F5
330
17
100
AcDbEntity
  8
LETTERING_ETCH
100
AcDbLine
 10
3.846354
 20
-2.012457
 30
0.0
 11
3.808822
 21
-1.982138
 31
0.0
  0
LINE
  5
1F6
330
17
100
AcDbEntity
  8
LETTERING_ETCH
100
AcDbLine
 10
3.808822
 20
-1.982138
 30
0.0
 11
3.770733
 21
-1.950087
 31
0.0
  0
LINE
  5
1F7
330
17
100
AcDbEntity
  8
LETTERING_ETCH
100
AcDbLine
 10
3.770733
 20
-1.950087
 30
0.0
 11
3.732089
 21
-1.916305
 31
0.0
  0
LINE
  5
1F8
330
17
100
AcDbEntity
  8
LETTERING_ETCH
100
AcDbLine
 10
3.732089
 20
-1.916305
 30
0.0
 11
3.692888
 21
-1.880792
 31
0.0
  0
LINE
  5
1F9
330
17
100
AcDbEntity
  8
LETTERING_ETCH
100
AcDbLine
 10
3.692888
 20
-1.880792
 30
0.0
 11
3.653133
 21
-1.843548
 31
0.0
  0
LINE
  5
1FA
330
17
100
AcDbEntity
  8
LETTERING_ETCH
100
AcDbLine
 10
3.653133
 20
-1.843548
 30
0.0
 11
3.612821
 21
-1.804572
 31
0.0
  0
LINE
  5
1FB
330
17
100
AcDbEntity
  8
LETTERING_ETCH
100
AcDbLine
 10
3.612821
 20
-1.804572
 30
0.0
 11
3.571954
 21
-1.763865
 31
0.0
  0
LINE
  5
1FC
330
17
100
AcDbEntity
  8
LETTERING_ETCH
100
AcDbLine
 10
3.571954
 20
-1.763865
 30
0.0
 11
3.530531
 21
-1.721427
 31
0.0
  0
LINE
  5
1FD
330
17
100
AcDbEntity
  8
LETTERING_ETCH
100
AcDbLine
 10
3.530531
 20
-1.721427
 30
0.0
 11
3.488552
 21
-1.677258
 31
0.0
  0
LINE
  5
1FE
330
17
100
AcDbEntity
  8
LETTERING_ETCH
100
AcDbLine
 10
3.488552
 20
-1.677258
 30
0.0
 11
3.446018
 21
-1.631357
 31
0.0
  0
LINE
  5
1FF
330
17
100
AcDbEntity
  8
LETTERING_ETCH
100
AcDbLine
 10
3.446018
 20
-1.631357
 30
0.0
 11
3.402927
 21
-1.583724
 31
0.0
  0
LINE
  5
200
330
17
100
AcDbEntity
  8
LETTERING_ETCH
100
AcDbLine
 10
3.402927
 20
-1.583724
 30
0.0
 11
3.359281
 21
-1.534361
 31
0.0
  0
LINE
  5
201
330
17
100
AcDbEntity
  8
LETTERING_ETCH
100
AcDbLine
 10
3.359281
 20
-1.534361
 30
0.0
 11
3.31508
 21
-1.483266
 31
0.0
  0
LINE
  5
202
330
17
100
AcDbEntity
  8
LETTERING_ETCH
100
AcDbLine
 10
3.31508
 20
-1.483266
 30
0.0
 11
3.270322
 21
-1.43044
 31
0.0
  0
LINE
  5
203
330
17
100
AcDbEntity
  8
LETTERING_ETCH
100
AcDbLine
 10
3.270322
 20
-1.43044
 30
0.0
 11
3.225009
 21
-1.375883
 31
0.0
  0
LINE
  5
204
330
17
100
AcDbEntity
  8
LETTERING_ETCH
100
AcDbLine
 10
3.225009
 20
-1.375883
 30
0.0
 11
3.179141
 21
-1.319594
 31
0.0
  0
LINE
  5
205
330
17
100
AcDbEntity
  8
LETTERING_ETCH
100
AcDbLine
 10
3.179141
 20
-1.319594
 30
0.0
 11
3.132716
 21
-1.261574
 31
0.0
  0
LINE
  5
206
330
17
100
AcDbEntity
  8
LETTERING_ETCH
100
AcDbLine
 10
3.132716
 20
-1.261574
 30
0.0
 11
3.102936
 21
-1.223864
 31
0.0
  0
LINE
  5
207
330
17
100
AcDbEntity
  8
LETTERING_ETCH
100
AcDbLine
 10
3.102936
 20
-1.223864
 30
0.0
 11
3.072754
 21
-1.185322
 31
0.0
  0
LINE
  5
208
330
17
100
AcDbEntity
  8
LETTERING_ETCH
100
AcDbLine
 10
3.072754
 20
-1.185322
 30
0.0
 11
3.042168
 21
-1.145949
 31
0.0
  0
LINE
  5
209
330
17
100
AcDbEntity
  8
LETTERING_ETCH
100
AcDbLine
 10
3.042168
 20
-1.145949
 30
0.0
 11
3.01118
 21
-1.105744
 31
0.0
  0
LINE
  5
20A
330
17
100
AcDbEntity
  8
LETTERING_ETCH
100
AcDbLine
 10
3.01118
 20
-1.105744
 30
0.0
 11
2.979788
 21
-1.064708
 31
0.0
  0
LINE
  5
20B
330
17
100
AcDbEntity
  8
LETTERING_ETCH
100
AcDbLine
 10
2.979788
 20
-1.064708
 30
0.0
 11
2.947994
 21
-1.02284
 31
0.0
  0
LINE
  5
20C
330
17
100
AcDbEntity
  8
LETTERING_ETCH
100
AcDbLine
 10
2.947994
 20
-1.02284
 30
0.0
 11
2.915796
 21
-0.98014
 31
0.0
  0
LINE
  5
20D
330
17
100
AcDbEntity
  8
LETTERING_ETCH
100
AcDbLine
 10
2.915796
 20
-0.98014
 30
0.0
 11
2.883196
 21
-0.936608
 31
0.0
  0
LINE
  5
20E
330
17
100
AcDbEntity
  8
LETTERING_ETCH
100
AcDbLine
 10
2.883196
 20
-0.936608
 30
0.0
 11
2.850193
 21
-0.892245
 31
0.0
  0
LINE
  5
20F
330
17
100
AcDbEntity
  8
LETTERING_ETCH
100
AcDbLine
 10
2.850193
 20
-0.892245
 30
0.0
 11
2.816787
 21
-0.847051
 31
0.0
  0
LINE
  5
210
330
17
100
AcDbEntity
  8
LETTERING_ETCH
100
AcDbLine
 10
2.816787
 20
-0.847051
 30
0.0
 11
2.782978
 21
-0.801025
 31
0.0
  0
LINE
  5
211
330
17
100
AcDbEntity
  8
LETTERING_ETCH
100
AcDbLine
 10
2.782978
 20
-0.801025
 30
0.0
 11
2.748765
 21
-0.754167
 31
0.0
  0
LINE
  5
212
330
17
100
AcDbEntity
  8
LETTERING_ETCH
100
AcDbLine
 10
2.748765
 20
-0.754167
 30
0.0
 11
2.71415
 21
-0.706477
 31
0.0
  0
LINE
  5
213
330
17
100
AcDbEntity
  8
LETTERING_ETCH
100
AcDbLine
 10
2.71415
 20
-0.706477
 30
0.0
 11
2.679132
 21
-0.657956
 31
0.0
  0
LINE
  5
214
330
17
100
AcDbEntity
  8
LETTERING_ETCH
100
AcDbLine
 10
2.679132
 20
-0.657956
 30
0.0
 11
2.643711
 21
-0.608603
 31
0.0
  0
LINE
  5
215
330
17
100
AcDbEntity
  8
LETTERING_ETCH
100
AcDbLine
 10
2.643711
 20
-0.608603
 30
0.0
 11
2.607888
 21
-0.558419
 31
0.0
  0
LINE
  5
216
330
17
100
AcDbEntity
  8
LETTERING_ETCH
100
AcDbLine
 10
2.607888
 20
-0.558419
 30
0.0
 11
2.571661
 21
-0.507403
 31
0.0
  0
LINE
  5
217
330
17
100
AcDbEntity
  8
LETTERING_ETCH
100
AcDbLine
 10
2.571661
 20
-0.507403
 30
0.0
 11
2.535031
 21
-0.455556
 31
0.0
  0
LINE
  5
218
330
17
100
AcDbEntity
  8
LETTERING_ETCH
100
AcDbLine
 10
2.535031
 20
-0.455556
 30
0.0
 11
2.497998
 21
-0.402876
 31
0.0
  0
LINE
  5
219
330
17
100
AcDbEntity
  8
LETTERING_ETCH
100
AcDbLine
 10
2.497998
 20
-0.402876
 30
0.0
 11
2.460562
 21
-0.349366
 31
0.0
  0
LINE
  5
21A
330
17
100
AcDbEntity
  8
LETTERING_ETCH
100
AcDbLine
 10
2.460562
 20
-0.349366
 30
0.0
 11
2.422724
 21
-0.295023
 31
0.0
  0
LINE
  5
21B
330
17
100
AcDbEntity
  8
LETTERING_ETCH
100
AcDbLine
 10
2.422724
 20
-0.295023
 30
0.0
 11
2.384482
 21
-0.239849
 31
0.0
  0
LINE
  5
21C
330
17
100
AcDbEntity
  8
LETTERING_ETCH
100
AcDbLine
 10
2.384482
 20
-0.239849
 30
0.0
 11
2.345838
 21
-0.183843
 31
0.0
  0
LINE
  5
21D
330
17
100
AcDbEntity
  8
LETTERING_ETCH
100
AcDbLine
 10
2.345838
 20
-0.183843
 30
0.0
 11
2.30679
 21
-0.127006
 31
0.0
  0
LINE
  5
21E
330
17
100
AcDbEntity
  8
LETTERING_ETCH
100
AcDbLine
 10
2.30679
 20
-0.127006
 30
0.0
 11
2.26734
 21
-0.069337
 31
0.0
  0
LINE
  5
21F
330
17
100
AcDbEntity
  8
LETTERING_ETCH
100
AcDbLine
 10
2.26734
 20
-0.069337
 30
0.0
 11
2.227486
 21
-0.010837
 31
0.0
  0
LINE
  5
220
330
17
100
AcDbEntity
  8
LETTERING_ETCH
100
AcDbLine
 10
2.227486
 20
-0.010837
 30
0.0
 11
2.18723
 21
0.048495
 31
0.0
  0
LINE
  5
221
330
17
100
AcDbEntity
  8
LETTERING_ETCH
100
AcDbLine
 10
2.18723
 20
0.048495
 30
0.0
 11
2.146571
 21
0.108659
 31
0.0
  0
LINE
  5
222
330
17
100
AcDbEntity
  8
LETTERING_ETCH
100
AcDbLine
 10
2.146571
 20
0.108659
 30
0.0
 11
2.128934
 21
0.134857
 31
0.0
  0
LINE
  5
223
330
17
100
AcDbEntity
  8
LETTERING_ETCH
100
AcDbLine
 10
2.128934
 20
0.134857
 30
0.0
 11
2.143381
 21
0.142147
 31
0.0
  0
LINE
  5
224
330
17
100
AcDbEntity
  8
LETTERING_ETCH
100
AcDbLine
 10
2.143381
 20
0.142147
 30
0.0
 11
2.19441
 21
0.169925
 31
0.0
  0
LINE
  5
225
330
17
100
AcDbEntity
  8
LETTERING_ETCH
100
AcDbLine
 10
2.19441
 20
0.169925
 30
0.0
 11
2.244136
 21
0.199074
 31
0.0
  0
LINE
  5
226
330
17
100
AcDbEntity
  8
LETTERING_ETCH
100
AcDbLine
 10
2.244136
 20
0.199074
 30
0.0
 11
2.292558
 21
0.229595
 31
0.0
  0
LINE
  5
227
330
17
100
AcDbEntity
  8
LETTERING_ETCH
100
AcDbLine
 10
2.292558
 20
0.229595
 30
0.0
 11
2.339678
 21
0.261488
 31
0.0
  0
LINE
  5
228
330
17
100
AcDbEntity
  8
LETTERING_ETCH
100
AcDbLine
 10
2.339678
 20
0.261488
 30
0.0
 11
2.385494
 21
0.294753
 31
0.0
  0
LINE
  5
229
330
17
100
AcDbEntity
  8
LETTERING_ETCH
100
AcDbLine
 10
2.385494
 20
0.294753
 30
0.0
 11
2.430007
 21
0.32939
 31
0.0
  0
LINE
  5
22A
330
17
100
AcDbEntity
  8
LETTERING_ETCH
100
AcDbLine
 10
2.430007
 20
0.32939
 30
0.0
 11
2.473217
 21
0.365398
 31
0.0
  0
LINE
  5
22B
330
17
100
AcDbEntity
  8
LETTERING_ETCH
100
AcDbLine
 10
2.473217
 20
0.365398
 30
0.0
 11
2.515123
 21
0.402778
 31
0.0
  0
LINE
  5
22C
330
17
100
AcDbEntity
  8
LETTERING_ETCH
100
AcDbLine
 10
2.515123
 20
0.402778
 30
0.0
 11
2.555727
 21
0.441529
 31
0.0
  0
LINE
  5
22D
330
17
100
AcDbEntity
  8
LETTERING_ETCH
100
AcDbLine
 10
2.555727
 20
0.441529
 30
0.0
 11
2.595027
 21
0.481653
 31
0.0
  0
LINE
  5
22E
330
17
100
AcDbEntity
  8
LETTERING_ETCH
100
AcDbLine
 10
2.595027
 20
0.481653
 30
0.0
 11
2.633025
 21
0.523148
 31
0.0
  0
LINE
  5
22F
330
17
100
AcDbEntity
  8
LETTERING_ETCH
100
AcDbLine
 10
2.633025
 20
0.523148
 30
0.0
 11
2.669719
 21
0.566015
 31
0.0
  0
LINE
  5
230
330
17
100
AcDbEntity
  8
LETTERING_ETCH
100
AcDbLine
 10
2.669719
 20
0.566015
 30
0.0
 11
2.70511
 21
0.610254
 31
0.0
  0
LINE
  5
231
330
17
100
AcDbEntity
  8
LETTERING_ETCH
100
AcDbLine
 10
2.70511
 20
0.610254
 30
0.0
 11
2.739198
 21
0.655864
 31
0.0
  0
LINE
  5
232
330
17
100
AcDbEntity
  8
LETTERING_ETCH
100
AcDbLine
 10
2.739198
 20
0.655864
 30
0.0
 11
2.771519
 21
0.702572
 31
0.0
  0
LINE
  5
233
330
17
100
AcDbEntity
  8
LETTERING_ETCH
100
AcDbLine
 10
2.771519
 20
0.702572
 30
0.0
 11
2.801612
 21
0.750103
 31
0.0
  0
LINE
  5
234
330
17
100
AcDbEntity
  8
LETTERING_ETCH
100
AcDbLine
 10
2.801612
 20
0.750103
 30
0.0
 11
2.829475
 21
0.798457
 31
0.0
  0
LINE
  5
235
330
17
100
AcDbEntity
  8
LETTERING_ETCH
100
AcDbLine
 10
2.829475
 20
0.798457
 30
0.0
 11
2.85511
 21
0.847634
 31
0.0
  0
LINE
  5
236
330
17
100
AcDbEntity
  8
LETTERING_ETCH
100
AcDbLine
 10
2.85511
 20
0.847634
 30
0.0
 11
2.878515
 21
0.897634
 31
0.0
  0
LINE
  5
237
330
17
100
AcDbEntity
  8
LETTERING_ETCH
100
AcDbLine
 10
2.878515
 20
0.897634
 30
0.0
 11
2.899691
 21
0.948457
 31
0.0
  0
LINE
  5
238
330
17
100
AcDbEntity
  8
LETTERING_ETCH
100
AcDbLine
 10
2.899691
 20
0.948457
 30
0.0
 11
2.918639
 21
1.000103
 31
0.0
  0
LINE
  5
239
330
17
100
AcDbEntity
  8
LETTERING_ETCH
100
AcDbLine
 10
2.918639
 20
1.000103
 30
0.0
 11
2.935357
 21
1.052572
 31
0.0
  0
LINE
  5
23A
330
17
100
AcDbEntity
  8
LETTERING_ETCH
100
AcDbLine
 10
2.935357
 20
1.052572
 30
0.0
 11
2.949846
 21
1.105864
 31
0.0
  0
LINE
  5
23B
330
17
100
AcDbEntity
  8
LETTERING_ETCH
100
AcDbLine
 10
2.949846
 20
1.105864
 30
0.0
 11
2.962106
 21
1.159979
 31
0.0
  0
LINE
  5
23C
330
17
100
AcDbEntity
  8
LETTERING_ETCH
100
AcDbLine
 10
2.962106
 20
1.159979
 30
0.0
 11
2.972136
 21
1.214918
 31
0.0
  0
LINE
  5
23D
330
17
100
AcDbEntity
  8
LETTERING_ETCH
100
AcDbLine
 10
2.972136
 20
1.214918
 30
0.0
 11
2.979938
 21
1.270679
 31
0.0
  0
LINE
  5
23E
330
17
100
AcDbEntity
  8
LETTERING_ETCH
100
AcDbLine
 10
2.979938
 20
1.270679
 30
0.0
 11
2.985511
 21
1.327263
 31
0.0
  0
LINE
  5
23F
330
17
100
AcDbEntity
  8
LETTERING_ETCH
100
AcDbLine
 10
2.985511
 20
1.327263
 30
0.0
 11
2.988855
 21
1.384671
 31
0.0
  0
LINE
  5
240
330
17
100
AcDbEntity
  8
LETTERING_ETCH
100
AcDbLine
 10
2.988855
 20
1.384671
 30
0.0
 11
2.989969
 21
1.442901
 31
0.0
  0
LINE
  5
241
330
17
100
AcDbEntity
  8
LETTERING_ETCH
100
AcDbLine
 10
2.989969
 20
1.442901
 30
0.0
 11
2.98834
 21
1.503755
 31
0.0
  0
LINE
  5
242
330
17
100
AcDbEntity
  8
LETTERING_ETCH
100
AcDbLine
 10
2.98834
 20
1.503755
 30
0.0
 11
2.983453
 21
1.56286
 31
0.0
  0
LINE
  5
243
330
17
100
AcDbEntity
  8
LETTERING_ETCH
100
AcDbLine
 10
2.983453
 20
1.56286
 30
0.0
 11
2.975309
 21
1.620216
 31
0.0
  0
LINE
  5
244
330
17
100
AcDbEntity
  8
LETTERING_ETCH
100
AcDbLine
 10
2.975309
 20
1.620216
 30
0.0
 11
2.963906
 21
1.675823
 31
0.0
  0
LINE
  5
245
330
17
100
AcDbEntity
  8
LETTERING_ETCH
100
AcDbLine
 10
2.963906
 20
1.675823
 30
0.0
 11
2.949246
 21
1.729681
 31
0.0
  0
LINE
  5
246
330
17
100
AcDbEntity
  8
LETTERING_ETCH
100
AcDbLine
 10
2.949246
 20
1.729681
 30
0.0
 11
2.931327
 21
1.78179
 31
0.0
  0
LINE
  5
247
330
17
100
AcDbEntity
  8
LETTERING_ETCH
100
AcDbLine
 10
2.931327
 20
1.78179
 30
0.0
 11
2.910151
 21
1.83215
 31
0.0
  0
LINE
  5
248
330
17
100
AcDbEntity
  8
LETTERING_ETCH
100
AcDbLine
 10
2.910151
 20
1.83215
 30
0.0
 11
2.885717
 21
1.880761
 31
0.0
  0
LINE
  5
249
330
17
100
AcDbEntity
  8
LETTERING_ETCH
100
AcDbLine
 10
2.885717
 20
1.880761
 30
0.0
 11
2.858025
 21
1.927623
 31
0.0
  0
LINE
  5
24A
330
17
100
AcDbEntity
  8
LETTERING_ETCH
100
AcDbLine
 10
2.858025
 20
1.927623
 30
0.0
 11
2.827075
 21
1.972737
 31
0.0
  0
LINE
  5
24B
330
17
100
AcDbEntity
  8
LETTERING_ETCH
100
AcDbLine
 10
2.827075
 20
1.972737
 30
0.0
 11
2.792867
 21
2.016101
 31
0.0
  0
LINE
  5
24C
330
17
100
AcDbEntity
  8
LETTERING_ETCH
100
AcDbLine
 10
2.792867
 20
2.016101
 30
0.0
 11
2.755401
 21
2.057716
 31
0.0
  0
LINE
  5
24D
330
17
100
AcDbEntity
  8
LETTERING_ETCH
100
AcDbLine
 10
2.755401
 20
2.057716
 30
0.0
 11
2.714678
 21
2.097582
 31
0.0
  0
LINE
  5
24E
330
17
100
AcDbEntity
  8
LETTERING_ETCH
100
AcDbLine
 10
2.714678
 20
2.097582
 30
0.0
 11
2.670696
 21
2.1357
 31
0.0
  0
LINE
  5
24F
330
17
100
AcDbEntity
  8
LETTERING_ETCH
100
AcDbLine
 10
2.670696
 20
2.1357
 30
0.0
 11
2.623457
 21
2.172068
 31
0.0
  0
LINE
  5
250
330
17
100
AcDbEntity
  8
LETTERING_ETCH
100
AcDbLine
 10
2.623457
 20
2.172068
 30
0.0
 11
2.584032
 21
2.199352
 31
0.0
  0
LINE
  5
251
330
17
100
AcDbEntity
  8
LETTERING_ETCH
100
AcDbLine
 10
2.584032
 20
2.199352
 30
0.0
 11
2.542919
 21
2.225161
 31
0.0
  0
LINE
  5
252
330
17
100
AcDbEntity
  8
LETTERING_ETCH
100
AcDbLine
 10
2.542919
 20
2.225161
 30
0.0
 11
2.500118
 21
2.249496
 31
0.0
  0
LINE
  5
253
330
17
100
AcDbEntity
  8
LETTERING_ETCH
100
AcDbLine
 10
2.500118
 20
2.249496
 30
0.0
 11
2.455627
 21
2.272355
 31
0.0
  0
LINE
  5
254
330
17
100
AcDbEntity
  8
LETTERING_ETCH
100
AcDbLine
 10
2.455627
 20
2.272355
 30
0.0
 11
2.409449
 21
2.29374
 31
0.0
  0
LINE
  5
255
330
17
100
AcDbEntity
  8
LETTERING_ETCH
100
AcDbLine
 10
2.409449
 20
2.29374
 30
0.0
 11
2.361581
 21
2.31365
 31
0.0
  0
LINE
  5
256
330
17
100
AcDbEntity
  8
LETTERING_ETCH
100
AcDbLine
 10
2.361581
 20
2.31365
 30
0.0
 11
2.312025
 21
2.332085
 31
0.0
  0
LINE
  5
257
330
17
100
AcDbEntity
  8
LETTERING_ETCH
100
AcDbLine
 10
2.312025
 20
2.332085
 30
0.0
 11
2.260781
 21
2.349045
 31
0.0
  0
LINE
  5
258
330
17
100
AcDbEntity
  8
LETTERING_ETCH
100
AcDbLine
 10
2.260781
 20
2.349045
 30
0.0
 11
2.207848
 21
2.364531
 31
0.0
  0
LINE
  5
259
330
17
100
AcDbEntity
  8
LETTERING_ETCH
100
AcDbLine
 10
2.207848
 20
2.364531
 30
0.0
 11
2.153227
 21
2.378542
 31
0.0
  0
LINE
  5
25A
330
17
100
AcDbEntity
  8
LETTERING_ETCH
100
AcDbLine
 10
2.153227
 20
2.378542
 30
0.0
 11
2.096917
 21
2.391078
 31
0.0
  0
LINE
  5
25B
330
17
100
AcDbEntity
  8
LETTERING_ETCH
100
AcDbLine
 10
2.096917
 20
2.391078
 30
0.0
 11
2.038918
 21
2.402139
 31
0.0
  0
LINE
  5
25C
330
17
100
AcDbEntity
  8
LETTERING_ETCH
100
AcDbLine
 10
2.038918
 20
2.402139
 30
0.0
 11
1.979231
 21
2.411725
 31
0.0
  0
LINE
  5
25D
330
17
100
AcDbEntity
  8
LETTERING_ETCH
100
AcDbLine
 10
1.979231
 20
2.411725
 30
0.0
 11
1.917855
 21
2.419836
 31
0.0
  0
LINE
  5
25E
330
17
100
AcDbEntity
  8
LETTERING_ETCH
100
AcDbLine
 10
1.917855
 20
2.419836
 30
0.0
 11
1.854791
 21
2.426473
 31
0.0
  0
LINE
  5
25F
330
17
100
AcDbEntity
  8
LETTERING_ETCH
100
AcDbLine
 10
1.854791
 20
2.426473
 30
0.0
 11
1.790038
 21
2.431635
 31
0.0
  0
LINE
  5
260
330
17
100
AcDbEntity
  8
LETTERING_ETCH
100
AcDbLine
 10
1.790038
 20
2.431635
 30
0.0
 11
1.723597
 21
2.435322
 31
0.0
  0
LINE
  5
261
330
17
100
AcDbEntity
  8
LETTERING_ETCH
100
AcDbLine
 10
1.723597
 20
2.435322
 30
0.0
 11
1.655467
 21
2.437534
 31
0.0
  0
LINE
  5
262
330
17
100
AcDbEntity
  8
LETTERING_ETCH
100
AcDbLine
 10
1.655467
 20
2.437534
 30
0.0
 11
1.585648
 21
2.438272
 31
0.0
  0
LINE
  5
263
330
17
100
AcDbEntity
  8
LETTERING_ETCH
100
AcDbLine
 10
1.585648
 20
2.438272
 30
0.0
 11
1.534182
 21
2.43804
 31
0.0
  0
LINE
  5
264
330
17
100
AcDbEntity
  8
LETTERING_ETCH
100
AcDbLine
 10
1.534182
 20
2.43804
 30
0.0
 11
1.481636
 21
2.437346
 31
0.0
  0
LINE
  5
265
330
17
100
AcDbEntity
  8
LETTERING_ETCH
100
AcDbLine
 10
1.481636
 20
2.437346
 30
0.0
 11
1.428009
 21
2.436188
 31
0.0
  0
LINE
  5
266
330
17
100
AcDbEntity
  8
LETTERING_ETCH
100
AcDbLine
 10
1.428009
 20
2.436188
 30
0.0
 11
1.373302
 21
2.434568
 31
0.0
  0
LINE
  5
267
330
17
100
AcDbEntity
  8
LETTERING_ETCH
100
AcDbLine
 10
1.373302
 20
2.434568
 30
0.0
 11
1.317515
 21
2.432485
 31
0.0
  0
LINE
  5
268
330
17
100
AcDbEntity
  8
LETTERING_ETCH
100
AcDbLine
 10
1.317515
 20
2.432485
 30
0.0
 11
1.260648
 21
2.429938
 31
0.0
  0
LINE
  5
269
330
17
100
AcDbEntity
  8
LETTERING_ETCH
100
AcDbLine
 10
1.260648
 20
2.429938
 30
0.0
 11
1.202701
 21
2.426929
 31
0.0
  0
LINE
  5
26A
330
17
100
AcDbEntity
  8
LETTERING_ETCH
100
AcDbLine
 10
1.202701
 20
2.426929
 30
0.0
 11
1.143673
 21
2.423457
 31
0.0
  0
LINE
  5
26B
330
17
100
AcDbEntity
  8
LETTERING_ETCH
100
AcDbLine
 10
1.143673
 20
2.423457
 30
0.0
 11
1.083565
 21
2.419522
 31
0.0
  0
LINE
  5
26C
330
17
100
AcDbEntity
  8
LETTERING_ETCH
100
AcDbLine
 10
1.083565
 20
2.419522
 30
0.0
 11
1.022377
 21
2.415123
 31
0.0
  0
LINE
  5
26D
330
17
100
AcDbEntity
  8
LETTERING_ETCH
100
AcDbLine
 10
1.022377
 20
2.415123
 30
0.0
 11
0.961265
 21
2.410725
 31
0.0
  0
LINE
  5
26E
330
17
100
AcDbEntity
  8
LETTERING_ETCH
100
AcDbLine
 10
0.961265
 20
2.410725
 30
0.0
 11
0.901389
 21
2.40679
 31
0.0
  0
LINE
  5
26F
330
17
100
AcDbEntity
  8
LETTERING_ETCH
100
AcDbLine
 10
0.901389
 20
2.40679
 30
0.0
 11
0.842747
 21
2.403318
 31
0.0
  0
LINE
  5
270
330
17
100
AcDbEntity
  8
LETTERING_ETCH
100
AcDbLine
 10
0.842747
 20
2.403318
 30
0.0
 11
0.78534
 21
2.400309
 31
0.0
  0
LINE
  5
271
330
17
100
AcDbEntity
  8
LETTERING_ETCH
100
AcDbLine
 10
0.78534
 20
2.400309
 30
0.0
 11
0.729167
 21
2.397762
 31
0.0
  0
LINE
  5
272
330
17
100
AcDbEntity
  8
LETTERING_ETCH
100
AcDbLine
 10
0.729167
 20
2.397762
 30
0.0
 11
0.674228
 21
2.395679
 31
0.0
  0
LINE
  5
273
330
17
100
AcDbEntity
  8
LETTERING_ETCH
100
AcDbLine
 10
0.674228
 20
2.395679
 30
0.0
 11
0.620525
 21
2.394059
 31
0.0
  0
LINE
  5
274
330
17
100
AcDbEntity
  8
LETTERING_ETCH
100
AcDbLine
 10
0.620525
 20
2.394059
 30
0.0
 11
0.568056
 21
2.392901
 31
0.0
  0
LINE
  5
275
330
17
100
AcDbEntity
  8
LETTERING_ETCH
100
AcDbLine
 10
0.568056
 20
2.392901
 30
0.0
 11
0.516821
 21
2.392207
 31
0.0
  0
LINE
  5
276
330
17
100
AcDbEntity
  8
LETTERING_ETCH
100
AcDbLine
 10
0.516821
 20
2.392207
 30
0.0
 11
0.466821
 21
2.391975
 31
0.0
  0
LINE
  5
277
330
17
100
AcDbEntity
  8
LETTERING_ETCH
100
AcDbLine
 10
0.466821
 20
2.391975
 30
0.0
 11
0.407141
 21
2.392118
 31
0.0
  0
LINE
  5
278
330
17
100
AcDbEntity
  8
LETTERING_ETCH
100
AcDbLine
 10
0.407141
 20
2.392118
 30
0.0
 11
0.348127
 21
2.392547
 31
0.0
  0
LINE
  5
279
330
17
100
AcDbEntity
  8
LETTERING_ETCH
100
AcDbLine
 10
0.348127
 20
2.392547
 30
0.0
 11
0.289781
 21
2.393261
 31
0.0
  0
LINE
  5
27A
330
17
100
AcDbEntity
  8
LETTERING_ETCH
100
AcDbLine
 10
0.289781
 20
2.393261
 30
0.0
 11
0.232101
 21
2.394262
 31
0.0
  0
LINE
  5
27B
330
17
100
AcDbEntity
  8
LETTERING_ETCH
100
AcDbLine
 10
0.232101
 20
2.394262
 30
0.0
 11
0.175088
 21
2.395548
 31
0.0
  0
LINE
  5
27C
330
17
100
AcDbEntity
  8
LETTERING_ETCH
100
AcDbLine
 10
0.175088
 20
2.395548
 30
0.0
 11
0.118741
 21
2.397119
 31
0.0
  0
LINE
  5
27D
330
17
100
AcDbEntity
  8
LETTERING_ETCH
100
AcDbLine
 10
0.118741
 20
2.397119
 30
0.0
 11
0.063062
 21
2.398977
 31
0.0
  0
LINE
  5
27E
330
17
100
AcDbEntity
  8
LETTERING_ETCH
100
AcDbLine
 10
0.063062
 20
2.398977
 30
0.0
 11
0.008049
 21
2.40112
 31
0.0
  0
LINE
  5
27F
330
17
100
AcDbEntity
  8
LETTERING_ETCH
100
AcDbLine
 10
0.008049
 20
2.40112
 30
0.0
 11
-0.046296
 21
2.403549
 31
0.0
  0
LINE
  5
280
330
17
100
AcDbEntity
  8
LETTERING_ETCH
100
AcDbLine
 10
-0.046296
 20
2.403549
 30
0.0
 11
-0.106277
 21
2.406262
 31
0.0
  0
LINE
  5
281
330
17
100
AcDbEntity
  8
LETTERING_ETCH
100
AcDbLine
 10
-0.106277
 20
2.406262
 30
0.0
 11
-0.164689
 21
2.408613
 31
0.0
  0
LINE
  5
282
330
17
100
AcDbEntity
  8
LETTERING_ETCH
100
AcDbLine
 10
-0.164689
 20
2.408613
 30
0.0
 11
-0.221535
 21
2.410602
 31
0.0
  0
LINE
  5
283
330
17
100
AcDbEntity
  8
LETTERING_ETCH
100
AcDbLine
 10
-0.221535
 20
2.410602
 30
0.0
 11
-0.276813
 21
2.41223
 31
0.0
  0
LINE
  5
284
330
17
100
AcDbEntity
  8
LETTERING_ETCH
100
AcDbLine
 10
-0.276813
 20
2.41223
 30
0.0
 11
-0.330524
 21
2.413496
 31
0.0
  0
LINE
  5
285
330
17
100
AcDbEntity
  8
LETTERING_ETCH
100
AcDbLine
 10
-0.330524
 20
2.413496
 30
0.0
 11
-0.382668
 21
2.4144
 31
0.0
  0
LINE
  5
286
330
17
100
AcDbEntity
  8
LETTERING_ETCH
100
AcDbLine
 10
-0.382668
 20
2.4144
 30
0.0
 11
-0.433244
 21
2.414943
 31
0.0
  0
LINE
  5
287
330
17
100
AcDbEntity
  8
LETTERING_ETCH
100
AcDbLine
 10
-0.433244
 20
2.414943
 30
0.0
 11
-0.482253
 21
2.415123
 31
0.0
  0
LINE
  5
288
330
17
100
AcDbEntity
  8
LETTERING_ETCH
100
AcDbLine
 10
-0.482253
 20
2.415123
 30
0.0
 11
-0.493827
 21
2.403549
 31
0.0
  0
LINE
  5
289
330
17
100
AcDbEntity
  8
LETTERING_ETCH
100
AcDbLine
 10
-0.493827
 20
2.403549
 30
0.0
 11
-0.497685
 21
2.368827
 31
0.0
  0
LINE
  5
28A
330
17
100
AcDbEntity
  8
LETTERING_ETCH
100
AcDbLine
 10
-0.497685
 20
2.368827
 30
0.0
 11
-0.493827
 21
2.334105
 31
0.0
  0
LINE
  5
28B
330
17
100
AcDbEntity
  8
LETTERING_ETCH
100
AcDbLine
 10
-0.493827
 20
2.334105
 30
0.0
 11
-0.482253
 21
2.322531
 31
0.0
  0
LINE
  5
28C
330
17
100
AcDbEntity
  8
LETTERING_ETCH
100
AcDbLine
 10
-0.482253
 20
2.322531
 30
0.0
 11
-0.412179
 21
2.321665
 31
0.0
  0
LINE
  5
28D
330
17
100
AcDbEntity
  8
LETTERING_ETCH
100
AcDbLine
 10
-0.412179
 20
2.321665
 30
0.0
 11
-0.347458
 21
2.319067
 31
0.0
  0
LINE
  5
28E
330
17
100
AcDbEntity
  8
LETTERING_ETCH
100
AcDbLine
 10
-0.347458
 20
2.319067
 30
0.0
 11
-0.288092
 21
2.314736
 31
0.0
  0
LINE
  5
28F
330
17
100
AcDbEntity
  8
LETTERING_ETCH
100
AcDbLine
 10
-0.288092
 20
2.314736
 30
0.0
 11
-0.23408
 21
2.308673
 31
0.0
  0
LINE
  5
290
330
17
100
AcDbEntity
  8
LETTERING_ETCH
100
AcDbLine
 10
-0.23408
 20
2.308673
 30
0.0
 11
-0.185421
 21
2.300879
 31
0.0
  0
LINE
  5
291
330
17
100
AcDbEntity
  8
LETTERING_ETCH
100
AcDbLine
 10
-0.185421
 20
2.300879
 30
0.0
 11
-0.142117
 21
2.291352
 31
0.0
  0
LINE
  5
292
330
17
100
AcDbEntity
  8
LETTERING_ETCH
100
AcDbLine
 10
-0.142117
 20
2.291352
 30
0.0
 11
-0.104167
 21
2.280093
 31
0.0
  0
LINE
  5
293
330
17
100
AcDbEntity
  8
LETTERING_ETCH
100
AcDbLine
 10
-0.104167
 20
2.280093
 30
0.0
 11
-0.058025
 21
2.26034
 31
0.0
  0
LINE
  5
294
330
17
100
AcDbEntity
  8
LETTERING_ETCH
100
AcDbLine
 10
-0.058025
 20
2.26034
 30
0.0
 11
-0.018364
 21
2.235031
 31
0.0
  0
LINE
  5
295
330
17
100
AcDbEntity
  8
LETTERING_ETCH
100
AcDbLine
 10
-0.018364
 20
2.235031
 30
0.0
 11
0.014815000000000002
 21
2.204167
 31
0.0
  0
LINE
  5
296
330
17
100
AcDbEntity
  8
LETTERING_ETCH
100
AcDbLine
 10
0.014815
 20
2.204167
 30
0.0
 11
0.041512
 21
2.167747
 31
0.0
  0
LINE
  5
297
330
17
100
AcDbEntity
  8
LETTERING_ETCH
100
AcDbLine
 10
0.041512
 20
2.167747
 30
0.0
 11
0.061728
 21
2.125772
 31
0.0
  0
LINE
  5
298
330
17
100
AcDbEntity
  8
LETTERING_ETCH
100
AcDbLine
 10
0.061728
 20
2.125772
 30
0.0
 11
0.074696
 21
2.08537
 31
0.0
  0
LINE
  5
299
330
17
100
AcDbEntity
  8
LETTERING_ETCH
100
AcDbLine
 10
0.074696
 20
2.08537
 30
0.0
 11
0.085305
 21
2.038752
 31
0.0
  0
LINE
  5
29A
330
17
100
AcDbEntity
  8
LETTERING_ETCH
100
AcDbLine
 10
0.085305
 20
2.038752
 30
0.0
 11
0.093557
 21
1.985918
 31
0.0
  0
LINE
  5
29B
330
17
100
AcDbEntity
  8
LETTERING_ETCH
100
AcDbLine
 10
0.093557
 20
1.985918
 30
0.0
 11
0.099451
 21
1.926869
 31
0.0
  0
LINE
  5
29C
330
17
100
AcDbEntity
  8
LETTERING_ETCH
100
AcDbLine
 10
0.099451
 20
1.926869
 30
0.0
 11
0.102988
 21
1.861604
 31
0.0
  0
LINE
  5
29D
330
17
100
AcDbEntity
  8
LETTERING_ETCH
100
AcDbLine
 10
0.102988
 20
1.861604
 30
0.0
 11
0.104167
 21
1.790123
 31
0.0
  0
LINE
  5
29E
330
17
100
AcDbEntity
  8
LETTERING_ETCH
100
AcDbLine
 10
0.104167
 20
1.790123
 30
0.0
 11
0.104167
 21
-1.782407
 31
0.0
  0
LINE
  5
29F
330
17
100
AcDbEntity
  8
LETTERING_ETCH
100
AcDbLine
 10
0.104167
 20
-1.782407
 30
0.0
 11
0.102881
 21
-1.853995
 31
0.0
  0
LINE
  5
2A0
330
17
100
AcDbEntity
  8
LETTERING_ETCH
100
AcDbLine
 10
0.102881
 20
-1.853995
 30
0.0
 11
0.099023
 21
-1.919582
 31
0.0
  0
LINE
  5
2A1
330
17
100
AcDbEntity
  8
LETTERING_ETCH
100
AcDbLine
 10
0.099023
 20
-1.919582
 30
0.0
 11
0.092593
 21
-1.979167
 31
0.0
  0
LINE
  5
2A2
330
17
100
AcDbEntity
  8
LETTERING_ETCH
100
AcDbLine
 10
0.092593
 20
-1.979167
 30
0.0
 11
0.083591
 21
-2.03275
 31
0.0
  0
LINE
  5
2A3
330
17
100
AcDbEntity
  8
LETTERING_ETCH
100
AcDbLine
 10
0.083591
 20
-2.03275
 30
0.0
 11
0.072016
 21
-2.080333
 31
0.0
  0
LINE
  5
2A4
330
17
100
AcDbEntity
  8
LETTERING_ETCH
100
AcDbLine
 10
0.072016
 20
-2.080333
 30
0.0
 11
0.05787
 21
-2.121914
 31
0.0
  0
LINE
  5
2A5
330
17
100
AcDbEntity
  8
LETTERING_ETCH
100
AcDbLine
 10
0.05787
 20
-2.121914
 30
0.0
 11
0.036265
 21
-2.165123
 31
0.0
  0
LINE
  5
2A6
330
17
100
AcDbEntity
  8
LETTERING_ETCH
100
AcDbLine
 10
0.036265
 20
-2.165123
 30
0.0
 11
0.008488000000000006
 21
-2.20216
 31
0.0
  0
LINE
  5
2A7
330
17
100
AcDbEntity
  8
LETTERING_ETCH
100
AcDbLine
 10
0.008488
 20
-2.20216
 30
0.0
 11
-0.025463
 21
-2.233025
 31
0.0
  0
LINE
  5
2A8
330
17
100
AcDbEntity
  8
LETTERING_ETCH
100
AcDbLine
 10
-0.025463
 20
-2.233025
 30
0.0
 11
-0.065586
 21
-2.257716
 31
0.0
  0
LINE
  5
2A9
330
17
100
AcDbEntity
  8
LETTERING_ETCH
100
AcDbLine
 10
-0.065586
 20
-2.257716
 30
0.0
 11
-0.111883
 21
-2.276235
 31
0.0
  0
LINE
  5
2AA
330
17
100
AcDbEntity
  8
LETTERING_ETCH
100
AcDbLine
 10
-0.111883
 20
-2.276235
 30
0.0
 11
-0.149833
 21
-2.28647
 31
0.0
  0
LINE
  5
2AB
330
17
100
AcDbEntity
  8
LETTERING_ETCH
100
AcDbLine
 10
-0.149833
 20
-2.28647
 30
0.0
 11
-0.193137
 21
-2.295131
 31
0.0
  0
LINE
  5
2AC
330
17
100
AcDbEntity
  8
LETTERING_ETCH
100
AcDbLine
 10
-0.193137
 20
-2.295131
 30
0.0
 11
-0.241796
 21
-2.302217
 31
0.0
  0
LINE
  5
2AD
330
17
100
AcDbEntity
  8
LETTERING_ETCH
100
AcDbLine
 10
-0.241796
 20
-2.302217
 30
0.0
 11
-0.295808
 21
-2.307729
 31
0.0
  0
LINE
  5
2AE
330
17
100
AcDbEntity
  8
LETTERING_ETCH
100
AcDbLine
 10
-0.295808
 20
-2.307729
 30
0.0
 11
-0.355174
 21
-2.311665
 31
0.0
  0
LINE
  5
2AF
330
17
100
AcDbEntity
  8
LETTERING_ETCH
100
AcDbLine
 10
-0.355174
 20
-2.311665
 30
0.0
 11
-0.419895
 21
-2.314027
 31
0.0
  0
LINE
  5
2B0
330
17
100
AcDbEntity
  8
LETTERING_ETCH
100
AcDbLine
 10
-0.419895
 20
-2.314027
 30
0.0
 11
-0.489969
 21
-2.314815
 31
0.0
  0
LINE
  5
2B1
330
17
100
AcDbEntity
  8
LETTERING_ETCH
100
AcDbLine
 10
-0.489969
 20
-2.314815
 30
0.0
 11
-0.50733
 21
-2.326389
 31
0.0
  0
LINE
  5
2B2
330
17
100
AcDbEntity
  8
LETTERING_ETCH
100
AcDbLine
 10
-0.50733
 20
-2.326389
 30
0.0
 11
-0.513117
 21
-2.361111
 31
0.0
  0
LINE
  5
2B3
330
17
100
AcDbEntity
  8
LETTERING_ETCH
100
AcDbLine
 10
-0.513117
 20
-2.361111
 30
0.0
 11
-0.50733
 21
-2.395833
 31
0.0
  0
LINE
  5
2B4
330
17
100
AcDbEntity
  8
LETTERING_ETCH
100
AcDbLine
 10
-0.50733
 20
-2.395833
 30
0.0
 11
-0.489969
 21
-2.407407
 31
0.0
  0
LINE
  5
2B5
330
17
100
AcDbEntity
  8
LETTERING_ETCH
100
AcDbLine
 10
-0.489969
 20
-2.407407
 30
0.0
 11
-0.4409
 21
-2.407287
 31
0.0
  0
LINE
  5
2B6
330
17
100
AcDbEntity
  8
LETTERING_ETCH
100
AcDbLine
 10
-0.4409
 20
-2.407287
 30
0.0
 11
-0.390143
 21
-2.406925
 31
0.0
  0
LINE
  5
2B7
330
17
100
AcDbEntity
  8
LETTERING_ETCH
100
AcDbLine
 10
-0.390143
 20
-2.406925
 30
0.0
 11
-0.337698
 21
-2.406322
 31
0.0
  0
LINE
  5
2B8
330
17
100
AcDbEntity
  8
LETTERING_ETCH
100
AcDbLine
 10
-0.337698
 20
-2.406322
 30
0.0
 11
-0.283565
 21
-2.405478
 31
0.0
  0
LINE
  5
2B9
330
17
100
AcDbEntity
  8
LETTERING_ETCH
100
AcDbLine
 10
-0.283565
 20
-2.405478
 30
0.0
 11
-0.227744
 21
-2.404393
 31
0.0
  0
LINE
  5
2BA
330
17
100
AcDbEntity
  8
LETTERING_ETCH
100
AcDbLine
 10
-0.227744
 20
-2.404393
 30
0.0
 11
-0.170235
 21
-2.403067
 31
0.0
  0
LINE
  5
2BB
330
17
100
AcDbEntity
  8
LETTERING_ETCH
100
AcDbLine
 10
-0.170235
 20
-2.403067
 30
0.0
 11
-0.111039
 21
-2.4015
 31
0.0
  0
LINE
  5
2BC
330
17
100
AcDbEntity
  8
LETTERING_ETCH
100
AcDbLine
 10
-0.111039
 20
-2.4015
 30
0.0
 11
-0.050154
 21
-2.399691
 31
0.0
  0
LINE
  5
2BD
330
17
100
AcDbEntity
  8
LETTERING_ETCH
100
AcDbLine
 10
-0.050154
 20
-2.399691
 30
0.0
 11
0.0050009999999999985
 21
-2.398072
 31
0.0
  0
LINE
  5
2BE
330
17
100
AcDbEntity
  8
LETTERING_ETCH
100
AcDbLine
 10
0.005001
 20
-2.398072
 30
0.0
 11
0.060728
 21
-2.396643
 31
0.0
  0
LINE
  5
2BF
330
17
100
AcDbEntity
  8
LETTERING_ETCH
100
AcDbLine
 10
0.060728
 20
-2.396643
 30
0.0
 11
0.117027
 21
-2.395405
 31
0.0
  0
LINE
  5
2C0
330
17
100
AcDbEntity
  8
LETTERING_ETCH
100
AcDbLine
 10
0.117027
 20
-2.395405
 30
0.0
 11
0.173897
 21
-2.394357
 31
0.0
  0
LINE
  5
2C1
330
17
100
AcDbEntity
  8
LETTERING_ETCH
100
AcDbLine
 10
0.173897
 20
-2.394357
 30
0.0
 11
0.231339
 21
-2.393499
 31
0.0
  0
LINE
  5
2C2
330
17
100
AcDbEntity
  8
LETTERING_ETCH
100
AcDbLine
 10
0.231339
 20
-2.393499
 30
0.0
 11
0.289352
 21
-2.392833
 31
0.0
  0
LINE
  5
2C3
330
17
100
AcDbEntity
  8
LETTERING_ETCH
100
AcDbLine
 10
0.289352
 20
-2.392833
 30
0.0
 11
0.347937
 21
-2.392356
 31
0.0
  0
LINE
  5
2C4
330
17
100
AcDbEntity
  8
LETTERING_ETCH
100
AcDbLine
 10
0.347937
 20
-2.392356
 30
0.0
 11
0.407093
 21
-2.392071
 31
0.0
  0
LINE
  5
2C5
330
17
100
AcDbEntity
  8
LETTERING_ETCH
100
AcDbLine
 10
0.407093
 20
-2.392071
 30
0.0
 11
0.466821
 21
-2.391975
 31
0.0
  0
LINE
  5
2C6
330
17
100
AcDbEntity
  8
LETTERING_ETCH
100
AcDbLine
 10
0.466821
 20
-2.391975
 30
0.0
 11
0.529693
 21
-2.392071
 31
0.0
  0
LINE
  5
2C7
330
17
100
AcDbEntity
  8
LETTERING_ETCH
100
AcDbLine
 10
0.529693
 20
-2.392071
 30
0.0
 11
0.591421
 21
-2.392356
 31
0.0
  0
LINE
  5
2C8
330
17
100
AcDbEntity
  8
LETTERING_ETCH
100
AcDbLine
 10
0.591421
 20
-2.392356
 30
0.0
 11
0.652006
 21
-2.392833
 31
0.0
  0
LINE
  5
2C9
330
17
100
AcDbEntity
  8
LETTERING_ETCH
100
AcDbLine
 10
0.652006
 20
-2.392833
 30
0.0
 11
0.711448
 21
-2.393499
 31
0.0
  0
LINE
  5
2CA
330
17
100
AcDbEntity
  8
LETTERING_ETCH
100
AcDbLine
 10
0.711448
 20
-2.393499
 30
0.0
 11
0.769747
 21
-2.394357
 31
0.0
  0
LINE
  5
2CB
330
17
100
AcDbEntity
  8
LETTERING_ETCH
100
AcDbLine
 10
0.769747
 20
-2.394357
 30
0.0
 11
0.826903
 21
-2.395405
 31
0.0
  0
LINE
  5
2CC
330
17
100
AcDbEntity
  8
LETTERING_ETCH
100
AcDbLine
 10
0.826903
 20
-2.395405
 30
0.0
 11
0.882916
 21
-2.396643
 31
0.0
  0
LINE
  5
2CD
330
17
100
AcDbEntity
  8
LETTERING_ETCH
100
AcDbLine
 10
0.882916
 20
-2.396643
 30
0.0
 11
0.937786
 21
-2.398072
 31
0.0
  0
LINE
  5
2CE
330
17
100
AcDbEntity
  8
LETTERING_ETCH
100
AcDbLine
 10
0.937786
 20
-2.398072
 30
0.0
 11
0.991512
 21
-2.399691
 31
0.0
  0
LINE
  5
2CF
330
17
100
AcDbEntity
  8
LETTERING_ETCH
100
AcDbLine
 10
0.991512
 20
-2.399691
 30
0.0
 11
1.050588
 21
-2.4015
 31
0.0
  0
LINE
  5
2D0
330
17
100
AcDbEntity
  8
LETTERING_ETCH
100
AcDbLine
 10
1.050588
 20
-2.4015
 30
0.0
 11
1.108218
 21
-2.403067
 31
0.0
  0
LINE
  5
2D1
330
17
100
AcDbEntity
  8
LETTERING_ETCH
100
AcDbLine
 10
1.108218
 20
-2.403067
 30
0.0
 11
1.1644
 21
-2.404393
 31
0.0
  0
LINE
  5
2D2
330
17
100
AcDbEntity
  8
LETTERING_ETCH
100
AcDbLine
 10
1.1644
 20
-2.404393
 30
0.0
 11
1.219136
 21
-2.405478
 31
0.0
  0
LINE
  5
2D3
330
17
100
AcDbEntity
  8
LETTERING_ETCH
100
AcDbLine
 10
1.219136
 20
-2.405478
 30
0.0
 11
1.272425
 21
-2.406322
 31
0.0
  0
LINE
  5
2D4
330
17
100
AcDbEntity
  8
LETTERING_ETCH
100
AcDbLine
 10
1.272425
 20
-2.406322
 30
0.0
 11
1.324267
 21
-2.406925
 31
0.0
  0
LINE
  5
2D5
330
17
100
AcDbEntity
  8
LETTERING_ETCH
100
AcDbLine
 10
1.324267
 20
-2.406925
 30
0.0
 11
1.374662
 21
-2.407287
 31
0.0
  0
LINE
  5
2D6
330
17
100
AcDbEntity
  8
LETTERING_ETCH
100
AcDbLine
 10
1.374662
 20
-2.407287
 30
0.0
 11
1.423611
 21
-2.407407
 31
0.0
  0
LINE
  5
2D7
330
17
100
AcDbEntity
  8
LETTERING_ETCH
100
AcDbLine
 10
1.423611
 20
-2.407407
 30
0.0
 11
1.440972
 21
-2.395833
 31
0.0
  0
LINE
  5
2D8
330
17
100
AcDbEntity
  8
LETTERING_ETCH
100
AcDbLine
 10
1.440972
 20
-2.395833
 30
0.0
 11
1.446759
 21
-2.361111
 31
0.0
  0
LINE
  5
2D9
330
17
100
AcDbEntity
  8
LETTERING_ETCH
100
AcDbLine
 10
1.446759
 20
-2.361111
 30
0.0
 11
1.440972
 21
-2.326389
 31
0.0
  0
LINE
  5
2DA
330
17
100
AcDbEntity
  8
LETTERING_ETCH
100
AcDbLine
 10
1.440972
 20
-2.326389
 30
0.0
 11
1.423611
 21
-2.314815
 31
0.0
  0
LINE
  5
2DB
330
17
100
AcDbEntity
  8
LETTERING_ETCH
100
AcDbLine
 10
1.423611
 20
-2.314815
 30
0.0
 11
1.355505
 21
-2.314027
 31
0.0
  0
LINE
  5
2DC
330
17
100
AcDbEntity
  8
LETTERING_ETCH
100
AcDbLine
 10
1.355505
 20
-2.314027
 30
0.0
 11
1.292281
 21
-2.311665
 31
0.0
  0
LINE
  5
2DD
330
17
100
AcDbEntity
  8
LETTERING_ETCH
100
AcDbLine
 10
1.292281
 20
-2.311665
 30
0.0
 11
1.233938
 21
-2.307729
 31
0.0
  0
LINE
  5
2DE
330
17
100
AcDbEntity
  8
LETTERING_ETCH
100
AcDbLine
 10
1.233938
 20
-2.307729
 30
0.0
 11
1.180477
 21
-2.302217
 31
0.0
  0
LINE
  5
2DF
330
17
100
AcDbEntity
  8
LETTERING_ETCH
100
AcDbLine
 10
1.180477
 20
-2.302217
 30
0.0
 11
1.131897
 21
-2.295131
 31
0.0
  0
LINE
  5
2E0
330
17
100
AcDbEntity
  8
LETTERING_ETCH
100
AcDbLine
 10
1.131897
 20
-2.295131
 30
0.0
 11
1.088199
 21
-2.28647
 31
0.0
  0
LINE
  5
2E1
330
17
100
AcDbEntity
  8
LETTERING_ETCH
100
AcDbLine
 10
1.088199
 20
-2.28647
 30
0.0
 11
1.049383
 21
-2.276235
 31
0.0
  0
LINE
  5
2E2
330
17
100
AcDbEntity
  8
LETTERING_ETCH
100
AcDbLine
 10
1.049383
 20
-2.276235
 30
0.0
 11
1.002006
 21
-2.257716
 31
0.0
  0
LINE
  5
2E3
330
17
100
AcDbEntity
  8
LETTERING_ETCH
100
AcDbLine
 10
1.002006
 20
-2.257716
 30
0.0
 11
0.961728
 21
-2.233025
 31
0.0
  0
LINE
  5
2E4
330
17
100
AcDbEntity
  8
LETTERING_ETCH
100
AcDbLine
 10
0.961728
 20
-2.233025
 30
0.0
 11
0.928549
 21
-2.20216
 31
0.0
  0
LINE
  5
2E5
330
17
100
AcDbEntity
  8
LETTERING_ETCH
100
AcDbLine
 10
0.928549
 20
-2.20216
 30
0.0
 11
0.902469
 21
-2.165123
 31
0.0
  0
LINE
  5
2E6
330
17
100
AcDbEntity
  8
LETTERING_ETCH
100
AcDbLine
 10
0.902469
 20
-2.165123
 30
0.0
 11
0.883488
 21
-2.121914
 31
0.0
  0
LINE
  5
2E7
330
17
100
AcDbEntity
  8
LETTERING_ETCH
100
AcDbLine
 10
0.883488
 20
-2.121914
 30
0.0
 11
0.871699
 21
-2.080333
 31
0.0
  0
LINE
  5
2E8
330
17
100
AcDbEntity
  8
LETTERING_ETCH
100
AcDbLine
 10
0.871699
 20
-2.080333
 30
0.0
 11
0.862054
 21
-2.03275
 31
0.0
  0
LINE
  5
2E9
330
17
100
AcDbEntity
  8
LETTERING_ETCH
100
AcDbLine
 10
0.862054
 20
-2.03275
 30
0.0
 11
0.854552
 21
-1.979167
 31
0.0
  0
LINE
  5
2EA
330
17
100
AcDbEntity
  8
LETTERING_ETCH
100
AcDbLine
 10
0.854552
 20
-1.979167
 30
0.0
 11
0.849194
 21
-1.919582
 31
0.0
  0
LINE
  5
2EB
330
17
100
AcDbEntity
  8
LETTERING_ETCH
100
AcDbLine
 10
0.849194
 20
-1.919582
 30
0.0
 11
0.845979
 21
-1.853995
 31
0.0
  0
LINE
  5
2EC
330
17
100
AcDbEntity
  8
LETTERING_ETCH
100
AcDbLine
 10
0.845979
 20
-1.853995
 30
0.0
 11
0.844907
 21
-1.782407
 31
0.0
  0
LINE
  5
2ED
330
17
100
AcDbEntity
  8
LETTERING_ETCH
100
AcDbLine
 10
0.844907
 20
-1.782407
 30
0.0
 11
0.844907
 21
-0.061728000000000005
 31
0.0
  0
LINE
  5
2EE
330
17
100
AcDbEntity
  8
LETTERING_ETCH
100
AcDbLine
 10
0.844907
 20
-0.061728
 30
0.0
 11
0.888792
 21
-0.065345
 31
0.0
  0
LINE
  5
2EF
330
17
100
AcDbEntity
  8
LETTERING_ETCH
100
AcDbLine
 10
0.888792
 20
-0.065345
 30
0.0
 11
0.935571
 21
-0.06848
 31
0.0
  0
LINE
  5
2F0
330
17
100
AcDbEntity
  8
LETTERING_ETCH
100
AcDbLine
 10
0.935571
 20
-0.06848
 30
0.0
 11
0.985243
 21
-0.071132
 31
0.0
  0
LINE
  5
2F1
330
17
100
AcDbEntity
  8
LETTERING_ETCH
100
AcDbLine
 10
0.985243
 20
-0.071132
 30
0.0
 11
1.037809
 21
-0.073302
 31
0.0
  0
LINE
  5
2F2
330
17
100
AcDbEntity
  8
LETTERING_ETCH
100
AcDbLine
 10
1.037809
 20
-0.073302
 30
0.0
 11
1.090856
 21
-0.07499
 31
0.0
  0
LINE
  5
2F3
330
17
100
AcDbEntity
  8
LETTERING_ETCH
100
AcDbLine
 10
1.090856
 20
-0.07499
 30
0.0
 11
1.141975
 21
-0.076196
 31
0.0
  0
LINE
  5
2F4
330
17
100
AcDbEntity
  8
LETTERING_ETCH
100
AcDbLine
 10
1.141975
 20
-0.076196
 30
0.0
 11
1.191165
 21
-0.076919
 31
0.0
  0
LINE
  5
2F5
330
17
100
AcDbEntity
  8
LETTERING_ETCH
100
AcDbLine
 10
1.191165
 20
-0.076919
 30
0.0
 11
1.238426
 21
-0.07716
 31
0.0
  0
LINE
  5
2F6
330
17
100
AcDbEntity
  8
LETTERING_ETCH
100
AcDbLine
 10
1.238426
 20
-0.07716
 30
0.0
 11
1.298868
 21
-0.076303
 31
0.0
  0
LINE
  5
2F7
330
17
100
AcDbEntity
  8
LETTERING_ETCH
100
AcDbLine
 10
1.298868
 20
-0.076303
 30
0.0
 11
1.358796
 21
-0.073731
 31
0.0
  0
LINE
  5
2F8
330
17
100
AcDbEntity
  8
LETTERING_ETCH
100
AcDbLine
 10
1.358796
 20
-0.073731
 30
0.0
 11
1.41821
 21
-0.069444
 31
0.0
  0
LINE
  5
2F9
330
17
100
AcDbEntity
  8
LETTERING_ETCH
100
AcDbLine
 10
1.41821
 20
-0.069444
 30
0.0
 11
1.477109
 21
-0.063443
 31
0.0
  0
LINE
  5
2FA
330
17
100
AcDbEntity
  8
LETTERING_ETCH
100
AcDbLine
 10
1.477109
 20
-0.063443
 30
0.0
 11
1.511767
 21
-0.058863
 31
0.0
  0
LINE
  5
2FB
330
17
100
AcDbEntity
  8
LETTERING_ETCH
100
AcDbLine
 10
1.511767
 20
-0.058863
 30
0.0
 11
1.518646
 21
-0.06997
 31
0.0
  0
LINE
  5
2FC
330
17
100
AcDbEntity
  8
LETTERING_ETCH
100
AcDbLine
 10
1.518646
 20
-0.06997
 30
0.0
 11
1.554196
 21
-0.127161
 31
0.0
  0
LINE
  5
2FD
330
17
100
AcDbEntity
  8
LETTERING_ETCH
100
AcDbLine
 10
1.554196
 20
-0.127161
 30
0.0
 11
1.589483
 21
-0.183724
 31
0.0
  0
LINE
  5
2FE
330
17
100
AcDbEntity
  8
LETTERING_ETCH
100
AcDbLine
 10
1.589483
 20
-0.183724
 30
0.0
 11
1.624508
 21
-0.23966
 31
0.0
  0
LINE
  5
2FF
330
17
100
AcDbEntity
  8
LETTERING_ETCH
100
AcDbLine
 10
1.624508
 20
-0.23966
 30
0.0
 11
1.65927
 21
-0.294968
 31
0.0
  0
LINE
  5
300
330
17
100
AcDbEntity
  8
LETTERING_ETCH
100
AcDbLine
 10
1.65927
 20
-0.294968
 30
0.0
 11
1.69377
 21
-0.349648
 31
0.0
  0
LINE
  5
301
330
17
100
AcDbEntity
  8
LETTERING_ETCH
100
AcDbLine
 10
1.69377
 20
-0.349648
 30
0.0
 11
1.728007
 21
-0.4037
 31
0.0
  0
LINE
  5
302
330
17
100
AcDbEntity
  8
LETTERING_ETCH
100
AcDbLine
 10
1.728007
 20
-0.4037
 30
0.0
 11
1.761982
 21
-0.457125
 31
0.0
  0
LINE
  5
303
330
17
100
AcDbEntity
  8
LETTERING_ETCH
100
AcDbLine
 10
1.761982
 20
-0.457125
 30
0.0
 11
1.795694
 21
-0.509921
 31
0.0
  0
LINE
  5
304
330
17
100
AcDbEntity
  8
LETTERING_ETCH
100
AcDbLine
 10
1.795694
 20
-0.509921
 30
0.0
 11
1.829143
 21
-0.56209
 31
0.0
  0
LINE
  5
305
330
17
100
AcDbEntity
  8
LETTERING_ETCH
100
AcDbLine
 10
1.829143
 20
-0.56209
 30
0.0
 11
1.86233
 21
-0.613631
 31
0.0
  0
LINE
  5
306
330
17
100
AcDbEntity
  8
LETTERING_ETCH
100
AcDbLine
 10
1.86233
 20
-0.613631
 30
0.0
 11
1.895255
 21
-0.664545
 31
0.0
  0
LINE
  5
307
330
17
100
AcDbEntity
  8
LETTERING_ETCH
100
AcDbLine
 10
1.895255
 20
-0.664545
 30
0.0
 11
1.927917
 21
-0.71483
 31
0.0
  0
LINE
  5
308
330
17
100
AcDbEntity
  8
LETTERING_ETCH
100
AcDbLine
 10
1.927917
 20
-0.71483
 30
0.0
 11
1.960316
 21
-0.764488
 31
0.0
  0
LINE
  5
309
330
17
100
AcDbEntity
  8
LETTERING_ETCH
100
AcDbLine
 10
1.960316
 20
-0.764488
 30
0.0
 11
1.992453
 21
-0.813518
 31
0.0
  0
LINE
  5
30A
330
17
100
AcDbEntity
  8
LETTERING_ETCH
100
AcDbLine
 10
1.992453
 20
-0.813518
 30
0.0
 11
2.024327
 21
-0.86192
 31
0.0
  0
LINE
  5
30B
330
17
100
AcDbEntity
  8
LETTERING_ETCH
100
AcDbLine
 10
2.024327
 20
-0.86192
 30
0.0
 11
2.055939
 21
-0.909695
 31
0.0
  0
LINE
  5
30C
330
17
100
AcDbEntity
  8
LETTERING_ETCH
100
AcDbLine
 10
2.055939
 20
-0.909695
 30
0.0
 11
2.087288
 21
-0.956841
 31
0.0
  0
LINE
  5
30D
330
17
100
AcDbEntity
  8
LETTERING_ETCH
100
AcDbLine
 10
2.087288
 20
-0.956841
 30
0.0
 11
2.118375
 21
-1.00336
 31
0.0
  0
LINE
  5
30E
330
17
100
AcDbEntity
  8
LETTERING_ETCH
100
AcDbLine
 10
2.118375
 20
-1.00336
 30
0.0
 11
2.149199
 21
-1.049251
 31
0.0
  0
LINE
  5
30F
330
17
100
AcDbEntity
  8
LETTERING_ETCH
100
AcDbLine
 10
2.149199
 20
-1.049251
 30
0.0
 11
2.179761
 21
-1.094515
 31
0.0
  0
LINE
  5
310
330
17
100
AcDbEntity
  8
LETTERING_ETCH
100
AcDbLine
 10
2.179761
 20
-1.094515
 30
0.0
 11
2.21006
 21
-1.13915
 31
0.0
  0
LINE
  5
311
330
17
100
AcDbEntity
  8
LETTERING_ETCH
100
AcDbLine
 10
2.21006
 20
-1.13915
 30
0.0
 11
2.240097
 21
-1.183158
 31
0.0
  0
LINE
  5
312
330
17
100
AcDbEntity
  8
LETTERING_ETCH
100
AcDbLine
 10
2.240097
 20
-1.183158
 30
0.0
 11
2.269871
 21
-1.226538
 31
0.0
  0
LINE
  5
313
330
17
100
AcDbEntity
  8
LETTERING_ETCH
100
AcDbLine
 10
2.269871
 20
-1.226538
 30
0.0
 11
2.299383
 21
-1.26929
 31
0.0
  0
LINE
  5
314
330
17
100
AcDbEntity
  8
LETTERING_ETCH
100
AcDbLine
 10
2.299383
 20
-1.26929
 30
0.0
 11
2.341476
 21
-1.329792
 31
0.0
  0
LINE
  5
315
330
17
100
AcDbEntity
  8
LETTERING_ETCH
100
AcDbLine
 10
2.341476
 20
-1.329792
 30
0.0
 11
2.382878
 21
-1.388698
 31
0.0
  0
LINE
  5
316
330
17
100
AcDbEntity
  8
LETTERING_ETCH
100
AcDbLine
 10
2.382878
 20
-1.388698
 30
0.0
 11
2.42359
 21
-1.446009
 31
0.0
  0
LINE
  5
317
330
17
100
AcDbEntity
  8
LETTERING_ETCH
100
AcDbLine
 10
2.42359
 20
-1.446009
 30
0.0
 11
2.463611
 21
-1.501724
 31
0.0
  0
LINE
  5
318
330
17
100
AcDbEntity
  8
LETTERING_ETCH
100
AcDbLine
 10
2.463611
 20
-1.501724
 30
0.0
 11
2.502941
 21
-1.555844
 31
0.0
  0
LINE
  5
319
330
17
100
AcDbEntity
  8
LETTERING_ETCH
100
AcDbLine
 10
2.502941
 20
-1.555844
 30
0.0
 11
2.541581
 21
-1.608368
 31
0.0
  0
LINE
  5
31A
330
17
100
AcDbEntity
  8
LETTERING_ETCH
100
AcDbLine
 10
2.541581
 20
-1.608368
 30
0.0
 11
2.57953
 21
-1.659296
 31
0.0
  0
LINE
  5
31B
330
17
100
AcDbEntity
  8
LETTERING_ETCH
100
AcDbLine
 10
2.57953
 20
-1.659296
 30
0.0
 11
2.616789
 21
-1.708629
 31
0.0
  0
LINE
  5
31C
330
17
100
AcDbEntity
  8
LETTERING_ETCH
100
AcDbLine
 10
2.616789
 20
-1.708629
 30
0.0
 11
2.653356
 21
-1.756366
 31
0.0
  0
LINE
  5
31D
330
17
100
AcDbEntity
  8
LETTERING_ETCH
100
AcDbLine
 10
2.653356
 20
-1.756366
 30
0.0
 11
2.689234
 21
-1.802507
 31
0.0
  0
LINE
  5
31E
330
17
100
AcDbEntity
  8
LETTERING_ETCH
100
AcDbLine
 10
2.689234
 20
-1.802507
 30
0.0
 11
2.72442
 21
-1.847053
 31
0.0
  0
LINE
  5
31F
330
17
100
AcDbEntity
  8
LETTERING_ETCH
100
AcDbLine
 10
2.72442
 20
-1.847053
 30
0.0
 11
2.758916
 21
-1.890003
 31
0.0
  0
LINE
  5
320
330
17
100
AcDbEntity
  8
LETTERING_ETCH
100
AcDbLine
 10
2.758916
 20
-1.890003
 30
0.0
 11
2.792722
 21
-1.931358
 31
0.0
  0
LINE
  5
321
330
17
100
AcDbEntity
  8
LETTERING_ETCH
100
AcDbLine
 10
2.792722
 20
-1.931358
 30
0.0
 11
2.825836
 21
-1.971117
 31
0.0
  0
LINE
  5
322
330
17
100
AcDbEntity
  8
LETTERING_ETCH
100
AcDbLine
 10
2.825836
 20
-1.971117
 30
0.0
 11
2.85826
 21
-2.009281
 31
0.0
  0
LINE
  5
323
330
17
100
AcDbEntity
  8
LETTERING_ETCH
100
AcDbLine
 10
2.85826
 20
-2.009281
 30
0.0
 11
2.889994
 21
-2.045849
 31
0.0
  0
LINE
  5
324
330
17
100
AcDbEntity
  8
LETTERING_ETCH
100
AcDbLine
 10
2.889994
 20
-2.045849
 30
0.0
 11
2.921037
 21
-2.080821
 31
0.0
  0
LINE
  5
325
330
17
100
AcDbEntity
  8
LETTERING_ETCH
100
AcDbLine
 10
2.921037
 20
-2.080821
 30
0.0
 11
2.951389
 21
-2.114198
 31
0.0
  0
LINE
  5
326
330
17
100
AcDbEntity
  8
LETTERING_ETCH
100
AcDbLine
 10
2.951389
 20
-2.114198
 30
0.0
 11
3.009497
 21
-2.175735
 31
0.0
  0
LINE
  5
327
330
17
100
AcDbEntity
  8
LETTERING_ETCH
100
AcDbLine
 10
3.009497
 20
-2.175735
 30
0.0
 11
3.063796
 21
-2.230034
 31
0.0
  0
LINE
  5
328
330
17
100
AcDbEntity
  8
LETTERING_ETCH
100
AcDbLine
 10
3.063796
 20
-2.230034
 30
0.0
 11
3.114283
 21
-2.277092
 31
0.0
  0
LINE
  5
329
330
17
100
AcDbEntity
  8
LETTERING_ETCH
100
AcDbLine
 10
3.114283
 20
-2.277092
 30
0.0
 11
3.160961
 21
-2.316911
 31
0.0
  0
LINE
  5
32A
330
17
100
AcDbEntity
  8
LETTERING_ETCH
100
AcDbLine
 10
3.160961
 20
-2.316911
 30
0.0
 11
3.203828
 21
-2.349489
 31
0.0
  0
LINE
  5
32B
330
17
100
AcDbEntity
  8
LETTERING_ETCH
100
AcDbLine
 10
3.203828
 20
-2.349489
 30
0.0
 11
3.242884
 21
-2.374829
 31
0.0
  0
LINE
  5
32C
330
17
100
AcDbEntity
  8
LETTERING_ETCH
100
AcDbLine
 10
3.242884
 20
-2.374829
 30
0.0
 11
3.27813
 21
-2.392928
 31
0.0
  0
LINE
  5
32D
330
17
100
AcDbEntity
  8
LETTERING_ETCH
100
AcDbLine
 10
3.27813
 20
-2.392928
 30
0.0
 11
3.309566
 21
-2.403788
 31
0.0
  0
LINE
  5
32E
330
17
100
AcDbEntity
  8
LETTERING_ETCH
100
AcDbLine
 10
2.211265
 20
0.904801
 30
0.0
 11
2.202932
 21
0.84405
 31
0.0
  0
LINE
  5
32F
330
17
100
AcDbEntity
  8
LETTERING_ETCH
100
AcDbLine
 10
2.202932
 20
0.84405
 30
0.0
 11
2.192747
 21
0.785802
 31
0.0
  0
LINE
  5
330
330
17
100
AcDbEntity
  8
LETTERING_ETCH
100
AcDbLine
 10
2.192747
 20
0.785802
 30
0.0
 11
2.18071
 21
0.730058
 31
0.0
  0
LINE
  5
331
330
17
100
AcDbEntity
  8
LETTERING_ETCH
100
AcDbLine
 10
2.18071
 20
0.730058
 30
0.0
 11
2.166821
 21
0.676818
 31
0.0
  0
LINE
  5
332
330
17
100
AcDbEntity
  8
LETTERING_ETCH
100
AcDbLine
 10
2.166821
 20
0.676818
 30
0.0
 11
2.15108
 21
0.62608
 31
0.0
  0
LINE
  5
333
330
17
100
AcDbEntity
  8
LETTERING_ETCH
100
AcDbLine
 10
2.15108
 20
0.62608
 30
0.0
 11
2.133488
 21
0.577846
 31
0.0
  0
LINE
  5
334
330
17
100
AcDbEntity
  8
LETTERING_ETCH
100
AcDbLine
 10
2.133488
 20
0.577846
 30
0.0
 11
2.114043
 21
0.532116
 31
0.0
  0
LINE
  5
335
330
17
100
AcDbEntity
  8
LETTERING_ETCH
100
AcDbLine
 10
2.114043
 20
0.532116
 30
0.0
 11
2.092747
 21
0.488889
 31
0.0
  0
LINE
  5
336
330
17
100
AcDbEntity
  8
LETTERING_ETCH
100
AcDbLine
 10
2.092747
 20
0.488889
 30
0.0
 11
2.069599
 21
0.448165
 31
0.0
  0
LINE
  5
337
330
17
100
AcDbEntity
  8
LETTERING_ETCH
100
AcDbLine
 10
2.069599
 20
0.448165
 30
0.0
 11
2.044599
 21
0.409945
 31
0.0
  0
LINE
  5
338
330
17
100
AcDbEntity
  8
LETTERING_ETCH
100
AcDbLine
 10
2.044599
 20
0.409945
 30
0.0
 11
2.017747
 21
0.374228
 31
0.0
  0
LINE
  5
339
330
17
100
AcDbEntity
  8
LETTERING_ETCH
100
AcDbLine
 10
2.017747
 20
0.374228
 30
0.0
 11
1.98641
 21
0.33862
 31
0.0
  0
LINE
  5
33A
330
17
100
AcDbEntity
  8
LETTERING_ETCH
100
AcDbLine
 10
1.98641
 20
0.33862
 30
0.0
 11
1.951924
 21
0.30565
 31
0.0
  0
LINE
  5
33B
330
17
100
AcDbEntity
  8
LETTERING_ETCH
100
AcDbLine
 10
1.951924
 20
0.30565
 30
0.0
 11
1.914289
 21
0.275317
 31
0.0
  0
LINE
  5
33C
330
17
100
AcDbEntity
  8
LETTERING_ETCH
100
AcDbLine
 10
1.914289
 20
0.275317
 30
0.0
 11
1.873504
 21
0.247622
 31
0.0
  0
LINE
  5
33D
330
17
100
AcDbEntity
  8
LETTERING_ETCH
100
AcDbLine
 10
1.873504
 20
0.247622
 30
0.0
 11
1.82957
 21
0.222565
 31
0.0
  0
LINE
  5
33E
330
17
100
AcDbEntity
  8
LETTERING_ETCH
100
AcDbLine
 10
1.82957
 20
0.222565
 30
0.0
 11
1.782486
 21
0.200145
 31
0.0
  0
LINE
  5
33F
330
17
100
AcDbEntity
  8
LETTERING_ETCH
100
AcDbLine
 10
1.782486
 20
0.200145
 30
0.0
 11
1.732253
 21
0.180363
 31
0.0
  0
LINE
  5
340
330
17
100
AcDbEntity
  8
LETTERING_ETCH
100
AcDbLine
 10
1.732253
 20
0.180363
 30
0.0
 11
1.678871
 21
0.163218
 31
0.0
  0
LINE
  5
341
330
17
100
AcDbEntity
  8
LETTERING_ETCH
100
AcDbLine
 10
1.678871
 20
0.163218
 30
0.0
 11
1.622339
 21
0.148711
 31
0.0
  0
LINE
  5
342
330
17
100
AcDbEntity
  8
LETTERING_ETCH
100
AcDbLine
 10
1.622339
 20
0.148711
 30
0.0
 11
1.562657
 21
0.136842
 31
0.0
  0
LINE
  5
343
330
17
100
AcDbEntity
  8
LETTERING_ETCH
100
AcDbLine
 10
1.562657
 20
0.136842
 30
0.0
 11
1.499827
 21
0.12761
 31
0.0
  0
LINE
  5
344
330
17
100
AcDbEntity
  8
LETTERING_ETCH
100
AcDbLine
 10
1.499827
 20
0.12761
 30
0.0
 11
1.433847
 21
0.121016
 31
0.0
  0
LINE
  5
345
330
17
100
AcDbEntity
  8
LETTERING_ETCH
100
AcDbLine
 10
1.433847
 20
0.121016
 30
0.0
 11
1.364717
 21
0.11706
 31
0.0
  0
LINE
  5
346
330
17
100
AcDbEntity
  8
LETTERING_ETCH
100
AcDbLine
 10
1.364717
 20
0.11706
 30
0.0
 11
1.292438
 21
0.115741
 31
0.0
  0
LINE
  5
347
330
17
100
AcDbEntity
  8
LETTERING_ETCH
100
AcDbLine
 10
1.292438
 20
0.115741
 30
0.0
 11
1.244213
 21
0.116223
 31
0.0
  0
LINE
  5
348
330
17
100
AcDbEntity
  8
LETTERING_ETCH
100
AcDbLine
 10
1.244213
 20
0.116223
 30
0.0
 11
1.19213
 21
0.11767
 31
0.0
  0
LINE
  5
349
330
17
100
AcDbEntity
  8
LETTERING_ETCH
100
AcDbLine
 10
1.19213
 20
0.11767
 30
0.0
 11
1.136188
 21
0.120081
 31
0.0
  0
LINE
  5
34A
330
17
100
AcDbEntity
  8
LETTERING_ETCH
100
AcDbLine
 10
1.136188
 20
0.120081
 30
0.0
 11
1.076389
 21
0.123457
 31
0.0
  0
LINE
  5
34B
330
17
100
AcDbEntity
  8
LETTERING_ETCH
100
AcDbLine
 10
1.076389
 20
0.123457
 30
0.0
 11
1.015625
 21
0.127797
 31
0.0
  0
LINE
  5
34C
330
17
100
AcDbEntity
  8
LETTERING_ETCH
100
AcDbLine
 10
1.015625
 20
0.127797
 30
0.0
 11
0.95679
 21
0.133102
 31
0.0
  0
LINE
  5
34D
330
17
100
AcDbEntity
  8
LETTERING_ETCH
100
AcDbLine
 10
0.95679
 20
0.133102
 30
0.0
 11
0.899884
 21
0.139371
 31
0.0
  0
LINE
  5
34E
330
17
100
AcDbEntity
  8
LETTERING_ETCH
100
AcDbLine
 10
0.899884
 20
0.139371
 30
0.0
 11
0.844907
 21
0.146605
 31
0.0
  0
LINE
  5
34F
330
17
100
AcDbEntity
  8
LETTERING_ETCH
100
AcDbLine
 10
0.844907
 20
0.146605
 30
0.0
 11
0.844907
 21
1.774691
 31
0.0
  0
LINE
  5
350
330
17
100
AcDbEntity
  8
LETTERING_ETCH
100
AcDbLine
 10
0.844907
 20
1.774691
 30
0.0
 11
0.846897
 21
1.845161
 31
0.0
  0
LINE
  5
351
330
17
100
AcDbEntity
  8
LETTERING_ETCH
100
AcDbLine
 10
0.846897
 20
1.845161
 30
0.0
 11
0.852865
 21
1.909963
 31
0.0
  0
LINE
  5
352
330
17
100
AcDbEntity
  8
LETTERING_ETCH
100
AcDbLine
 10
0.852865
 20
1.909963
 30
0.0
 11
0.862811
 21
1.9691
 31
0.0
  0
LINE
  5
353
330
17
100
AcDbEntity
  8
LETTERING_ETCH
100
AcDbLine
 10
0.862811
 20
1.9691
 30
0.0
 11
0.876736
 21
2.022569
 31
0.0
  0
LINE
  5
354
330
17
100
AcDbEntity
  8
LETTERING_ETCH
100
AcDbLine
 10
0.876736
 20
2.022569
 30
0.0
 11
0.89464
 21
2.070373
 31
0.0
  0
LINE
  5
355
330
17
100
AcDbEntity
  8
LETTERING_ETCH
100
AcDbLine
 10
0.89464
 20
2.070373
 30
0.0
 11
0.916522
 21
2.11251
 31
0.0
  0
LINE
  5
356
330
17
100
AcDbEntity
  8
LETTERING_ETCH
100
AcDbLine
 10
0.916522
 20
2.11251
 30
0.0
 11
0.942383
 21
2.14898
 31
0.0
  0
LINE
  5
357
330
17
100
AcDbEntity
  8
LETTERING_ETCH
100
AcDbLine
 10
0.942383
 20
2.14898
 30
0.0
 11
0.972222
 21
2.179784
 31
0.0
  0
LINE
  5
358
330
17
100
AcDbEntity
  8
LETTERING_ETCH
100
AcDbLine
 10
0.972222
 20
2.179784
 30
0.0
 11
1.006764
 21
2.206006
 31
0.0
  0
LINE
  5
359
330
17
100
AcDbEntity
  8
LETTERING_ETCH
100
AcDbLine
 10
1.006764
 20
2.206006
 30
0.0
 11
1.04673
 21
2.228733
 31
0.0
  0
LINE
  5
35A
330
17
100
AcDbEntity
  8
LETTERING_ETCH
100
AcDbLine
 10
1.04673
 20
2.228733
 30
0.0
 11
1.092122
 21
2.247962
 31
0.0
  0
LINE
  5
35B
330
17
100
AcDbEntity
  8
LETTERING_ETCH
100
AcDbLine
 10
1.092122
 20
2.247962
 30
0.0
 11
1.14294
 21
2.263696
 31
0.0
  0
LINE
  5
35C
330
17
100
AcDbEntity
  8
LETTERING_ETCH
100
AcDbLine
 10
1.14294
 20
2.263696
 30
0.0
 11
1.199183
 21
2.275933
 31
0.0
  0
LINE
  5
35D
330
17
100
AcDbEntity
  8
LETTERING_ETCH
100
AcDbLine
 10
1.199183
 20
2.275933
 30
0.0
 11
1.260851
 21
2.284674
 31
0.0
  0
LINE
  5
35E
330
17
100
AcDbEntity
  8
LETTERING_ETCH
100
AcDbLine
 10
1.260851
 20
2.284674
 30
0.0
 11
1.327944
 21
2.289918
 31
0.0
  0
LINE
  5
35F
330
17
100
AcDbEntity
  8
LETTERING_ETCH
100
AcDbLine
 10
1.327944
 20
2.289918
 30
0.0
 11
1.400463
 21
2.291667
 31
0.0
  0
LINE
  5
360
330
17
100
AcDbEntity
  8
LETTERING_ETCH
100
AcDbLine
 10
1.400463
 20
2.291667
 30
0.0
 11
1.461227
 21
2.29022
 31
0.0
  0
LINE
  5
361
330
17
100
AcDbEntity
  8
LETTERING_ETCH
100
AcDbLine
 10
1.461227
 20
2.29022
 30
0.0
 11
1.520062
 21
2.28588
 31
0.0
  0
LINE
  5
362
330
17
100
AcDbEntity
  8
LETTERING_ETCH
100
AcDbLine
 10
1.520062
 20
2.28588
 30
0.0
 11
1.576968
 21
2.278646
 31
0.0
  0
LINE
  5
363
330
17
100
AcDbEntity
  8
LETTERING_ETCH
100
AcDbLine
 10
1.576968
 20
2.278646
 30
0.0
 11
1.631944
 21
2.268519
 31
0.0
  0
LINE
  5
364
330
17
100
AcDbEntity
  8
LETTERING_ETCH
100
AcDbLine
 10
1.631944
 20
2.268519
 30
0.0
 11
1.684992
 21
2.255498
 31
0.0
  0
LINE
  5
365
330
17
100
AcDbEntity
  8
LETTERING_ETCH
100
AcDbLine
 10
1.684992
 20
2.255498
 30
0.0
 11
1.736111
 21
2.239583
 31
0.0
  0
LINE
  5
366
330
17
100
AcDbEntity
  8
LETTERING_ETCH
100
AcDbLine
 10
1.736111
 20
2.239583
 30
0.0
 11
1.785301
 21
2.220775
 31
0.0
  0
LINE
  5
367
330
17
100
AcDbEntity
  8
LETTERING_ETCH
100
AcDbLine
 10
1.785301
 20
2.220775
 30
0.0
 11
1.832562
 21
2.199074
 31
0.0
  0
LINE
  5
368
330
17
100
AcDbEntity
  8
LETTERING_ETCH
100
AcDbLine
 10
1.832562
 20
2.199074
 30
0.0
 11
1.877592
 21
2.173575
 31
0.0
  0
LINE
  5
369
330
17
100
AcDbEntity
  8
LETTERING_ETCH
100
AcDbLine
 10
1.877592
 20
2.173575
 30
0.0
 11
1.920091
 21
2.143374
 31
0.0
  0
LINE
  5
36A
330
17
100
AcDbEntity
  8
LETTERING_ETCH
100
AcDbLine
 10
1.920091
 20
2.143374
 30
0.0
 11
1.960057
 21
2.108471
 31
0.0
  0
LINE
  5
36B
330
17
100
AcDbEntity
  8
LETTERING_ETCH
100
AcDbLine
 10
1.960057
 20
2.108471
 30
0.0
 11
1.997492
 21
2.068866
 31
0.0
  0
LINE
  5
36C
330
17
100
AcDbEntity
  8
LETTERING_ETCH
100
AcDbLine
 10
1.997492
 20
2.068866
 30
0.0
 11
2.032395
 21
2.024559
 31
0.0
  0
LINE
  5
36D
330
17
100
AcDbEntity
  8
LETTERING_ETCH
100
AcDbLine
 10
2.032395
 20
2.024559
 30
0.0
 11
2.064767
 21
1.97555
 31
0.0
  0
LINE
  5
36E
330
17
100
AcDbEntity
  8
LETTERING_ETCH
100
AcDbLine
 10
2.064767
 20
1.97555
 30
0.0
 11
2.094606
 21
1.921839
 31
0.0
  0
LINE
  5
36F
330
17
100
AcDbEntity
  8
LETTERING_ETCH
100
AcDbLine
 10
2.094606
 20
1.921839
 30
0.0
 11
2.121914
 21
1.863426
 31
0.0
  0
LINE
  5
370
330
17
100
AcDbEntity
  8
LETTERING_ETCH
100
AcDbLine
 10
2.121914
 20
1.863426
 30
0.0
 11
2.138551
 21
1.821497
 31
0.0
  0
LINE
  5
371
330
17
100
AcDbEntity
  8
LETTERING_ETCH
100
AcDbLine
 10
2.138551
 20
1.821497
 30
0.0
 11
2.153742
 21
1.776728
 31
0.0
  0
LINE
  5
372
330
17
100
AcDbEntity
  8
LETTERING_ETCH
100
AcDbLine
 10
2.153742
 20
1.776728
 30
0.0
 11
2.167486
 21
1.729118
 31
0.0
  0
LINE
  5
373
330
17
100
AcDbEntity
  8
LETTERING_ETCH
100
AcDbLine
 10
2.167486
 20
1.729118
 30
0.0
 11
2.179784
 21
1.678669
 31
0.0
  0
LINE
  5
374
330
17
100
AcDbEntity
  8
LETTERING_ETCH
100
AcDbLine
 10
2.179784
 20
1.678669
 30
0.0
 11
2.190635
 21
1.62538
 31
0.0
  0
LINE
  5
375
330
17
100
AcDbEntity
  8
LETTERING_ETCH
100
AcDbLine
 10
2.190635
 20
1.62538
 30
0.0
 11
2.200039
 21
1.569252
 31
0.0
  0
LINE
  5
376
330
17
100
AcDbEntity
  8
LETTERING_ETCH
100
AcDbLine
 10
2.200039
 20
1.569252
 30
0.0
 11
2.207996
 21
1.510283
 31
0.0
  0
LINE
  5
377
330
17
100
AcDbEntity
  8
LETTERING_ETCH
100
AcDbLine
 10
2.207996
 20
1.510283
 30
0.0
 11
2.214506
 21
1.448474
 31
0.0
  0
LINE
  5
378
330
17
100
AcDbEntity
  8
LETTERING_ETCH
100
AcDbLine
 10
2.214506
 20
1.448474
 30
0.0
 11
2.21957
 21
1.383825
 31
0.0
  0
LINE
  5
379
330
17
100
AcDbEntity
  8
LETTERING_ETCH
100
AcDbLine
 10
2.21957
 20
1.383825
 30
0.0
 11
2.223187
 21
1.316337
 31
0.0
  0
LINE
  5
37A
330
17
100
AcDbEntity
  8
LETTERING_ETCH
100
AcDbLine
 10
2.223187
 20
1.316337
 30
0.0
 11
2.225357
 21
1.246008
 31
0.0
  0
LINE
  5
37B
330
17
100
AcDbEntity
  8
LETTERING_ETCH
100
AcDbLine
 10
2.225357
 20
1.246008
 30
0.0
 11
2.22608
 21
1.17284
 31
0.0
  0
LINE
  5
37C
330
17
100
AcDbEntity
  8
LETTERING_ETCH
100
AcDbLine
 10
2.22608
 20
1.17284
 30
0.0
 11
2.225154
 21
1.102075
 31
0.0
  0
LINE
  5
37D
330
17
100
AcDbEntity
  8
LETTERING_ETCH
100
AcDbLine
 10
2.225154
 20
1.102075
 30
0.0
 11
2.222377
 21
1.033813
 31
0.0
  0
LINE
  5
37E
330
17
100
AcDbEntity
  8
LETTERING_ETCH
100
AcDbLine
 10
2.222377
 20
1.033813
 30
0.0
 11
2.217747
 21
0.968056
 31
0.0
  0
LINE
  5
37F
330
17
100
AcDbEntity
  8
LETTERING_ETCH
100
AcDbLine
 10
2.217747
 20
0.968056
 30
0.0
 11
2.211265
 21
0.904801
 31
0.0
  0
LINE
  5
380
330
17
100
AcDbEntity
  8
LETTERING_ETCH
100
AcDbLine
 10
7.26139
 20
-2.499319
 30
0.0
 11
7.326389
 21
-2.5
 31
0.0
  0
LINE
  5
381
330
17
100
AcDbEntity
  8
LETTERING_ETCH
100
AcDbLine
 10
7.326389
 20
-2.5
 30
0.0
 11
7.387081
 21
-2.499393
 31
0.0
  0
LINE
  5
382
330
17
100
AcDbEntity
  8
LETTERING_ETCH
100
AcDbLine
 10
7.387081
 20
-2.499393
 30
0.0
 11
7.447417
 21
-2.497571
 31
0.0
  0
LINE
  5
383
330
17
100
AcDbEntity
  8
LETTERING_ETCH
100
AcDbLine
 10
7.447417
 20
-2.497571
 30
0.0
 11
7.507395
 21
-2.494534
 31
0.0
  0
LINE
  5
384
330
17
100
AcDbEntity
  8
LETTERING_ETCH
100
AcDbLine
 10
7.507395
 20
-2.494534
 30
0.0
 11
7.567015
 21
-2.490283
 31
0.0
  0
LINE
  5
385
330
17
100
AcDbEntity
  8
LETTERING_ETCH
100
AcDbLine
 10
7.567015
 20
-2.490283
 30
0.0
 11
7.626279
 21
-2.484818
 31
0.0
  0
LINE
  5
386
330
17
100
AcDbEntity
  8
LETTERING_ETCH
100
AcDbLine
 10
7.626279
 20
-2.484818
 30
0.0
 11
7.685185
 21
-2.478138
 31
0.0
  0
LINE
  5
387
330
17
100
AcDbEntity
  8
LETTERING_ETCH
100
AcDbLine
 10
7.685185
 20
-2.478138
 30
0.0
 11
7.743734
 21
-2.470243
 31
0.0
  0
LINE
  5
388
330
17
100
AcDbEntity
  8
LETTERING_ETCH
100
AcDbLine
 10
7.743734
 20
-2.470243
 30
0.0
 11
7.801926
 21
-2.461134
 31
0.0
  0
LINE
  5
389
330
17
100
AcDbEntity
  8
LETTERING_ETCH
100
AcDbLine
 10
7.801926
 20
-2.461134
 30
0.0
 11
7.859761
 21
-2.45081
 31
0.0
  0
LINE
  5
38A
330
17
100
AcDbEntity
  8
LETTERING_ETCH
100
AcDbLine
 10
7.859761
 20
-2.45081
 30
0.0
 11
7.917238
 21
-2.439272
 31
0.0
  0
LINE
  5
38B
330
17
100
AcDbEntity
  8
LETTERING_ETCH
100
AcDbLine
 10
7.917238
 20
-2.439272
 30
0.0
 11
7.974358
 21
-2.426519
 31
0.0
  0
LINE
  5
38C
330
17
100
AcDbEntity
  8
LETTERING_ETCH
100
AcDbLine
 10
7.974358
 20
-2.426519
 30
0.0
 11
8.031121
 21
-2.412551
 31
0.0
  0
LINE
  5
38D
330
17
100
AcDbEntity
  8
LETTERING_ETCH
100
AcDbLine
 10
8.031121
 20
-2.412551
 30
0.0
 11
8.087527
 21
-2.397369
 31
0.0
  0
LINE
  5
38E
330
17
100
AcDbEntity
  8
LETTERING_ETCH
100
AcDbLine
 10
8.087527
 20
-2.397369
 30
0.0
 11
8.143576
 21
-2.380973
 31
0.0
  0
LINE
  5
38F
330
17
100
AcDbEntity
  8
LETTERING_ETCH
100
AcDbLine
 10
8.143576
 20
-2.380973
 30
0.0
 11
8.199267
 21
-2.363362
 31
0.0
  0
LINE
  5
390
330
17
100
AcDbEntity
  8
LETTERING_ETCH
100
AcDbLine
 10
8.199267
 20
-2.363362
 30
0.0
 11
8.254601
 21
-2.344536
 31
0.0
  0
LINE
  5
391
330
17
100
AcDbEntity
  8
LETTERING_ETCH
100
AcDbLine
 10
8.254601
 20
-2.344536
 30
0.0
 11
8.309578
 21
-2.324496
 31
0.0
  0
LINE
  5
392
330
17
100
AcDbEntity
  8
LETTERING_ETCH
100
AcDbLine
 10
8.309578
 20
-2.324496
 30
0.0
 11
8.364198
 21
-2.303241
 31
0.0
  0
LINE
  5
393
330
17
100
AcDbEntity
  8
LETTERING_ETCH
100
AcDbLine
 10
8.364198
 20
-2.303241
 30
0.0
 11
8.42144
 21
-2.279572
 31
0.0
  0
LINE
  5
394
330
17
100
AcDbEntity
  8
LETTERING_ETCH
100
AcDbLine
 10
8.42144
 20
-2.279572
 30
0.0
 11
8.477882
 21
-2.254862
 31
0.0
  0
LINE
  5
395
330
17
100
AcDbEntity
  8
LETTERING_ETCH
100
AcDbLine
 10
8.477882
 20
-2.254862
 30
0.0
 11
8.533523
 21
-2.229111
 31
0.0
  0
LINE
  5
396
330
17
100
AcDbEntity
  8
LETTERING_ETCH
100
AcDbLine
 10
8.533523
 20
-2.229111
 30
0.0
 11
8.588363
 21
-2.202318
 31
0.0
  0
LINE
  5
397
330
17
100
AcDbEntity
  8
LETTERING_ETCH
100
AcDbLine
 10
8.588363
 20
-2.202318
 30
0.0
 11
8.642402
 21
-2.174484
 31
0.0
  0
LINE
  5
398
330
17
100
AcDbEntity
  8
LETTERING_ETCH
100
AcDbLine
 10
8.642402
 20
-2.174484
 30
0.0
 11
8.695641
 21
-2.145609
 31
0.0
  0
LINE
  5
399
330
17
100
AcDbEntity
  8
LETTERING_ETCH
100
AcDbLine
 10
8.695641
 20
-2.145609
 30
0.0
 11
8.748078
 21
-2.115693
 31
0.0
  0
LINE
  5
39A
330
17
100
AcDbEntity
  8
LETTERING_ETCH
100
AcDbLine
 10
8.748078
 20
-2.115693
 30
0.0
 11
8.799714
 21
-2.084735
 31
0.0
  0
LINE
  5
39B
330
17
100
AcDbEntity
  8
LETTERING_ETCH
100
AcDbLine
 10
8.799714
 20
-2.084735
 30
0.0
 11
8.850549
 21
-2.052736
 31
0.0
  0
LINE
  5
39C
330
17
100
AcDbEntity
  8
LETTERING_ETCH
100
AcDbLine
 10
8.850549
 20
-2.052736
 30
0.0
 11
8.900583
 21
-2.019696
 31
0.0
  0
LINE
  5
39D
330
17
100
AcDbEntity
  8
LETTERING_ETCH
100
AcDbLine
 10
8.900583
 20
-2.019696
 30
0.0
 11
8.949816
 21
-1.985615
 31
0.0
  0
LINE
  5
39E
330
17
100
AcDbEntity
  8
LETTERING_ETCH
100
AcDbLine
 10
8.949816
 20
-1.985615
 30
0.0
 11
8.998249
 21
-1.950492
 31
0.0
  0
LINE
  5
39F
330
17
100
AcDbEntity
  8
LETTERING_ETCH
100
AcDbLine
 10
8.998249
 20
-1.950492
 30
0.0
 11
9.04588
 21
-1.914328
 31
0.0
  0
LINE
  5
3A0
330
17
100
AcDbEntity
  8
LETTERING_ETCH
100
AcDbLine
 10
9.04588
 20
-1.914328
 30
0.0
 11
9.09271
 21
-1.877123
 31
0.0
  0
LINE
  5
3A1
330
17
100
AcDbEntity
  8
LETTERING_ETCH
100
AcDbLine
 10
9.09271
 20
-1.877123
 30
0.0
 11
9.138739
 21
-1.838876
 31
0.0
  0
LINE
  5
3A2
330
17
100
AcDbEntity
  8
LETTERING_ETCH
100
AcDbLine
 10
9.138739
 20
-1.838876
 30
0.0
 11
9.183968
 21
-1.799588
 31
0.0
  0
LINE
  5
3A3
330
17
100
AcDbEntity
  8
LETTERING_ETCH
100
AcDbLine
 10
9.183968
 20
-1.799588
 30
0.0
 11
9.228395
 21
-1.759259
 31
0.0
  0
LINE
  5
3A4
330
17
100
AcDbEntity
  8
LETTERING_ETCH
100
AcDbLine
 10
9.228395
 20
-1.759259
 30
0.0
 11
9.271875
 21
-1.718009
 31
0.0
  0
LINE
  5
3A5
330
17
100
AcDbEntity
  8
LETTERING_ETCH
100
AcDbLine
 10
9.271875
 20
-1.718009
 30
0.0
 11
9.314259
 21
-1.675958
 31
0.0
  0
LINE
  5
3A6
330
17
100
AcDbEntity
  8
LETTERING_ETCH
100
AcDbLine
 10
9.314259
 20
-1.675958
 30
0.0
 11
9.35555
 21
-1.633106
 31
0.0
  0
LINE
  5
3A7
330
17
100
AcDbEntity
  8
LETTERING_ETCH
100
AcDbLine
 10
9.35555
 20
-1.633106
 30
0.0
 11
9.395745
 21
-1.589453
 31
0.0
  0
LINE
  5
3A8
330
17
100
AcDbEntity
  8
LETTERING_ETCH
100
AcDbLine
 10
9.395745
 20
-1.589453
 30
0.0
 11
9.434846
 21
-1.544999
 31
0.0
  0
LINE
  5
3A9
330
17
100
AcDbEntity
  8
LETTERING_ETCH
100
AcDbLine
 10
9.434846
 20
-1.544999
 30
0.0
 11
9.472852
 21
-1.499744
 31
0.0
  0
LINE
  5
3AA
330
17
100
AcDbEntity
  8
LETTERING_ETCH
100
AcDbLine
 10
9.472852
 20
-1.499744
 30
0.0
 11
9.509764
 21
-1.453688
 31
0.0
  0
LINE
  5
3AB
330
17
100
AcDbEntity
  8
LETTERING_ETCH
100
AcDbLine
 10
9.509764
 20
-1.453688
 30
0.0
 11
9.545581
 21
-1.406831
 31
0.0
  0
LINE
  5
3AC
330
17
100
AcDbEntity
  8
LETTERING_ETCH
100
AcDbLine
 10
9.545581
 20
-1.406831
 30
0.0
 11
9.580303
 21
-1.359173
 31
0.0
  0
LINE
  5
3AD
330
17
100
AcDbEntity
  8
LETTERING_ETCH
100
AcDbLine
 10
9.580303
 20
-1.359173
 30
0.0
 11
9.613931
 21
-1.310714
 31
0.0
  0
LINE
  5
3AE
330
17
100
AcDbEntity
  8
LETTERING_ETCH
100
AcDbLine
 10
9.613931
 20
-1.310714
 30
0.0
 11
9.646463
 21
-1.261454
 31
0.0
  0
LINE
  5
3AF
330
17
100
AcDbEntity
  8
LETTERING_ETCH
100
AcDbLine
 10
9.646463
 20
-1.261454
 30
0.0
 11
9.677902
 21
-1.211393
 31
0.0
  0
LINE
  5
3B0
330
17
100
AcDbEntity
  8
LETTERING_ETCH
100
AcDbLine
 10
9.677902
 20
-1.211393
 30
0.0
 11
9.708245
 21
-1.160531
 31
0.0
  0
LINE
  5
3B1
330
17
100
AcDbEntity
  8
LETTERING_ETCH
100
AcDbLine
 10
9.708245
 20
-1.160531
 30
0.0
 11
9.737494
 21
-1.108868
 31
0.0
  0
LINE
  5
3B2
330
17
100
AcDbEntity
  8
LETTERING_ETCH
100
AcDbLine
 10
9.737494
 20
-1.108868
 30
0.0
 11
9.765648
 21
-1.056405
 31
0.0
  0
LINE
  5
3B3
330
17
100
AcDbEntity
  8
LETTERING_ETCH
100
AcDbLine
 10
9.765648
 20
-1.056405
 30
0.0
 11
9.792708
 21
-1.00314
 31
0.0
  0
LINE
  5
3B4
330
17
100
AcDbEntity
  8
LETTERING_ETCH
100
AcDbLine
 10
9.792708
 20
-1.00314
 30
0.0
 11
9.818673
 21
-0.949074
 31
0.0
  0
LINE
  5
3B5
330
17
100
AcDbEntity
  8
LETTERING_ETCH
100
AcDbLine
 10
9.818673
 20
-0.949074
 30
0.0
 11
9.842012
 21
-0.897396
 31
0.0
  0
LINE
  5
3B6
330
17
100
AcDbEntity
  8
LETTERING_ETCH
100
AcDbLine
 10
9.842012
 20
-0.897396
 30
0.0
 11
9.864017
 21
-0.845241
 31
0.0
  0
LINE
  5
3B7
330
17
100
AcDbEntity
  8
LETTERING_ETCH
100
AcDbLine
 10
9.864017
 20
-0.845241
 30
0.0
 11
9.884688
 21
-0.79261
 31
0.0
  0
LINE
  5
3B8
330
17
100
AcDbEntity
  8
LETTERING_ETCH
100
AcDbLine
 10
9.884688
 20
-0.79261
 30
0.0
 11
9.904026
 21
-0.739502
 31
0.0
  0
LINE
  5
3B9
330
17
100
AcDbEntity
  8
LETTERING_ETCH
100
AcDbLine
 10
9.904026
 20
-0.739502
 30
0.0
 11
9.92203
 21
-0.685919
 31
0.0
  0
LINE
  5
3BA
330
17
100
AcDbEntity
  8
LETTERING_ETCH
100
AcDbLine
 10
9.92203
 20
-0.685919
 30
0.0
 11
9.9387
 21
-0.631859
 31
0.0
  0
LINE
  5
3BB
330
17
100
AcDbEntity
  8
LETTERING_ETCH
100
AcDbLine
 10
9.9387
 20
-0.631859
 30
0.0
 11
9.954037
 21
-0.577322
 31
0.0
  0
LINE
  5
3BC
330
17
100
AcDbEntity
  8
LETTERING_ETCH
100
AcDbLine
 10
9.954037
 20
-0.577322
 30
0.0
 11
9.96804
 21
-0.52231
 31
0.0
  0
LINE
  5
3BD
330
17
100
AcDbEntity
  8
LETTERING_ETCH
100
AcDbLine
 10
9.96804
 20
-0.52231
 30
0.0
 11
9.98071
 21
-0.466821
 31
0.0
  0
LINE
  5
3BE
330
17
100
AcDbEntity
  8
LETTERING_ETCH
100
AcDbLine
 10
9.98071
 20
-0.466821
 30
0.0
 11
9.992046
 21
-0.410856
 31
0.0
  0
LINE
  5
3BF
330
17
100
AcDbEntity
  8
LETTERING_ETCH
100
AcDbLine
 10
9.992046
 20
-0.410856
 30
0.0
 11
10.002048
 21
-0.354414
 31
0.0
  0
LINE
  5
3C0
330
17
100
AcDbEntity
  8
LETTERING_ETCH
100
AcDbLine
 10
10.002048
 20
-0.354414
 30
0.0
 11
10.010717
 21
-0.297497
 31
0.0
  0
LINE
  5
3C1
330
17
100
AcDbEntity
  8
LETTERING_ETCH
100
AcDbLine
 10
10.010717
 20
-0.297497
 30
0.0
 11
10.018052
 21
-0.240102
 31
0.0
  0
LINE
  5
3C2
330
17
100
AcDbEntity
  8
LETTERING_ETCH
100
AcDbLine
 10
10.018052
 20
-0.240102
 30
0.0
 11
10.024053
 21
-0.182232
 31
0.0
  0
LINE
  5
3C3
330
17
100
AcDbEntity
  8
LETTERING_ETCH
100
AcDbLine
 10
10.024053
 20
-0.182232
 30
0.0
 11
10.028721
 21
-0.123885
 31
0.0
  0
LINE
  5
3C4
330
17
100
AcDbEntity
  8
LETTERING_ETCH
100
AcDbLine
 10
10.028721
 20
-0.123885
 30
0.0
 11
10.032055
 21
-0.065062
 31
0.0
  0
LINE
  5
3C5
330
17
100
AcDbEntity
  8
LETTERING_ETCH
100
AcDbLine
 10
10.032055
 20
-0.065062
 30
0.0
 11
10.034055
 21
-0.005762999999999997
 31
0.0
  0
LINE
  5
3C6
330
17
100
AcDbEntity
  8
LETTERING_ETCH
100
AcDbLine
 10
10.034055
 20
-0.005763
 30
0.0
 11
10.034722
 21
0.054012
 31
0.0
  0
LINE
  5
3C7
330
17
100
AcDbEntity
  8
LETTERING_ETCH
100
AcDbLine
 10
10.034722
 20
0.054012
 30
0.0
 11
10.034074
 21
0.111792
 31
0.0
  0
LINE
  5
3C8
330
17
100
AcDbEntity
  8
LETTERING_ETCH
100
AcDbLine
 10
10.034074
 20
0.111792
 30
0.0
 11
10.03213
 21
0.169391
 31
0.0
  0
LINE
  5
3C9
330
17
100
AcDbEntity
  8
LETTERING_ETCH
100
AcDbLine
 10
10.03213
 20
0.169391
 30
0.0
 11
10.02889
 21
0.22681
 31
0.0
  0
LINE
  5
3CA
330
17
100
AcDbEntity
  8
LETTERING_ETCH
100
AcDbLine
 10
10.02889
 20
0.22681
 30
0.0
 11
10.024354
 21
0.284047
 31
0.0
  0
LINE
  5
3CB
330
17
100
AcDbEntity
  8
LETTERING_ETCH
100
AcDbLine
 10
10.024354
 20
0.284047
 30
0.0
 11
10.018522
 21
0.341104
 31
0.0
  0
LINE
  5
3CC
330
17
100
AcDbEntity
  8
LETTERING_ETCH
100
AcDbLine
 10
10.018522
 20
0.341104
 30
0.0
 11
10.011393
 21
0.397979
 31
0.0
  0
LINE
  5
3CD
330
17
100
AcDbEntity
  8
LETTERING_ETCH
100
AcDbLine
 10
10.011393
 20
0.397979
 30
0.0
 11
10.002969
 21
0.454674
 31
0.0
  0
LINE
  5
3CE
330
17
100
AcDbEntity
  8
LETTERING_ETCH
100
AcDbLine
 10
10.002969
 20
0.454674
 30
0.0
 11
9.993248
 21
0.511188
 31
0.0
  0
LINE
  5
3CF
330
17
100
AcDbEntity
  8
LETTERING_ETCH
100
AcDbLine
 10
9.993248
 20
0.511188
 30
0.0
 11
9.982232
 21
0.567521
 31
0.0
  0
LINE
  5
3D0
330
17
100
AcDbEntity
  8
LETTERING_ETCH
100
AcDbLine
 10
9.982232
 20
0.567521
 30
0.0
 11
9.969919
 21
0.623674
 31
0.0
  0
LINE
  5
3D1
330
17
100
AcDbEntity
  8
LETTERING_ETCH
100
AcDbLine
 10
9.969919
 20
0.623674
 30
0.0
 11
9.956311
 21
0.679645
 31
0.0
  0
LINE
  5
3D2
330
17
100
AcDbEntity
  8
LETTERING_ETCH
100
AcDbLine
 10
9.956311
 20
0.679645
 30
0.0
 11
9.941406
 21
0.735436
 31
0.0
  0
LINE
  5
3D3
330
17
100
AcDbEntity
  8
LETTERING_ETCH
100
AcDbLine
 10
9.941406
 20
0.735436
 30
0.0
 11
9.925206
 21
0.791046
 31
0.0
  0
LINE
  5
3D4
330
17
100
AcDbEntity
  8
LETTERING_ETCH
100
AcDbLine
 10
9.925206
 20
0.791046
 30
0.0
 11
9.907709
 21
0.846475
 31
0.0
  0
LINE
  5
3D5
330
17
100
AcDbEntity
  8
LETTERING_ETCH
100
AcDbLine
 10
9.907709
 20
0.846475
 30
0.0
 11
9.888916
 21
0.901723
 31
0.0
  0
LINE
  5
3D6
330
17
100
AcDbEntity
  8
LETTERING_ETCH
100
AcDbLine
 10
9.888916
 20
0.901723
 30
0.0
 11
9.868827
 21
0.95679
 31
0.0
  0
LINE
  5
3D7
330
17
100
AcDbEntity
  8
LETTERING_ETCH
100
AcDbLine
 10
9.868827
 20
0.95679
 30
0.0
 11
9.847503
 21
1.011405
 31
0.0
  0
LINE
  5
3D8
330
17
100
AcDbEntity
  8
LETTERING_ETCH
100
AcDbLine
 10
9.847503
 20
1.011405
 30
0.0
 11
9.825002
 21
1.065297
 31
0.0
  0
LINE
  5
3D9
330
17
100
AcDbEntity
  8
LETTERING_ETCH
100
AcDbLine
 10
9.825002
 20
1.065297
 30
0.0
 11
9.801327
 21
1.118465
 31
0.0
  0
LINE
  5
3DA
330
17
100
AcDbEntity
  8
LETTERING_ETCH
100
AcDbLine
 10
9.801327
 20
1.118465
 30
0.0
 11
9.776476
 21
1.17091
 31
0.0
  0
LINE
  5
3DB
330
17
100
AcDbEntity
  8
LETTERING_ETCH
100
AcDbLine
 10
9.776476
 20
1.17091
 30
0.0
 11
9.750449
 21
1.222632
 31
0.0
  0
LINE
  5
3DC
330
17
100
AcDbEntity
  8
LETTERING_ETCH
100
AcDbLine
 10
9.750449
 20
1.222632
 30
0.0
 11
9.723247
 21
1.27363
 31
0.0
  0
LINE
  5
3DD
330
17
100
AcDbEntity
  8
LETTERING_ETCH
100
AcDbLine
 10
9.723247
 20
1.27363
 30
0.0
 11
9.694869
 21
1.323905
 31
0.0
  0
LINE
  5
3DE
330
17
100
AcDbEntity
  8
LETTERING_ETCH
100
AcDbLine
 10
9.694869
 20
1.323905
 30
0.0
 11
9.665316
 21
1.373457
 31
0.0
  0
LINE
  5
3DF
330
17
100
AcDbEntity
  8
LETTERING_ETCH
100
AcDbLine
 10
9.665316
 20
1.373457
 30
0.0
 11
9.634588
 21
1.422285
 31
0.0
  0
LINE
  5
3E0
330
17
100
AcDbEntity
  8
LETTERING_ETCH
100
AcDbLine
 10
9.634588
 20
1.422285
 30
0.0
 11
9.602684
 21
1.47039
 31
0.0
  0
LINE
  5
3E1
330
17
100
AcDbEntity
  8
LETTERING_ETCH
100
AcDbLine
 10
9.602684
 20
1.47039
 30
0.0
 11
9.569604
 21
1.517771
 31
0.0
  0
LINE
  5
3E2
330
17
100
AcDbEntity
  8
LETTERING_ETCH
100
AcDbLine
 10
9.569604
 20
1.517771
 30
0.0
 11
9.535349
 21
1.564429
 31
0.0
  0
LINE
  5
3E3
330
17
100
AcDbEntity
  8
LETTERING_ETCH
100
AcDbLine
 10
9.535349
 20
1.564429
 30
0.0
 11
9.499919
 21
1.610364
 31
0.0
  0
LINE
  5
3E4
330
17
100
AcDbEntity
  8
LETTERING_ETCH
100
AcDbLine
 10
9.499919
 20
1.610364
 30
0.0
 11
9.463313
 21
1.655575
 31
0.0
  0
LINE
  5
3E5
330
17
100
AcDbEntity
  8
LETTERING_ETCH
100
AcDbLine
 10
9.463313
 20
1.655575
 30
0.0
 11
9.425531
 21
1.700063
 31
0.0
  0
LINE
  5
3E6
330
17
100
AcDbEntity
  8
LETTERING_ETCH
100
AcDbLine
 10
9.425531
 20
1.700063
 30
0.0
 11
9.386574
 21
1.743827
 31
0.0
  0
LINE
  5
3E7
330
17
100
AcDbEntity
  8
LETTERING_ETCH
100
AcDbLine
 10
9.386574
 20
1.743827
 30
0.0
 11
9.346502
 21
1.786672
 31
0.0
  0
LINE
  5
3E8
330
17
100
AcDbEntity
  8
LETTERING_ETCH
100
AcDbLine
 10
9.346502
 20
1.786672
 30
0.0
 11
9.305375
 21
1.828402
 31
0.0
  0
LINE
  5
3E9
330
17
100
AcDbEntity
  8
LETTERING_ETCH
100
AcDbLine
 10
9.305375
 20
1.828402
 30
0.0
 11
9.263193
 21
1.869017
 31
0.0
  0
LINE
  5
3EA
330
17
100
AcDbEntity
  8
LETTERING_ETCH
100
AcDbLine
 10
9.263193
 20
1.869017
 30
0.0
 11
9.219956
 21
1.908517
 31
0.0
  0
LINE
  5
3EB
330
17
100
AcDbEntity
  8
LETTERING_ETCH
100
AcDbLine
 10
9.219956
 20
1.908517
 30
0.0
 11
9.175664
 21
1.946901
 31
0.0
  0
LINE
  5
3EC
330
17
100
AcDbEntity
  8
LETTERING_ETCH
100
AcDbLine
 10
9.175664
 20
1.946901
 30
0.0
 11
9.130317
 21
1.98417
 31
0.0
  0
LINE
  5
3ED
330
17
100
AcDbEntity
  8
LETTERING_ETCH
100
AcDbLine
 10
9.130317
 20
1.98417
 30
0.0
 11
9.083915
 21
2.020324
 31
0.0
  0
LINE
  5
3EE
330
17
100
AcDbEntity
  8
LETTERING_ETCH
100
AcDbLine
 10
9.083915
 20
2.020324
 30
0.0
 11
9.036458
 21
2.055363
 31
0.0
  0
LINE
  5
3EF
330
17
100
AcDbEntity
  8
LETTERING_ETCH
100
AcDbLine
 10
9.036458
 20
2.055363
 30
0.0
 11
8.987947
 21
2.089286
 31
0.0
  0
LINE
  5
3F0
330
17
100
AcDbEntity
  8
LETTERING_ETCH
100
AcDbLine
 10
8.987947
 20
2.089286
 30
0.0
 11
8.93838
 21
2.122094
 31
0.0
  0
LINE
  5
3F1
330
17
100
AcDbEntity
  8
LETTERING_ETCH
100
AcDbLine
 10
8.93838
 20
2.122094
 30
0.0
 11
8.887759
 21
2.153787
 31
0.0
  0
LINE
  5
3F2
330
17
100
AcDbEntity
  8
LETTERING_ETCH
100
AcDbLine
 10
8.887759
 20
2.153787
 30
0.0
 11
8.836082
 21
2.184365
 31
0.0
  0
LINE
  5
3F3
330
17
100
AcDbEntity
  8
LETTERING_ETCH
100
AcDbLine
 10
8.836082
 20
2.184365
 30
0.0
 11
8.783351
 21
2.213828
 31
0.0
  0
LINE
  5
3F4
330
17
100
AcDbEntity
  8
LETTERING_ETCH
100
AcDbLine
 10
8.783351
 20
2.213828
 30
0.0
 11
8.729565
 21
2.242175
 31
0.0
  0
LINE
  5
3F5
330
17
100
AcDbEntity
  8
LETTERING_ETCH
100
AcDbLine
 10
8.729565
 20
2.242175
 30
0.0
 11
8.674723
 21
2.269408
 31
0.0
  0
LINE
  5
3F6
330
17
100
AcDbEntity
  8
LETTERING_ETCH
100
AcDbLine
 10
8.674723
 20
2.269408
 30
0.0
 11
8.618827
 21
2.295525
 31
0.0
  0
LINE
  5
3F7
330
17
100
AcDbEntity
  8
LETTERING_ETCH
100
AcDbLine
 10
8.618827
 20
2.295525
 30
0.0
 11
8.568304
 21
2.317613
 31
0.0
  0
LINE
  5
3F8
330
17
100
AcDbEntity
  8
LETTERING_ETCH
100
AcDbLine
 10
8.568304
 20
2.317613
 30
0.0
 11
8.517042
 21
2.338439
 31
0.0
  0
LINE
  5
3F9
330
17
100
AcDbEntity
  8
LETTERING_ETCH
100
AcDbLine
 10
8.517042
 20
2.338439
 30
0.0
 11
8.465042
 21
2.358003
 31
0.0
  0
LINE
  5
3FA
330
17
100
AcDbEntity
  8
LETTERING_ETCH
100
AcDbLine
 10
8.465042
 20
2.358003
 30
0.0
 11
8.412304
 21
2.376305
 31
0.0
  0
LINE
  5
3FB
330
17
100
AcDbEntity
  8
LETTERING_ETCH
100
AcDbLine
 10
8.412304
 20
2.376305
 30
0.0
 11
8.358827
 21
2.393345
 31
0.0
  0
LINE
  5
3FC
330
17
100
AcDbEntity
  8
LETTERING_ETCH
100
AcDbLine
 10
8.358827
 20
2.393345
 30
0.0
 11
8.304612
 21
2.409122
 31
0.0
  0
LINE
  5
3FD
330
17
100
AcDbEntity
  8
LETTERING_ETCH
100
AcDbLine
 10
8.304612
 20
2.409122
 30
0.0
 11
8.249659
 21
2.423637
 31
0.0
  0
LINE
  5
3FE
330
17
100
AcDbEntity
  8
LETTERING_ETCH
100
AcDbLine
 10
8.249659
 20
2.423637
 30
0.0
 11
8.193968
 21
2.43689
 31
0.0
  0
LINE
  5
3FF
330
17
100
AcDbEntity
  8
LETTERING_ETCH
100
AcDbLine
 10
8.193968
 20
2.43689
 30
0.0
 11
8.137539
 21
2.448881
 31
0.0
  0
LINE
  5
400
330
17
100
AcDbEntity
  8
LETTERING_ETCH
100
AcDbLine
 10
8.137539
 20
2.448881
 30
0.0
 11
8.080371
 21
2.45961
 31
0.0
  0
LINE
  5
401
330
17
100
AcDbEntity
  8
LETTERING_ETCH
100
AcDbLine
 10
8.080371
 20
2.45961
 30
0.0
 11
8.022465
 21
2.469076
 31
0.0
  0
LINE
  5
402
330
17
100
AcDbEntity
  8
LETTERING_ETCH
100
AcDbLine
 10
8.022465
 20
2.469076
 30
0.0
 11
7.96382
 21
2.477281
 31
0.0
  0
LINE
  5
403
330
17
100
AcDbEntity
  8
LETTERING_ETCH
100
AcDbLine
 10
7.96382
 20
2.477281
 30
0.0
 11
7.904438
 21
2.484223
 31
0.0
  0
LINE
  5
404
330
17
100
AcDbEntity
  8
LETTERING_ETCH
100
AcDbLine
 10
7.904438
 20
2.484223
 30
0.0
 11
7.844317
 21
2.489902
 31
0.0
  0
LINE
  5
405
330
17
100
AcDbEntity
  8
LETTERING_ETCH
100
AcDbLine
 10
7.844317
 20
2.489902
 30
0.0
 11
7.783458
 21
2.49432
 31
0.0
  0
LINE
  5
406
330
17
100
AcDbEntity
  8
LETTERING_ETCH
100
AcDbLine
 10
7.783458
 20
2.49432
 30
0.0
 11
7.72186
 21
2.497476
 31
0.0
  0
LINE
  5
407
330
17
100
AcDbEntity
  8
LETTERING_ETCH
100
AcDbLine
 10
7.72186
 20
2.497476
 30
0.0
 11
7.659525
 21
2.499369
 31
0.0
  0
LINE
  5
408
330
17
100
AcDbEntity
  8
LETTERING_ETCH
100
AcDbLine
 10
7.659525
 20
2.499369
 30
0.0
 11
7.596451
 21
2.5
 31
0.0
  0
LINE
  5
409
330
17
100
AcDbEntity
  8
LETTERING_ETCH
100
AcDbLine
 10
7.596451
 20
2.5
 30
0.0
 11
7.537586
 21
2.499397
 31
0.0
  0
LINE
  5
40A
330
17
100
AcDbEntity
  8
LETTERING_ETCH
100
AcDbLine
 10
7.537586
 20
2.499397
 30
0.0
 11
7.47866
 21
2.497589
 31
0.0
  0
LINE
  5
40B
330
17
100
AcDbEntity
  8
LETTERING_ETCH
100
AcDbLine
 10
7.47866
 20
2.497589
 30
0.0
 11
7.419675
 21
2.494575
 31
0.0
  0
LINE
  5
40C
330
17
100
AcDbEntity
  8
LETTERING_ETCH
100
AcDbLine
 10
7.419675
 20
2.494575
 30
0.0
 11
7.360629
 21
2.490355
 31
0.0
  0
LINE
  5
40D
330
17
100
AcDbEntity
  8
LETTERING_ETCH
100
AcDbLine
 10
7.360629
 20
2.490355
 30
0.0
 11
7.301523
 21
2.48493
 31
0.0
  0
LINE
  5
40E
330
17
100
AcDbEntity
  8
LETTERING_ETCH
100
AcDbLine
 10
7.301523
 20
2.48493
 30
0.0
 11
7.242356
 21
2.478299
 31
0.0
  0
LINE
  5
40F
330
17
100
AcDbEntity
  8
LETTERING_ETCH
100
AcDbLine
 10
7.242356
 20
2.478299
 30
0.0
 11
7.18313
 21
2.470462
 31
0.0
  0
LINE
  5
410
330
17
100
AcDbEntity
  8
LETTERING_ETCH
100
AcDbLine
 10
7.18313
 20
2.470462
 30
0.0
 11
7.123843
 21
2.46142
 31
0.0
  0
LINE
  5
411
330
17
100
AcDbEntity
  8
LETTERING_ETCH
100
AcDbLine
 10
7.123843
 20
2.46142
 30
0.0
 11
7.064495
 21
2.451172
 31
0.0
  0
LINE
  5
412
330
17
100
AcDbEntity
  8
LETTERING_ETCH
100
AcDbLine
 10
7.064495
 20
2.451172
 30
0.0
 11
7.005088
 21
2.439718
 31
0.0
  0
LINE
  5
413
330
17
100
AcDbEntity
  8
LETTERING_ETCH
100
AcDbLine
 10
7.005088
 20
2.439718
 30
0.0
 11
6.94562
 21
2.427059
 31
0.0
  0
LINE
  5
414
330
17
100
AcDbEntity
  8
LETTERING_ETCH
100
AcDbLine
 10
6.94562
 20
2.427059
 30
0.0
 11
6.886092
 21
2.413194
 31
0.0
  0
LINE
  5
415
330
17
100
AcDbEntity
  8
LETTERING_ETCH
100
AcDbLine
 10
6.886092
 20
2.413194
 30
0.0
 11
6.826503
 21
2.398124
 31
0.0
  0
LINE
  5
416
330
17
100
AcDbEntity
  8
LETTERING_ETCH
100
AcDbLine
 10
6.826503
 20
2.398124
 30
0.0
 11
6.766855
 21
2.381848
 31
0.0
  0
LINE
  5
417
330
17
100
AcDbEntity
  8
LETTERING_ETCH
100
AcDbLine
 10
6.766855
 20
2.381848
 30
0.0
 11
6.707146
 21
2.364366
 31
0.0
  0
LINE
  5
418
330
17
100
AcDbEntity
  8
LETTERING_ETCH
100
AcDbLine
 10
6.707146
 20
2.364366
 30
0.0
 11
6.647377
 21
2.345679
 31
0.0
  0
LINE
  5
419
330
17
100
AcDbEntity
  8
LETTERING_ETCH
100
AcDbLine
 10
6.647377
 20
2.345679
 30
0.0
 11
6.591362
 21
2.326976
 31
0.0
  0
LINE
  5
41A
330
17
100
AcDbEntity
  8
LETTERING_ETCH
100
AcDbLine
 10
6.591362
 20
2.326976
 30
0.0
 11
6.535881
 21
2.307179
 31
0.0
  0
LINE
  5
41B
330
17
100
AcDbEntity
  8
LETTERING_ETCH
100
AcDbLine
 10
6.535881
 20
2.307179
 30
0.0
 11
6.480934
 21
2.286287
 31
0.0
  0
LINE
  5
41C
330
17
100
AcDbEntity
  8
LETTERING_ETCH
100
AcDbLine
 10
6.480934
 20
2.286287
 30
0.0
 11
6.426521
 21
2.2643
 31
0.0
  0
LINE
  5
41D
330
17
100
AcDbEntity
  8
LETTERING_ETCH
100
AcDbLine
 10
6.426521
 20
2.2643
 30
0.0
 11
6.372642
 21
2.241219
 31
0.0
  0
LINE
  5
41E
330
17
100
AcDbEntity
  8
LETTERING_ETCH
100
AcDbLine
 10
6.372642
 20
2.241219
 30
0.0
 11
6.319298
 21
2.217043
 31
0.0
  0
LINE
  5
41F
330
17
100
AcDbEntity
  8
LETTERING_ETCH
100
AcDbLine
 10
6.319298
 20
2.217043
 30
0.0
 11
6.266487
 21
2.191772
 31
0.0
  0
LINE
  5
420
330
17
100
AcDbEntity
  8
LETTERING_ETCH
100
AcDbLine
 10
6.266487
 20
2.191772
 30
0.0
 11
6.21421
 21
2.165406
 31
0.0
  0
LINE
  5
421
330
17
100
AcDbEntity
  8
LETTERING_ETCH
100
AcDbLine
 10
6.21421
 20
2.165406
 30
0.0
 11
6.162467
 21
2.137946
 31
0.0
  0
LINE
  5
422
330
17
100
AcDbEntity
  8
LETTERING_ETCH
100
AcDbLine
 10
6.162467
 20
2.137946
 30
0.0
 11
6.111258
 21
2.109392
 31
0.0
  0
LINE
  5
423
330
17
100
AcDbEntity
  8
LETTERING_ETCH
100
AcDbLine
 10
6.111258
 20
2.109392
 30
0.0
 11
6.060583
 21
2.079742
 31
0.0
  0
LINE
  5
424
330
17
100
AcDbEntity
  8
LETTERING_ETCH
100
AcDbLine
 10
6.060583
 20
2.079742
 30
0.0
 11
6.010442
 21
2.048998
 31
0.0
  0
LINE
  5
425
330
17
100
AcDbEntity
  8
LETTERING_ETCH
100
AcDbLine
 10
6.010442
 20
2.048998
 30
0.0
 11
5.960835
 21
2.01716
 31
0.0
  0
LINE
  5
426
330
17
100
AcDbEntity
  8
LETTERING_ETCH
100
AcDbLine
 10
5.960835
 20
2.01716
 30
0.0
 11
5.911762
 21
1.984226
 31
0.0
  0
LINE
  5
427
330
17
100
AcDbEntity
  8
LETTERING_ETCH
100
AcDbLine
 10
5.911762
 20
1.984226
 30
0.0
 11
5.863223
 21
1.950198
 31
0.0
  0
LINE
  5
428
330
17
100
AcDbEntity
  8
LETTERING_ETCH
100
AcDbLine
 10
5.863223
 20
1.950198
 30
0.0
 11
5.815218
 21
1.915075
 31
0.0
  0
LINE
  5
429
330
17
100
AcDbEntity
  8
LETTERING_ETCH
100
AcDbLine
 10
5.815218
 20
1.915075
 30
0.0
 11
5.767747
 21
1.878858
 31
0.0
  0
LINE
  5
42A
330
17
100
AcDbEntity
  8
LETTERING_ETCH
100
AcDbLine
 10
5.767747
 20
1.878858
 30
0.0
 11
5.72109
 21
1.841546
 31
0.0
  0
LINE
  5
42B
330
17
100
AcDbEntity
  8
LETTERING_ETCH
100
AcDbLine
 10
5.72109
 20
1.841546
 30
0.0
 11
5.675528
 21
1.803139
 31
0.0
  0
LINE
  5
42C
330
17
100
AcDbEntity
  8
LETTERING_ETCH
100
AcDbLine
 10
5.675528
 20
1.803139
 30
0.0
 11
5.631061
 21
1.763638
 31
0.0
  0
LINE
  5
42D
330
17
100
AcDbEntity
  8
LETTERING_ETCH
100
AcDbLine
 10
5.631061
 20
1.763638
 30
0.0
 11
5.587688
 21
1.723042
 31
0.0
  0
LINE
  5
42E
330
17
100
AcDbEntity
  8
LETTERING_ETCH
100
AcDbLine
 10
5.587688
 20
1.723042
 30
0.0
 11
5.54541
 21
1.681351
 31
0.0
  0
LINE
  5
42F
330
17
100
AcDbEntity
  8
LETTERING_ETCH
100
AcDbLine
 10
5.54541
 20
1.681351
 30
0.0
 11
5.504226
 21
1.638566
 31
0.0
  0
LINE
  5
430
330
17
100
AcDbEntity
  8
LETTERING_ETCH
100
AcDbLine
 10
5.504226
 20
1.638566
 30
0.0
 11
5.464138
 21
1.594686
 31
0.0
  0
LINE
  5
431
330
17
100
AcDbEntity
  8
LETTERING_ETCH
100
AcDbLine
 10
5.464138
 20
1.594686
 30
0.0
 11
5.425144
 21
1.549711
 31
0.0
  0
LINE
  5
432
330
17
100
AcDbEntity
  8
LETTERING_ETCH
100
AcDbLine
 10
5.425144
 20
1.549711
 30
0.0
 11
5.387244
 21
1.503642
 31
0.0
  0
LINE
  5
433
330
17
100
AcDbEntity
  8
LETTERING_ETCH
100
AcDbLine
 10
5.387244
 20
1.503642
 30
0.0
 11
5.350439
 21
1.456478
 31
0.0
  0
LINE
  5
434
330
17
100
AcDbEntity
  8
LETTERING_ETCH
100
AcDbLine
 10
5.350439
 20
1.456478
 30
0.0
 11
5.314729
 21
1.408219
 31
0.0
  0
LINE
  5
435
330
17
100
AcDbEntity
  8
LETTERING_ETCH
100
AcDbLine
 10
5.314729
 20
1.408219
 30
0.0
 11
5.280114
 21
1.358866
 31
0.0
  0
LINE
  5
436
330
17
100
AcDbEntity
  8
LETTERING_ETCH
100
AcDbLine
 10
5.280114
 20
1.358866
 30
0.0
 11
5.246593
 21
1.308418
 31
0.0
  0
LINE
  5
437
330
17
100
AcDbEntity
  8
LETTERING_ETCH
100
AcDbLine
 10
5.246593
 20
1.308418
 30
0.0
 11
5.214167
 21
1.256875
 31
0.0
  0
LINE
  5
438
330
17
100
AcDbEntity
  8
LETTERING_ETCH
100
AcDbLine
 10
5.214167
 20
1.256875
 30
0.0
 11
5.182836
 21
1.204238
 31
0.0
  0
LINE
  5
439
330
17
100
AcDbEntity
  8
LETTERING_ETCH
100
AcDbLine
 10
5.182836
 20
1.204238
 30
0.0
 11
5.152599
 21
1.150506
 31
0.0
  0
LINE
  5
43A
330
17
100
AcDbEntity
  8
LETTERING_ETCH
100
AcDbLine
 10
5.152599
 20
1.150506
 30
0.0
 11
5.123457
 21
1.095679
 31
0.0
  0
LINE
  5
43B
330
17
100
AcDbEntity
  8
LETTERING_ETCH
100
AcDbLine
 10
5.123457
 20
1.095679
 30
0.0
 11
5.098545
 21
1.045706
 31
0.0
  0
LINE
  5
43C
330
17
100
AcDbEntity
  8
LETTERING_ETCH
100
AcDbLine
 10
5.098545
 20
1.045706
 30
0.0
 11
5.07498
 21
0.994879
 31
0.0
  0
LINE
  5
43D
330
17
100
AcDbEntity
  8
LETTERING_ETCH
100
AcDbLine
 10
5.07498
 20
0.994879
 30
0.0
 11
5.052762
 21
0.943196
 31
0.0
  0
LINE
  5
43E
330
17
100
AcDbEntity
  8
LETTERING_ETCH
100
AcDbLine
 10
5.052762
 20
0.943196
 30
0.0
 11
5.03189
 21
0.890659
 31
0.0
  0
LINE
  5
43F
330
17
100
AcDbEntity
  8
LETTERING_ETCH
100
AcDbLine
 10
5.03189
 20
0.890659
 30
0.0
 11
5.012365
 21
0.837266
 31
0.0
  0
LINE
  5
440
330
17
100
AcDbEntity
  8
LETTERING_ETCH
100
AcDbLine
 10
5.012365
 20
0.837266
 30
0.0
 11
4.994186
 21
0.783019
 31
0.0
  0
LINE
  5
441
330
17
100
AcDbEntity
  8
LETTERING_ETCH
100
AcDbLine
 10
4.994186
 20
0.783019
 30
0.0
 11
4.977354
 21
0.727916
 31
0.0
  0
LINE
  5
442
330
17
100
AcDbEntity
  8
LETTERING_ETCH
100
AcDbLine
 10
4.977354
 20
0.727916
 30
0.0
 11
4.961869
 21
0.671959
 31
0.0
  0
LINE
  5
443
330
17
100
AcDbEntity
  8
LETTERING_ETCH
100
AcDbLine
 10
4.961869
 20
0.671959
 30
0.0
 11
4.94773
 21
0.615147
 31
0.0
  0
LINE
  5
444
330
17
100
AcDbEntity
  8
LETTERING_ETCH
100
AcDbLine
 10
4.94773
 20
0.615147
 30
0.0
 11
4.934937
 21
0.557479
 31
0.0
  0
LINE
  5
445
330
17
100
AcDbEntity
  8
LETTERING_ETCH
100
AcDbLine
 10
4.934937
 20
0.557479
 30
0.0
 11
4.923491
 21
0.498957
 31
0.0
  0
LINE
  5
446
330
17
100
AcDbEntity
  8
LETTERING_ETCH
100
AcDbLine
 10
4.923491
 20
0.498957
 30
0.0
 11
4.913392
 21
0.43958
 31
0.0
  0
LINE
  5
447
330
17
100
AcDbEntity
  8
LETTERING_ETCH
100
AcDbLine
 10
4.913392
 20
0.43958
 30
0.0
 11
4.904639
 21
0.379347
 31
0.0
  0
LINE
  5
448
330
17
100
AcDbEntity
  8
LETTERING_ETCH
100
AcDbLine
 10
4.904639
 20
0.379347
 30
0.0
 11
4.897233
 21
0.31826
 31
0.0
  0
LINE
  5
449
330
17
100
AcDbEntity
  8
LETTERING_ETCH
100
AcDbLine
 10
4.897233
 20
0.31826
 30
0.0
 11
4.891174
 21
0.256318
 31
0.0
  0
LINE
  5
44A
330
17
100
AcDbEntity
  8
LETTERING_ETCH
100
AcDbLine
 10
4.891174
 20
0.256318
 30
0.0
 11
4.886461
 21
0.193521
 31
0.0
  0
LINE
  5
44B
330
17
100
AcDbEntity
  8
LETTERING_ETCH
100
AcDbLine
 10
4.886461
 20
0.193521
 30
0.0
 11
4.883094
 21
0.129869
 31
0.0
  0
LINE
  5
44C
330
17
100
AcDbEntity
  8
LETTERING_ETCH
100
AcDbLine
 10
4.883094
 20
0.129869
 30
0.0
 11
4.881075
 21
0.065362
 31
0.0
  0
LINE
  5
44D
330
17
100
AcDbEntity
  8
LETTERING_ETCH
100
AcDbLine
 10
4.881075
 20
0.065362
 30
0.0
 11
4.880401
 21
0.0
 31
0.0
  0
LINE
  5
44E
330
17
100
AcDbEntity
  8
LETTERING_ETCH
100
AcDbLine
 10
4.880401
 20
0.0
 30
0.0
 11
4.881002
 21
-0.059713
 31
0.0
  0
LINE
  5
44F
330
17
100
AcDbEntity
  8
LETTERING_ETCH
100
AcDbLine
 10
4.881002
 20
-0.059713
 30
0.0
 11
4.882804
 21
-0.119025
 31
0.0
  0
LINE
  5
450
330
17
100
AcDbEntity
  8
LETTERING_ETCH
100
AcDbLine
 10
4.882804
 20
-0.119025
 30
0.0
 11
4.885808
 21
-0.177936
 31
0.0
  0
LINE
  5
451
330
17
100
AcDbEntity
  8
LETTERING_ETCH
100
AcDbLine
 10
4.885808
 20
-0.177936
 30
0.0
 11
4.890013
 21
-0.236448
 31
0.0
  0
LINE
  5
452
330
17
100
AcDbEntity
  8
LETTERING_ETCH
100
AcDbLine
 10
4.890013
 20
-0.236448
 30
0.0
 11
4.895419
 21
-0.294558
 31
0.0
  0
LINE
  5
453
330
17
100
AcDbEntity
  8
LETTERING_ETCH
100
AcDbLine
 10
4.895419
 20
-0.294558
 30
0.0
 11
4.902028
 21
-0.352268
 31
0.0
  0
LINE
  5
454
330
17
100
AcDbEntity
  8
LETTERING_ETCH
100
AcDbLine
 10
4.902028
 20
-0.352268
 30
0.0
 11
4.909837
 21
-0.409578
 31
0.0
  0
LINE
  5
455
330
17
100
AcDbEntity
  8
LETTERING_ETCH
100
AcDbLine
 10
4.909837
 20
-0.409578
 30
0.0
 11
4.918848
 21
-0.466487
 31
0.0
  0
LINE
  5
456
330
17
100
AcDbEntity
  8
LETTERING_ETCH
100
AcDbLine
 10
4.918848
 20
-0.466487
 30
0.0
 11
4.92906
 21
-0.522996
 31
0.0
  0
LINE
  5
457
330
17
100
AcDbEntity
  8
LETTERING_ETCH
100
AcDbLine
 10
4.92906
 20
-0.522996
 30
0.0
 11
4.940474
 21
-0.579104
 31
0.0
  0
LINE
  5
458
330
17
100
AcDbEntity
  8
LETTERING_ETCH
100
AcDbLine
 10
4.940474
 20
-0.579104
 30
0.0
 11
4.95309
 21
-0.634812
 31
0.0
  0
LINE
  5
459
330
17
100
AcDbEntity
  8
LETTERING_ETCH
100
AcDbLine
 10
4.95309
 20
-0.634812
 30
0.0
 11
4.966906
 21
-0.690119
 31
0.0
  0
LINE
  5
45A
330
17
100
AcDbEntity
  8
LETTERING_ETCH
100
AcDbLine
 10
4.966906
 20
-0.690119
 30
0.0
 11
4.981925
 21
-0.745026
 31
0.0
  0
LINE
  5
45B
330
17
100
AcDbEntity
  8
LETTERING_ETCH
100
AcDbLine
 10
4.981925
 20
-0.745026
 30
0.0
 11
4.998144
 21
-0.799532
 31
0.0
  0
LINE
  5
45C
330
17
100
AcDbEntity
  8
LETTERING_ETCH
100
AcDbLine
 10
4.998144
 20
-0.799532
 30
0.0
 11
5.015566
 21
-0.853638
 31
0.0
  0
LINE
  5
45D
330
17
100
AcDbEntity
  8
LETTERING_ETCH
100
AcDbLine
 10
5.015566
 20
-0.853638
 30
0.0
 11
5.034188
 21
-0.907343
 31
0.0
  0
LINE
  5
45E
330
17
100
AcDbEntity
  8
LETTERING_ETCH
100
AcDbLine
 10
5.034188
 20
-0.907343
 30
0.0
 11
5.054012
 21
-0.960648
 31
0.0
  0
LINE
  5
45F
330
17
100
AcDbEntity
  8
LETTERING_ETCH
100
AcDbLine
 10
5.054012
 20
-0.960648
 30
0.0
 11
5.076286
 21
-1.016665
 31
0.0
  0
LINE
  5
460
330
17
100
AcDbEntity
  8
LETTERING_ETCH
100
AcDbLine
 10
5.076286
 20
-1.016665
 30
0.0
 11
5.099706
 21
-1.071868
 31
0.0
  0
LINE
  5
461
330
17
100
AcDbEntity
  8
LETTERING_ETCH
100
AcDbLine
 10
5.099706
 20
-1.071868
 30
0.0
 11
5.124271
 21
-1.126257
 31
0.0
  0
LINE
  5
462
330
17
100
AcDbEntity
  8
LETTERING_ETCH
100
AcDbLine
 10
5.124271
 20
-1.126257
 30
0.0
 11
5.149981
 21
-1.179832
 31
0.0
  0
LINE
  5
463
330
17
100
AcDbEntity
  8
LETTERING_ETCH
100
AcDbLine
 10
5.149981
 20
-1.179832
 30
0.0
 11
5.176836
 21
-1.232594
 31
0.0
  0
LINE
  5
464
330
17
100
AcDbEntity
  8
LETTERING_ETCH
100
AcDbLine
 10
5.176836
 20
-1.232594
 30
0.0
 11
5.204837
 21
-1.284541
 31
0.0
  0
LINE
  5
465
330
17
100
AcDbEntity
  8
LETTERING_ETCH
100
AcDbLine
 10
5.204837
 20
-1.284541
 30
0.0
 11
5.233983
 21
-1.335675
 31
0.0
  0
LINE
  5
466
330
17
100
AcDbEntity
  8
LETTERING_ETCH
100
AcDbLine
 10
5.233983
 20
-1.335675
 30
0.0
 11
5.264275
 21
-1.385995
 31
0.0
  0
LINE
  5
467
330
17
100
AcDbEntity
  8
LETTERING_ETCH
100
AcDbLine
 10
5.264275
 20
-1.385995
 30
0.0
 11
5.295712
 21
-1.435502
 31
0.0
  0
LINE
  5
468
330
17
100
AcDbEntity
  8
LETTERING_ETCH
100
AcDbLine
 10
5.295712
 20
-1.435502
 30
0.0
 11
5.328294
 21
-1.484194
 31
0.0
  0
LINE
  5
469
330
17
100
AcDbEntity
  8
LETTERING_ETCH
100
AcDbLine
 10
5.328294
 20
-1.484194
 30
0.0
 11
5.362021
 21
-1.532073
 31
0.0
  0
LINE
  5
46A
330
17
100
AcDbEntity
  8
LETTERING_ETCH
100
AcDbLine
 10
5.362021
 20
-1.532073
 30
0.0
 11
5.396894
 21
-1.579138
 31
0.0
  0
LINE
  5
46B
330
17
100
AcDbEntity
  8
LETTERING_ETCH
100
AcDbLine
 10
5.396894
 20
-1.579138
 30
0.0
 11
5.432913
 21
-1.625389
 31
0.0
  0
LINE
  5
46C
330
17
100
AcDbEntity
  8
LETTERING_ETCH
100
AcDbLine
 10
5.432913
 20
-1.625389
 30
0.0
 11
5.470076
 21
-1.670826
 31
0.0
  0
LINE
  5
46D
330
17
100
AcDbEntity
  8
LETTERING_ETCH
100
AcDbLine
 10
5.470076
 20
-1.670826
 30
0.0
 11
5.508385
 21
-1.71545
 31
0.0
  0
LINE
  5
46E
330
17
100
AcDbEntity
  8
LETTERING_ETCH
100
AcDbLine
 10
5.508385
 20
-1.71545
 30
0.0
 11
5.54784
 21
-1.759259
 31
0.0
  0
LINE
  5
46F
330
17
100
AcDbEntity
  8
LETTERING_ETCH
100
AcDbLine
 10
5.54784
 20
-1.759259
 30
0.0
 11
5.588379
 21
-1.802074
 31
0.0
  0
LINE
  5
470
330
17
100
AcDbEntity
  8
LETTERING_ETCH
100
AcDbLine
 10
5.588379
 20
-1.802074
 30
0.0
 11
5.629943
 21
-1.843714
 31
0.0
  0
LINE
  5
471
330
17
100
AcDbEntity
  8
LETTERING_ETCH
100
AcDbLine
 10
5.629943
 20
-1.843714
 30
0.0
 11
5.672532
 21
-1.884178
 31
0.0
  0
LINE
  5
472
330
17
100
AcDbEntity
  8
LETTERING_ETCH
100
AcDbLine
 10
5.672532
 20
-1.884178
 30
0.0
 11
5.716146
 21
-1.923466
 31
0.0
  0
LINE
  5
473
330
17
100
AcDbEntity
  8
LETTERING_ETCH
100
AcDbLine
 10
5.716146
 20
-1.923466
 30
0.0
 11
5.760784
 21
-1.961579
 31
0.0
  0
LINE
  5
474
330
17
100
AcDbEntity
  8
LETTERING_ETCH
100
AcDbLine
 10
5.760784
 20
-1.961579
 30
0.0
 11
5.806448
 21
-1.998517
 31
0.0
  0
LINE
  5
475
330
17
100
AcDbEntity
  8
LETTERING_ETCH
100
AcDbLine
 10
5.806448
 20
-1.998517
 30
0.0
 11
5.853136
 21
-2.034279
 31
0.0
  0
LINE
  5
476
330
17
100
AcDbEntity
  8
LETTERING_ETCH
100
AcDbLine
 10
5.853136
 20
-2.034279
 30
0.0
 11
5.900849
 21
-2.068866
 31
0.0
  0
LINE
  5
477
330
17
100
AcDbEntity
  8
LETTERING_ETCH
100
AcDbLine
 10
5.900849
 20
-2.068866
 30
0.0
 11
5.949586
 21
-2.102277
 31
0.0
  0
LINE
  5
478
330
17
100
AcDbEntity
  8
LETTERING_ETCH
100
AcDbLine
 10
5.949586
 20
-2.102277
 30
0.0
 11
5.999349
 21
-2.134512
 31
0.0
  0
LINE
  5
479
330
17
100
AcDbEntity
  8
LETTERING_ETCH
100
AcDbLine
 10
5.999349
 20
-2.134512
 30
0.0
 11
6.050136
 21
-2.165573
 31
0.0
  0
LINE
  5
47A
330
17
100
AcDbEntity
  8
LETTERING_ETCH
100
AcDbLine
 10
6.050136
 20
-2.165573
 30
0.0
 11
6.101948
 21
-2.195457
 31
0.0
  0
LINE
  5
47B
330
17
100
AcDbEntity
  8
LETTERING_ETCH
100
AcDbLine
 10
6.101948
 20
-2.195457
 30
0.0
 11
6.154785
 21
-2.224166
 31
0.0
  0
LINE
  5
47C
330
17
100
AcDbEntity
  8
LETTERING_ETCH
100
AcDbLine
 10
6.154785
 20
-2.224166
 30
0.0
 11
6.208647
 21
-2.2517
 31
0.0
  0
LINE
  5
47D
330
17
100
AcDbEntity
  8
LETTERING_ETCH
100
AcDbLine
 10
6.208647
 20
-2.2517
 30
0.0
 11
6.263533
 21
-2.278058
 31
0.0
  0
LINE
  5
47E
330
17
100
AcDbEntity
  8
LETTERING_ETCH
100
AcDbLine
 10
6.263533
 20
-2.278058
 30
0.0
 11
6.319444
 21
-2.303241
 31
0.0
  0
LINE
  5
47F
330
17
100
AcDbEntity
  8
LETTERING_ETCH
100
AcDbLine
 10
6.319444
 20
-2.303241
 30
0.0
 11
6.372909
 21
-2.325708
 31
0.0
  0
LINE
  5
480
330
17
100
AcDbEntity
  8
LETTERING_ETCH
100
AcDbLine
 10
6.372909
 20
-2.325708
 30
0.0
 11
6.427095
 21
-2.346814
 31
0.0
  0
LINE
  5
481
330
17
100
AcDbEntity
  8
LETTERING_ETCH
100
AcDbLine
 10
6.427095
 20
-2.346814
 30
0.0
 11
6.482002
 21
-2.366558
 31
0.0
  0
LINE
  5
482
330
17
100
AcDbEntity
  8
LETTERING_ETCH
100
AcDbLine
 10
6.482002
 20
-2.366558
 30
0.0
 11
6.53763
 21
-2.38494
 31
0.0
  0
LINE
  5
483
330
17
100
AcDbEntity
  8
LETTERING_ETCH
100
AcDbLine
 10
6.53763
 20
-2.38494
 30
0.0
 11
6.593978
 21
-2.401961
 31
0.0
  0
LINE
  5
484
330
17
100
AcDbEntity
  8
LETTERING_ETCH
100
AcDbLine
 10
6.593978
 20
-2.401961
 30
0.0
 11
6.651048
 21
-2.41762
 31
0.0
  0
LINE
  5
485
330
17
100
AcDbEntity
  8
LETTERING_ETCH
100
AcDbLine
 10
6.651048
 20
-2.41762
 30
0.0
 11
6.708838
 21
-2.431917
 31
0.0
  0
LINE
  5
486
330
17
100
AcDbEntity
  8
LETTERING_ETCH
100
AcDbLine
 10
6.708838
 20
-2.431917
 30
0.0
 11
6.767349
 21
-2.444853
 31
0.0
  0
LINE
  5
487
330
17
100
AcDbEntity
  8
LETTERING_ETCH
100
AcDbLine
 10
6.767349
 20
-2.444853
 30
0.0
 11
6.826581
 21
-2.456427
 31
0.0
  0
LINE
  5
488
330
17
100
AcDbEntity
  8
LETTERING_ETCH
100
AcDbLine
 10
6.826581
 20
-2.456427
 30
0.0
 11
6.886534
 21
-2.466639
 31
0.0
  0
LINE
  5
489
330
17
100
AcDbEntity
  8
LETTERING_ETCH
100
AcDbLine
 10
6.886534
 20
-2.466639
 30
0.0
 11
6.947208
 21
-2.47549
 31
0.0
  0
LINE
  5
48A
330
17
100
AcDbEntity
  8
LETTERING_ETCH
100
AcDbLine
 10
6.947208
 20
-2.47549
 30
0.0
 11
7.008602
 21
-2.482979
 31
0.0
  0
LINE
  5
48B
330
17
100
AcDbEntity
  8
LETTERING_ETCH
100
AcDbLine
 10
7.008602
 20
-2.482979
 30
0.0
 11
7.070718
 21
-2.489107
 31
0.0
  0
LINE
  5
48C
330
17
100
AcDbEntity
  8
LETTERING_ETCH
100
AcDbLine
 10
7.070718
 20
-2.489107
 30
0.0
 11
7.133554
 21
-2.493873
 31
0.0
  0
LINE
  5
48D
330
17
100
AcDbEntity
  8
LETTERING_ETCH
100
AcDbLine
 10
7.133554
 20
-2.493873
 30
0.0
 11
7.197112
 21
-2.497277
 31
0.0
  0
LINE
  5
48E
330
17
100
AcDbEntity
  8
LETTERING_ETCH
100
AcDbLine
 10
7.197112
 20
-2.497277
 30
0.0
 11
7.26139
 21
-2.499319
 31
0.0
  0
LINE
  5
48F
330
17
100
AcDbEntity
  8
LETTERING_ETCH
100
AcDbLine
 10
7.650034
 20
-2.313717
 30
0.0
 11
7.588735
 21
-2.314815
 31
0.0
  0
LINE
  5
490
330
17
100
AcDbEntity
  8
LETTERING_ETCH
100
AcDbLine
 10
7.588735
 20
-2.314815
 30
0.0
 11
7.529585
 21
-2.31385
 31
0.0
  0
LINE
  5
491
330
17
100
AcDbEntity
  8
LETTERING_ETCH
100
AcDbLine
 10
7.529585
 20
-2.31385
 30
0.0
 11
7.471183
 21
-2.310957
 31
0.0
  0
LINE
  5
492
330
17
100
AcDbEntity
  8
LETTERING_ETCH
100
AcDbLine
 10
7.471183
 20
-2.310957
 30
0.0
 11
7.413529
 21
-2.306134
 31
0.0
  0
LINE
  5
493
330
17
100
AcDbEntity
  8
LETTERING_ETCH
100
AcDbLine
 10
7.413529
 20
-2.306134
 30
0.0
 11
7.356623
 21
-2.299383
 31
0.0
  0
LINE
  5
494
330
17
100
AcDbEntity
  8
LETTERING_ETCH
100
AcDbLine
 10
7.356623
 20
-2.299383
 30
0.0
 11
7.300465
 21
-2.290702
 31
0.0
  0
LINE
  5
495
330
17
100
AcDbEntity
  8
LETTERING_ETCH
100
AcDbLine
 10
7.300465
 20
-2.290702
 30
0.0
 11
7.245055
 21
-2.280093
 31
0.0
  0
LINE
  5
496
330
17
100
AcDbEntity
  8
LETTERING_ETCH
100
AcDbLine
 10
7.245055
 20
-2.280093
 30
0.0
 11
7.190394
 21
-2.267554
 31
0.0
  0
LINE
  5
497
330
17
100
AcDbEntity
  8
LETTERING_ETCH
100
AcDbLine
 10
7.190394
 20
-2.267554
 30
0.0
 11
7.13648
 21
-2.253086
 31
0.0
  0
LINE
  5
498
330
17
100
AcDbEntity
  8
LETTERING_ETCH
100
AcDbLine
 10
7.13648
 20
-2.253086
 30
0.0
 11
7.083314
 21
-2.23669
 31
0.0
  0
LINE
  5
499
330
17
100
AcDbEntity
  8
LETTERING_ETCH
100
AcDbLine
 10
7.083314
 20
-2.23669
 30
0.0
 11
7.030896
 21
-2.218364
 31
0.0
  0
LINE
  5
49A
330
17
100
AcDbEntity
  8
LETTERING_ETCH
100
AcDbLine
 10
7.030896
 20
-2.218364
 30
0.0
 11
6.979226
 21
-2.19811
 31
0.0
  0
LINE
  5
49B
330
17
100
AcDbEntity
  8
LETTERING_ETCH
100
AcDbLine
 10
6.979226
 20
-2.19811
 30
0.0
 11
6.928304
 21
-2.175926
 31
0.0
  0
LINE
  5
49C
330
17
100
AcDbEntity
  8
LETTERING_ETCH
100
AcDbLine
 10
6.928304
 20
-2.175926
 30
0.0
 11
6.87813
 21
-2.151813
 31
0.0
  0
LINE
  5
49D
330
17
100
AcDbEntity
  8
LETTERING_ETCH
100
AcDbLine
 10
6.87813
 20
-2.151813
 30
0.0
 11
6.828704
 21
-2.125772
 31
0.0
  0
LINE
  5
49E
330
17
100
AcDbEntity
  8
LETTERING_ETCH
100
AcDbLine
 10
6.828704
 20
-2.125772
 30
0.0
 11
6.780124
 21
-2.097919
 31
0.0
  0
LINE
  5
49F
330
17
100
AcDbEntity
  8
LETTERING_ETCH
100
AcDbLine
 10
6.780124
 20
-2.097919
 30
0.0
 11
6.732489
 21
-2.068374
 31
0.0
  0
LINE
  5
4A0
330
17
100
AcDbEntity
  8
LETTERING_ETCH
100
AcDbLine
 10
6.732489
 20
-2.068374
 30
0.0
 11
6.685799
 21
-2.037135
 31
0.0
  0
LINE
  5
4A1
330
17
100
AcDbEntity
  8
LETTERING_ETCH
100
AcDbLine
 10
6.685799
 20
-2.037135
 30
0.0
 11
6.640054
 21
-2.004204
 31
0.0
  0
LINE
  5
4A2
330
17
100
AcDbEntity
  8
LETTERING_ETCH
100
AcDbLine
 10
6.640054
 20
-2.004204
 30
0.0
 11
6.595254
 21
-1.969581
 31
0.0
  0
LINE
  5
4A3
330
17
100
AcDbEntity
  8
LETTERING_ETCH
100
AcDbLine
 10
6.595254
 20
-1.969581
 30
0.0
 11
6.551398
 21
-1.933264
 31
0.0
  0
LINE
  5
4A4
330
17
100
AcDbEntity
  8
LETTERING_ETCH
100
AcDbLine
 10
6.551398
 20
-1.933264
 30
0.0
 11
6.508488
 21
-1.895255
 31
0.0
  0
LINE
  5
4A5
330
17
100
AcDbEntity
  8
LETTERING_ETCH
100
AcDbLine
 10
6.508488
 20
-1.895255
 30
0.0
 11
6.466522
 21
-1.855552
 31
0.0
  0
LINE
  5
4A6
330
17
100
AcDbEntity
  8
LETTERING_ETCH
100
AcDbLine
 10
6.466522
 20
-1.855552
 30
0.0
 11
6.425501
 21
-1.814157
 31
0.0
  0
LINE
  5
4A7
330
17
100
AcDbEntity
  8
LETTERING_ETCH
100
AcDbLine
 10
6.425501
 20
-1.814157
 30
0.0
 11
6.385425
 21
-1.77107
 31
0.0
  0
LINE
  5
4A8
330
17
100
AcDbEntity
  8
LETTERING_ETCH
100
AcDbLine
 10
6.385425
 20
-1.77107
 30
0.0
 11
6.346293
 21
-1.726289
 31
0.0
  0
LINE
  5
4A9
330
17
100
AcDbEntity
  8
LETTERING_ETCH
100
AcDbLine
 10
6.346293
 20
-1.726289
 30
0.0
 11
6.308107
 21
-1.679815
 31
0.0
  0
LINE
  5
4AA
330
17
100
AcDbEntity
  8
LETTERING_ETCH
100
AcDbLine
 10
6.308107
 20
-1.679815
 30
0.0
 11
6.270865
 21
-1.631649
 31
0.0
  0
LINE
  5
4AB
330
17
100
AcDbEntity
  8
LETTERING_ETCH
100
AcDbLine
 10
6.270865
 20
-1.631649
 30
0.0
 11
6.234568
 21
-1.58179
 31
0.0
  0
LINE
  5
4AC
330
17
100
AcDbEntity
  8
LETTERING_ETCH
100
AcDbLine
 10
6.234568
 20
-1.58179
 30
0.0
 11
6.203658
 21
-1.536956
 31
0.0
  0
LINE
  5
4AD
330
17
100
AcDbEntity
  8
LETTERING_ETCH
100
AcDbLine
 10
6.203658
 20
-1.536956
 30
0.0
 11
6.173623
 21
-1.491187
 31
0.0
  0
LINE
  5
4AE
330
17
100
AcDbEntity
  8
LETTERING_ETCH
100
AcDbLine
 10
6.173623
 20
-1.491187
 30
0.0
 11
6.144462
 21
-1.444484
 31
0.0
  0
LINE
  5
4AF
330
17
100
AcDbEntity
  8
LETTERING_ETCH
100
AcDbLine
 10
6.144462
 20
-1.444484
 30
0.0
 11
6.116175
 21
-1.396846
 31
0.0
  0
LINE
  5
4B0
330
17
100
AcDbEntity
  8
LETTERING_ETCH
100
AcDbLine
 10
6.116175
 20
-1.396846
 30
0.0
 11
6.088762
 21
-1.348274
 31
0.0
  0
LINE
  5
4B1
330
17
100
AcDbEntity
  8
LETTERING_ETCH
100
AcDbLine
 10
6.088762
 20
-1.348274
 30
0.0
 11
6.062223
 21
-1.298768
 31
0.0
  0
LINE
  5
4B2
330
17
100
AcDbEntity
  8
LETTERING_ETCH
100
AcDbLine
 10
6.062223
 20
-1.298768
 30
0.0
 11
6.036558
 21
-1.248327
 31
0.0
  0
LINE
  5
4B3
330
17
100
AcDbEntity
  8
LETTERING_ETCH
100
AcDbLine
 10
6.036558
 20
-1.248327
 30
0.0
 11
6.011767
 21
-1.196952
 31
0.0
  0
LINE
  5
4B4
330
17
100
AcDbEntity
  8
LETTERING_ETCH
100
AcDbLine
 10
6.011767
 20
-1.196952
 30
0.0
 11
5.98785
 21
-1.144643
 31
0.0
  0
LINE
  5
4B5
330
17
100
AcDbEntity
  8
LETTERING_ETCH
100
AcDbLine
 10
5.98785
 20
-1.144643
 30
0.0
 11
5.964808
 21
-1.091399
 31
0.0
  0
LINE
  5
4B6
330
17
100
AcDbEntity
  8
LETTERING_ETCH
100
AcDbLine
 10
5.964808
 20
-1.091399
 30
0.0
 11
5.942639
 21
-1.037221
 31
0.0
  0
LINE
  5
4B7
330
17
100
AcDbEntity
  8
LETTERING_ETCH
100
AcDbLine
 10
5.942639
 20
-1.037221
 30
0.0
 11
5.921345
 21
-0.982108
 31
0.0
  0
LINE
  5
4B8
330
17
100
AcDbEntity
  8
LETTERING_ETCH
100
AcDbLine
 10
5.921345
 20
-0.982108
 30
0.0
 11
5.900924
 21
-0.926062
 31
0.0
  0
LINE
  5
4B9
330
17
100
AcDbEntity
  8
LETTERING_ETCH
100
AcDbLine
 10
5.900924
 20
-0.926062
 30
0.0
 11
5.881378
 21
-0.86908
 31
0.0
  0
LINE
  5
4BA
330
17
100
AcDbEntity
  8
LETTERING_ETCH
100
AcDbLine
 10
5.881378
 20
-0.86908
 30
0.0
 11
5.862706
 21
-0.811165
 31
0.0
  0
LINE
  5
4BB
330
17
100
AcDbEntity
  8
LETTERING_ETCH
100
AcDbLine
 10
5.862706
 20
-0.811165
 30
0.0
 11
5.844907
 21
-0.752315
 31
0.0
  0
LINE
  5
4BC
330
17
100
AcDbEntity
  8
LETTERING_ETCH
100
AcDbLine
 10
5.844907
 20
-0.752315
 30
0.0
 11
5.829904
 21
-0.699338
 31
0.0
  0
LINE
  5
4BD
330
17
100
AcDbEntity
  8
LETTERING_ETCH
100
AcDbLine
 10
5.829904
 20
-0.699338
 30
0.0
 11
5.815758
 21
-0.645862
 31
0.0
  0
LINE
  5
4BE
330
17
100
AcDbEntity
  8
LETTERING_ETCH
100
AcDbLine
 10
5.815758
 20
-0.645862
 30
0.0
 11
5.802469
 21
-0.591885
 31
0.0
  0
LINE
  5
4BF
330
17
100
AcDbEntity
  8
LETTERING_ETCH
100
AcDbLine
 10
5.802469
 20
-0.591885
 30
0.0
 11
5.790038
 21
-0.537409
 31
0.0
  0
LINE
  5
4C0
330
17
100
AcDbEntity
  8
LETTERING_ETCH
100
AcDbLine
 10
5.790038
 20
-0.537409
 30
0.0
 11
5.778464
 21
-0.482432
 31
0.0
  0
LINE
  5
4C1
330
17
100
AcDbEntity
  8
LETTERING_ETCH
100
AcDbLine
 10
5.778464
 20
-0.482432
 30
0.0
 11
5.767747
 21
-0.426955
 31
0.0
  0
LINE
  5
4C2
330
17
100
AcDbEntity
  8
LETTERING_ETCH
100
AcDbLine
 10
5.767747
 20
-0.426955
 30
0.0
 11
5.757888
 21
-0.370978
 31
0.0
  0
LINE
  5
4C3
330
17
100
AcDbEntity
  8
LETTERING_ETCH
100
AcDbLine
 10
5.757888
 20
-0.370978
 30
0.0
 11
5.748885
 21
-0.3145
 31
0.0
  0
LINE
  5
4C4
330
17
100
AcDbEntity
  8
LETTERING_ETCH
100
AcDbLine
 10
5.748885
 20
-0.3145
 30
0.0
 11
5.740741
 21
-0.257523
 31
0.0
  0
LINE
  5
4C5
330
17
100
AcDbEntity
  8
LETTERING_ETCH
100
AcDbLine
 10
5.740741
 20
-0.257523
 30
0.0
 11
5.733453
 21
-0.200046
 31
0.0
  0
LINE
  5
4C6
330
17
100
AcDbEntity
  8
LETTERING_ETCH
100
AcDbLine
 10
5.733453
 20
-0.200046
 30
0.0
 11
5.727023
 21
-0.142068
 31
0.0
  0
LINE
  5
4C7
330
17
100
AcDbEntity
  8
LETTERING_ETCH
100
AcDbLine
 10
5.727023
 20
-0.142068
 30
0.0
 11
5.721451
 21
-0.083591
 31
0.0
  0
LINE
  5
4C8
330
17
100
AcDbEntity
  8
LETTERING_ETCH
100
AcDbLine
 10
5.721451
 20
-0.083591
 30
0.0
 11
5.716735
 21
-0.024612999999999996
 31
0.0
  0
LINE
  5
4C9
330
17
100
AcDbEntity
  8
LETTERING_ETCH
100
AcDbLine
 10
5.716735
 20
-0.024613
 30
0.0
 11
5.712877
 21
0.03486500000000001
 31
0.0
  0
LINE
  5
4CA
330
17
100
AcDbEntity
  8
LETTERING_ETCH
100
AcDbLine
 10
5.712877
 20
0.034865
 30
0.0
 11
5.709877
 21
0.094843
 31
0.0
  0
LINE
  5
4CB
330
17
100
AcDbEntity
  8
LETTERING_ETCH
100
AcDbLine
 10
5.709877
 20
0.094843
 30
0.0
 11
5.707733
 21
0.155321
 31
0.0
  0
LINE
  5
4CC
330
17
100
AcDbEntity
  8
LETTERING_ETCH
100
AcDbLine
 10
5.707733
 20
0.155321
 30
0.0
 11
5.706447
 21
0.216299
 31
0.0
  0
LINE
  5
4CD
330
17
100
AcDbEntity
  8
LETTERING_ETCH
100
AcDbLine
 10
5.706447
 20
0.216299
 30
0.0
 11
5.706019
 21
0.277778
 31
0.0
  0
LINE
  5
4CE
330
17
100
AcDbEntity
  8
LETTERING_ETCH
100
AcDbLine
 10
5.706019
 20
0.277778
 30
0.0
 11
5.706585
 21
0.347513
 31
0.0
  0
LINE
  5
4CF
330
17
100
AcDbEntity
  8
LETTERING_ETCH
100
AcDbLine
 10
5.706585
 20
0.347513
 30
0.0
 11
5.708284
 21
0.416116
 31
0.0
  0
LINE
  5
4D0
330
17
100
AcDbEntity
  8
LETTERING_ETCH
100
AcDbLine
 10
5.708284
 20
0.416116
 30
0.0
 11
5.711115
 21
0.483587
 31
0.0
  0
LINE
  5
4D1
330
17
100
AcDbEntity
  8
LETTERING_ETCH
100
AcDbLine
 10
5.711115
 20
0.483587
 30
0.0
 11
5.715079
 21
0.549925
 31
0.0
  0
LINE
  5
4D2
330
17
100
AcDbEntity
  8
LETTERING_ETCH
100
AcDbLine
 10
5.715079
 20
0.549925
 30
0.0
 11
5.720175
 21
0.61513
 31
0.0
  0
LINE
  5
4D3
330
17
100
AcDbEntity
  8
LETTERING_ETCH
100
AcDbLine
 10
5.720175
 20
0.61513
 30
0.0
 11
5.726404
 21
0.679203
 31
0.0
  0
LINE
  5
4D4
330
17
100
AcDbEntity
  8
LETTERING_ETCH
100
AcDbLine
 10
5.726404
 20
0.679203
 30
0.0
 11
5.733766
 21
0.742143
 31
0.0
  0
LINE
  5
4D5
330
17
100
AcDbEntity
  8
LETTERING_ETCH
100
AcDbLine
 10
5.733766
 20
0.742143
 30
0.0
 11
5.74226
 21
0.803951
 31
0.0
  0
LINE
  5
4D6
330
17
100
AcDbEntity
  8
LETTERING_ETCH
100
AcDbLine
 10
5.74226
 20
0.803951
 30
0.0
 11
5.751886
 21
0.864626
 31
0.0
  0
LINE
  5
4D7
330
17
100
AcDbEntity
  8
LETTERING_ETCH
100
AcDbLine
 10
5.751886
 20
0.864626
 30
0.0
 11
5.762645
 21
0.924169
 31
0.0
  0
LINE
  5
4D8
330
17
100
AcDbEntity
  8
LETTERING_ETCH
100
AcDbLine
 10
5.762645
 20
0.924169
 30
0.0
 11
5.774537
 21
0.982579
 31
0.0
  0
LINE
  5
4D9
330
17
100
AcDbEntity
  8
LETTERING_ETCH
100
AcDbLine
 10
5.774537
 20
0.982579
 30
0.0
 11
5.787561
 21
1.039857
 31
0.0
  0
LINE
  5
4DA
330
17
100
AcDbEntity
  8
LETTERING_ETCH
100
AcDbLine
 10
5.787561
 20
1.039857
 30
0.0
 11
5.801718
 21
1.096002
 31
0.0
  0
LINE
  5
4DB
330
17
100
AcDbEntity
  8
LETTERING_ETCH
100
AcDbLine
 10
5.801718
 20
1.096002
 30
0.0
 11
5.817007
 21
1.151014
 31
0.0
  0
LINE
  5
4DC
330
17
100
AcDbEntity
  8
LETTERING_ETCH
100
AcDbLine
 10
5.817007
 20
1.151014
 30
0.0
 11
5.833429
 21
1.204894
 31
0.0
  0
LINE
  5
4DD
330
17
100
AcDbEntity
  8
LETTERING_ETCH
100
AcDbLine
 10
5.833429
 20
1.204894
 30
0.0
 11
5.850983
 21
1.257642
 31
0.0
  0
LINE
  5
4DE
330
17
100
AcDbEntity
  8
LETTERING_ETCH
100
AcDbLine
 10
5.850983
 20
1.257642
 30
0.0
 11
5.86967
 21
1.309257
 31
0.0
  0
LINE
  5
4DF
330
17
100
AcDbEntity
  8
LETTERING_ETCH
100
AcDbLine
 10
5.86967
 20
1.309257
 30
0.0
 11
5.889489
 21
1.359739
 31
0.0
  0
LINE
  5
4E0
330
17
100
AcDbEntity
  8
LETTERING_ETCH
100
AcDbLine
 10
5.889489
 20
1.359739
 30
0.0
 11
5.910441
 21
1.409089
 31
0.0
  0
LINE
  5
4E1
330
17
100
AcDbEntity
  8
LETTERING_ETCH
100
AcDbLine
 10
5.910441
 20
1.409089
 30
0.0
 11
5.932525
 21
1.457307
 31
0.0
  0
LINE
  5
4E2
330
17
100
AcDbEntity
  8
LETTERING_ETCH
100
AcDbLine
 10
5.932525
 20
1.457307
 30
0.0
 11
5.955742
 21
1.504391
 31
0.0
  0
LINE
  5
4E3
330
17
100
AcDbEntity
  8
LETTERING_ETCH
100
AcDbLine
 10
5.955742
 20
1.504391
 30
0.0
 11
5.980092
 21
1.550344
 31
0.0
  0
LINE
  5
4E4
330
17
100
AcDbEntity
  8
LETTERING_ETCH
100
AcDbLine
 10
5.980092
 20
1.550344
 30
0.0
 11
6.005574
 21
1.595164
 31
0.0
  0
LINE
  5
4E5
330
17
100
AcDbEntity
  8
LETTERING_ETCH
100
AcDbLine
 10
6.005574
 20
1.595164
 30
0.0
 11
6.032188
 21
1.638851
 31
0.0
  0
LINE
  5
4E6
330
17
100
AcDbEntity
  8
LETTERING_ETCH
100
AcDbLine
 10
6.032188
 20
1.638851
 30
0.0
 11
6.059935
 21
1.681405
 31
0.0
  0
LINE
  5
4E7
330
17
100
AcDbEntity
  8
LETTERING_ETCH
100
AcDbLine
 10
6.059935
 20
1.681405
 30
0.0
 11
6.088815
 21
1.722828
 31
0.0
  0
LINE
  5
4E8
330
17
100
AcDbEntity
  8
LETTERING_ETCH
100
AcDbLine
 10
6.088815
 20
1.722828
 30
0.0
 11
6.118827
 21
1.763117
 31
0.0
  0
LINE
  5
4E9
330
17
100
AcDbEntity
  8
LETTERING_ETCH
100
AcDbLine
 10
6.118827
 20
1.763117
 30
0.0
 11
6.153811
 21
1.806875
 31
0.0
  0
LINE
  5
4EA
330
17
100
AcDbEntity
  8
LETTERING_ETCH
100
AcDbLine
 10
6.153811
 20
1.806875
 30
0.0
 11
6.189959
 21
1.848771
 31
0.0
  0
LINE
  5
4EB
330
17
100
AcDbEntity
  8
LETTERING_ETCH
100
AcDbLine
 10
6.189959
 20
1.848771
 30
0.0
 11
6.227274
 21
1.888804
 31
0.0
  0
LINE
  5
4EC
330
17
100
AcDbEntity
  8
LETTERING_ETCH
100
AcDbLine
 10
6.227274
 20
1.888804
 30
0.0
 11
6.265754
 21
1.926976
 31
0.0
  0
LINE
  5
4ED
330
17
100
AcDbEntity
  8
LETTERING_ETCH
100
AcDbLine
 10
6.265754
 20
1.926976
 30
0.0
 11
6.305399
 21
1.963286
 31
0.0
  0
LINE
  5
4EE
330
17
100
AcDbEntity
  8
LETTERING_ETCH
100
AcDbLine
 10
6.305399
 20
1.963286
 30
0.0
 11
6.346209
 21
1.997733
 31
0.0
  0
LINE
  5
4EF
330
17
100
AcDbEntity
  8
LETTERING_ETCH
100
AcDbLine
 10
6.346209
 20
1.997733
 30
0.0
 11
6.388186
 21
2.030319
 31
0.0
  0
LINE
  5
4F0
330
17
100
AcDbEntity
  8
LETTERING_ETCH
100
AcDbLine
 10
6.388186
 20
2.030319
 30
0.0
 11
6.431327
 21
2.061043
 31
0.0
  0
LINE
  5
4F1
330
17
100
AcDbEntity
  8
LETTERING_ETCH
100
AcDbLine
 10
6.431327
 20
2.061043
 30
0.0
 11
6.475634
 21
2.089904
 31
0.0
  0
LINE
  5
4F2
330
17
100
AcDbEntity
  8
LETTERING_ETCH
100
AcDbLine
 10
6.475634
 20
2.089904
 30
0.0
 11
6.521107
 21
2.116904
 31
0.0
  0
LINE
  5
4F3
330
17
100
AcDbEntity
  8
LETTERING_ETCH
100
AcDbLine
 10
6.521107
 20
2.116904
 30
0.0
 11
6.567745
 21
2.142041
 31
0.0
  0
LINE
  5
4F4
330
17
100
AcDbEntity
  8
LETTERING_ETCH
100
AcDbLine
 10
6.567745
 20
2.142041
 30
0.0
 11
6.615548
 21
2.165316
 31
0.0
  0
LINE
  5
4F5
330
17
100
AcDbEntity
  8
LETTERING_ETCH
100
AcDbLine
 10
6.615548
 20
2.165316
 30
0.0
 11
6.664517
 21
2.18673
 31
0.0
  0
LINE
  5
4F6
330
17
100
AcDbEntity
  8
LETTERING_ETCH
100
AcDbLine
 10
6.664517
 20
2.18673
 30
0.0
 11
6.714651
 21
2.206281
 31
0.0
  0
LINE
  5
4F7
330
17
100
AcDbEntity
  8
LETTERING_ETCH
100
AcDbLine
 10
6.714651
 20
2.206281
 30
0.0
 11
6.765951
 21
2.22397
 31
0.0
  0
LINE
  5
4F8
330
17
100
AcDbEntity
  8
LETTERING_ETCH
100
AcDbLine
 10
6.765951
 20
2.22397
 30
0.0
 11
6.818416
 21
2.239798
 31
0.0
  0
LINE
  5
4F9
330
17
100
AcDbEntity
  8
LETTERING_ETCH
100
AcDbLine
 10
6.818416
 20
2.239798
 30
0.0
 11
6.872046
 21
2.253763
 31
0.0
  0
LINE
  5
4FA
330
17
100
AcDbEntity
  8
LETTERING_ETCH
100
AcDbLine
 10
6.872046
 20
2.253763
 30
0.0
 11
6.926842
 21
2.265866
 31
0.0
  0
LINE
  5
4FB
330
17
100
AcDbEntity
  8
LETTERING_ETCH
100
AcDbLine
 10
6.926842
 20
2.265866
 30
0.0
 11
6.982804
 21
2.276107
 31
0.0
  0
LINE
  5
4FC
330
17
100
AcDbEntity
  8
LETTERING_ETCH
100
AcDbLine
 10
6.982804
 20
2.276107
 30
0.0
 11
7.039931
 21
2.284486
 31
0.0
  0
LINE
  5
4FD
330
17
100
AcDbEntity
  8
LETTERING_ETCH
100
AcDbLine
 10
7.039931
 20
2.284486
 30
0.0
 11
7.098223
 21
2.291004
 31
0.0
  0
LINE
  5
4FE
330
17
100
AcDbEntity
  8
LETTERING_ETCH
100
AcDbLine
 10
7.098223
 20
2.291004
 30
0.0
 11
7.157681
 21
2.295659
 31
0.0
  0
LINE
  5
4FF
330
17
100
AcDbEntity
  8
LETTERING_ETCH
100
AcDbLine
 10
7.157681
 20
2.295659
 30
0.0
 11
7.218304
 21
2.298452
 31
0.0
  0
LINE
  5
500
330
17
100
AcDbEntity
  8
LETTERING_ETCH
100
AcDbLine
 10
7.218304
 20
2.298452
 30
0.0
 11
7.280093
 21
2.299383
 31
0.0
  0
LINE
  5
501
330
17
100
AcDbEntity
  8
LETTERING_ETCH
100
AcDbLine
 10
7.280093
 20
2.299383
 30
0.0
 11
7.342975
 21
2.298496
 31
0.0
  0
LINE
  5
502
330
17
100
AcDbEntity
  8
LETTERING_ETCH
100
AcDbLine
 10
7.342975
 20
2.298496
 30
0.0
 11
7.404917
 21
2.295835
 31
0.0
  0
LINE
  5
503
330
17
100
AcDbEntity
  8
LETTERING_ETCH
100
AcDbLine
 10
7.404917
 20
2.295835
 30
0.0
 11
7.465919
 21
2.291399
 31
0.0
  0
LINE
  5
504
330
17
100
AcDbEntity
  8
LETTERING_ETCH
100
AcDbLine
 10
7.465919
 20
2.291399
 30
0.0
 11
7.52598
 21
2.28519
 31
0.0
  0
LINE
  5
505
330
17
100
AcDbEntity
  8
LETTERING_ETCH
100
AcDbLine
 10
7.52598
 20
2.28519
 30
0.0
 11
7.585101
 21
2.277207
 31
0.0
  0
LINE
  5
506
330
17
100
AcDbEntity
  8
LETTERING_ETCH
100
AcDbLine
 10
7.585101
 20
2.277207
 30
0.0
 11
7.643281
 21
2.26745
 31
0.0
  0
LINE
  5
507
330
17
100
AcDbEntity
  8
LETTERING_ETCH
100
AcDbLine
 10
7.643281
 20
2.26745
 30
0.0
 11
7.700521
 21
2.255918
 31
0.0
  0
LINE
  5
508
330
17
100
AcDbEntity
  8
LETTERING_ETCH
100
AcDbLine
 10
7.700521
 20
2.255918
 30
0.0
 11
7.75682
 21
2.242613
 31
0.0
  0
LINE
  5
509
330
17
100
AcDbEntity
  8
LETTERING_ETCH
100
AcDbLine
 10
7.75682
 20
2.242613
 30
0.0
 11
7.812179
 21
2.227534
 31
0.0
  0
LINE
  5
50A
330
17
100
AcDbEntity
  8
LETTERING_ETCH
100
AcDbLine
 10
7.812179
 20
2.227534
 30
0.0
 11
7.866598
 21
2.21068
 31
0.0
  0
LINE
  5
50B
330
17
100
AcDbEntity
  8
LETTERING_ETCH
100
AcDbLine
 10
7.866598
 20
2.21068
 30
0.0
 11
7.920076
 21
2.192053
 31
0.0
  0
LINE
  5
50C
330
17
100
AcDbEntity
  8
LETTERING_ETCH
100
AcDbLine
 10
7.920076
 20
2.192053
 30
0.0
 11
7.972613
 21
2.171651
 31
0.0
  0
LINE
  5
50D
330
17
100
AcDbEntity
  8
LETTERING_ETCH
100
AcDbLine
 10
7.972613
 20
2.171651
 30
0.0
 11
8.02421
 21
2.149475
 31
0.0
  0
LINE
  5
50E
330
17
100
AcDbEntity
  8
LETTERING_ETCH
100
AcDbLine
 10
8.02421
 20
2.149475
 30
0.0
 11
8.074867
 21
2.125526
 31
0.0
  0
LINE
  5
50F
330
17
100
AcDbEntity
  8
LETTERING_ETCH
100
AcDbLine
 10
8.074867
 20
2.125526
 30
0.0
 11
8.124583
 21
2.099802
 31
0.0
  0
LINE
  5
510
330
17
100
AcDbEntity
  8
LETTERING_ETCH
100
AcDbLine
 10
8.124583
 20
2.099802
 30
0.0
 11
8.173359
 21
2.072304
 31
0.0
  0
LINE
  5
511
330
17
100
AcDbEntity
  8
LETTERING_ETCH
100
AcDbLine
 10
8.173359
 20
2.072304
 30
0.0
 11
8.221194
 21
2.043032
 31
0.0
  0
LINE
  5
512
330
17
100
AcDbEntity
  8
LETTERING_ETCH
100
AcDbLine
 10
8.221194
 20
2.043032
 30
0.0
 11
8.268089
 21
2.011987
 31
0.0
  0
LINE
  5
513
330
17
100
AcDbEntity
  8
LETTERING_ETCH
100
AcDbLine
 10
8.268089
 20
2.011987
 30
0.0
 11
8.314043
 21
1.979167
 31
0.0
  0
LINE
  5
514
330
17
100
AcDbEntity
  8
LETTERING_ETCH
100
AcDbLine
 10
8.314043
 20
1.979167
 30
0.0
 11
8.358972
 21
1.944808
 31
0.0
  0
LINE
  5
515
330
17
100
AcDbEntity
  8
LETTERING_ETCH
100
AcDbLine
 10
8.358972
 20
1.944808
 30
0.0
 11
8.402788
 21
1.909145
 31
0.0
  0
LINE
  5
516
330
17
100
AcDbEntity
  8
LETTERING_ETCH
100
AcDbLine
 10
8.402788
 20
1.909145
 30
0.0
 11
8.445494
 21
1.872179
 31
0.0
  0
LINE
  5
517
330
17
100
AcDbEntity
  8
LETTERING_ETCH
100
AcDbLine
 10
8.445494
 20
1.872179
 30
0.0
 11
8.487088
 21
1.833908
 31
0.0
  0
LINE
  5
518
330
17
100
AcDbEntity
  8
LETTERING_ETCH
100
AcDbLine
 10
8.487088
 20
1.833908
 30
0.0
 11
8.52757
 21
1.794334
 31
0.0
  0
LINE
  5
519
330
17
100
AcDbEntity
  8
LETTERING_ETCH
100
AcDbLine
 10
8.52757
 20
1.794334
 30
0.0
 11
8.566942
 21
1.753456
 31
0.0
  0
LINE
  5
51A
330
17
100
AcDbEntity
  8
LETTERING_ETCH
100
AcDbLine
 10
8.566942
 20
1.753456
 30
0.0
 11
8.605201
 21
1.711274
 31
0.0
  0
LINE
  5
51B
330
17
100
AcDbEntity
  8
LETTERING_ETCH
100
AcDbLine
 10
8.605201
 20
1.711274
 30
0.0
 11
8.642349
 21
1.667789
 31
0.0
  0
LINE
  5
51C
330
17
100
AcDbEntity
  8
LETTERING_ETCH
100
AcDbLine
 10
8.642349
 20
1.667789
 30
0.0
 11
8.678386
 21
1.622999
 31
0.0
  0
LINE
  5
51D
330
17
100
AcDbEntity
  8
LETTERING_ETCH
100
AcDbLine
 10
8.678386
 20
1.622999
 30
0.0
 11
8.713311
 21
1.576906
 31
0.0
  0
LINE
  5
51E
330
17
100
AcDbEntity
  8
LETTERING_ETCH
100
AcDbLine
 10
8.713311
 20
1.576906
 30
0.0
 11
8.747125
 21
1.529509
 31
0.0
  0
LINE
  5
51F
330
17
100
AcDbEntity
  8
LETTERING_ETCH
100
AcDbLine
 10
8.747125
 20
1.529509
 30
0.0
 11
8.779828
 21
1.480808
 31
0.0
  0
LINE
  5
520
330
17
100
AcDbEntity
  8
LETTERING_ETCH
100
AcDbLine
 10
8.779828
 20
1.480808
 30
0.0
 11
8.811418
 21
1.430803
 31
0.0
  0
LINE
  5
521
330
17
100
AcDbEntity
  8
LETTERING_ETCH
100
AcDbLine
 10
8.811418
 20
1.430803
 30
0.0
 11
8.841898
 21
1.379495
 31
0.0
  0
LINE
  5
522
330
17
100
AcDbEntity
  8
LETTERING_ETCH
100
AcDbLine
 10
8.841898
 20
1.379495
 30
0.0
 11
8.871266
 21
1.326883
 31
0.0
  0
LINE
  5
523
330
17
100
AcDbEntity
  8
LETTERING_ETCH
100
AcDbLine
 10
8.871266
 20
1.326883
 30
0.0
 11
8.899523
 21
1.272966
 31
0.0
  0
LINE
  5
524
330
17
100
AcDbEntity
  8
LETTERING_ETCH
100
AcDbLine
 10
8.899523
 20
1.272966
 30
0.0
 11
8.926668
 21
1.217746
 31
0.0
  0
LINE
  5
525
330
17
100
AcDbEntity
  8
LETTERING_ETCH
100
AcDbLine
 10
8.926668
 20
1.217746
 30
0.0
 11
8.952701
 21
1.161223
 31
0.0
  0
LINE
  5
526
330
17
100
AcDbEntity
  8
LETTERING_ETCH
100
AcDbLine
 10
8.952701
 20
1.161223
 30
0.0
 11
8.977623
 21
1.103395
 31
0.0
  0
LINE
  5
527
330
17
100
AcDbEntity
  8
LETTERING_ETCH
100
AcDbLine
 10
8.977623
 20
1.103395
 30
0.0
 11
8.998189
 21
1.052555
 31
0.0
  0
LINE
  5
528
330
17
100
AcDbEntity
  8
LETTERING_ETCH
100
AcDbLine
 10
8.998189
 20
1.052555
 30
0.0
 11
9.017798
 21
1.001046
 31
0.0
  0
LINE
  5
529
330
17
100
AcDbEntity
  8
LETTERING_ETCH
100
AcDbLine
 10
9.017798
 20
1.001046
 30
0.0
 11
9.03645
 21
0.948867
 31
0.0
  0
LINE
  5
52A
330
17
100
AcDbEntity
  8
LETTERING_ETCH
100
AcDbLine
 10
9.03645
 20
0.948867
 30
0.0
 11
9.054146
 21
0.896018
 31
0.0
  0
LINE
  5
52B
330
17
100
AcDbEntity
  8
LETTERING_ETCH
100
AcDbLine
 10
9.054146
 20
0.896018
 30
0.0
 11
9.070886
 21
0.8425
 31
0.0
  0
LINE
  5
52C
330
17
100
AcDbEntity
  8
LETTERING_ETCH
100
AcDbLine
 10
9.070886
 20
0.8425
 30
0.0
 11
9.086668
 21
0.788312
 31
0.0
  0
LINE
  5
52D
330
17
100
AcDbEntity
  8
LETTERING_ETCH
100
AcDbLine
 10
9.086668
 20
0.788312
 30
0.0
 11
9.101495
 21
0.733455
 31
0.0
  0
LINE
  5
52E
330
17
100
AcDbEntity
  8
LETTERING_ETCH
100
AcDbLine
 10
9.101495
 20
0.733455
 30
0.0
 11
9.115365
 21
0.677928
 31
0.0
  0
LINE
  5
52F
330
17
100
AcDbEntity
  8
LETTERING_ETCH
100
AcDbLine
 10
9.115365
 20
0.677928
 30
0.0
 11
9.128278
 21
0.621732
 31
0.0
  0
LINE
  5
530
330
17
100
AcDbEntity
  8
LETTERING_ETCH
100
AcDbLine
 10
9.128278
 20
0.621732
 30
0.0
 11
9.140234
 21
0.564866
 31
0.0
  0
LINE
  5
531
330
17
100
AcDbEntity
  8
LETTERING_ETCH
100
AcDbLine
 10
9.140234
 20
0.564866
 30
0.0
 11
9.151235
 21
0.50733
 31
0.0
  0
LINE
  5
532
330
17
100
AcDbEntity
  8
LETTERING_ETCH
100
AcDbLine
 10
9.151235
 20
0.50733
 30
0.0
 11
9.161278
 21
0.449125
 31
0.0
  0
LINE
  5
533
330
17
100
AcDbEntity
  8
LETTERING_ETCH
100
AcDbLine
 10
9.161278
 20
0.449125
 30
0.0
 11
9.170365
 21
0.39025
 31
0.0
  0
LINE
  5
534
330
17
100
AcDbEntity
  8
LETTERING_ETCH
100
AcDbLine
 10
9.170365
 20
0.39025
 30
0.0
 11
9.178496
 21
0.330706
 31
0.0
  0
LINE
  5
535
330
17
100
AcDbEntity
  8
LETTERING_ETCH
100
AcDbLine
 10
9.178496
 20
0.330706
 30
0.0
 11
9.18567
 21
0.270492
 31
0.0
  0
LINE
  5
536
330
17
100
AcDbEntity
  8
LETTERING_ETCH
100
AcDbLine
 10
9.18567
 20
0.270492
 30
0.0
 11
9.191887
 21
0.209609
 31
0.0
  0
LINE
  5
537
330
17
100
AcDbEntity
  8
LETTERING_ETCH
100
AcDbLine
 10
9.191887
 20
0.209609
 30
0.0
 11
9.197148
 21
0.148056
 31
0.0
  0
LINE
  5
538
330
17
100
AcDbEntity
  8
LETTERING_ETCH
100
AcDbLine
 10
9.197148
 20
0.148056
 30
0.0
 11
9.201453
 21
0.085833
 31
0.0
  0
LINE
  5
539
330
17
100
AcDbEntity
  8
LETTERING_ETCH
100
AcDbLine
 10
9.201453
 20
0.085833
 30
0.0
 11
9.204801
 21
0.022941000000000003
 31
0.0
  0
LINE
  5
53A
330
17
100
AcDbEntity
  8
LETTERING_ETCH
100
AcDbLine
 10
9.204801
 20
0.022941
 30
0.0
 11
9.207192
 21
-0.04062099999999999
 31
0.0
  0
LINE
  5
53B
330
17
100
AcDbEntity
  8
LETTERING_ETCH
100
AcDbLine
 10
9.207192
 20
-0.040621
 30
0.0
 11
9.208627
 21
-0.104852
 31
0.0
  0
LINE
  5
53C
330
17
100
AcDbEntity
  8
LETTERING_ETCH
100
AcDbLine
 10
9.208627
 20
-0.104852
 30
0.0
 11
9.209105
 21
-0.169753
 31
0.0
  0
LINE
  5
53D
330
17
100
AcDbEntity
  8
LETTERING_ETCH
100
AcDbLine
 10
9.209105
 20
-0.169753
 30
0.0
 11
9.208574
 21
-0.237915
 31
0.0
  0
LINE
  5
53E
330
17
100
AcDbEntity
  8
LETTERING_ETCH
100
AcDbLine
 10
9.208574
 20
-0.237915
 30
0.0
 11
9.206983
 21
-0.305054
 31
0.0
  0
LINE
  5
53F
330
17
100
AcDbEntity
  8
LETTERING_ETCH
100
AcDbLine
 10
9.206983
 20
-0.305054
 30
0.0
 11
9.204331
 21
-0.371171
 31
0.0
  0
LINE
  5
540
330
17
100
AcDbEntity
  8
LETTERING_ETCH
100
AcDbLine
 10
9.204331
 20
-0.371171
 30
0.0
 11
9.200617
 21
-0.436265
 31
0.0
  0
LINE
  5
541
330
17
100
AcDbEntity
  8
LETTERING_ETCH
100
AcDbLine
 10
9.200617
 20
-0.436265
 30
0.0
 11
9.195843
 21
-0.500338
 31
0.0
  0
LINE
  5
542
330
17
100
AcDbEntity
  8
LETTERING_ETCH
100
AcDbLine
 10
9.195843
 20
-0.500338
 30
0.0
 11
9.190008
 21
-0.563387
 31
0.0
  0
LINE
  5
543
330
17
100
AcDbEntity
  8
LETTERING_ETCH
100
AcDbLine
 10
9.190008
 20
-0.563387
 30
0.0
 11
9.183111
 21
-0.625415
 31
0.0
  0
LINE
  5
544
330
17
100
AcDbEntity
  8
LETTERING_ETCH
100
AcDbLine
 10
9.183111
 20
-0.625415
 30
0.0
 11
9.175154
 21
-0.68642
 31
0.0
  0
LINE
  5
545
330
17
100
AcDbEntity
  8
LETTERING_ETCH
100
AcDbLine
 10
9.175154
 20
-0.68642
 30
0.0
 11
9.166136
 21
-0.746402
 31
0.0
  0
LINE
  5
546
330
17
100
AcDbEntity
  8
LETTERING_ETCH
100
AcDbLine
 10
9.166136
 20
-0.746402
 30
0.0
 11
9.156057
 21
-0.805363
 31
0.0
  0
LINE
  5
547
330
17
100
AcDbEntity
  8
LETTERING_ETCH
100
AcDbLine
 10
9.156057
 20
-0.805363
 30
0.0
 11
9.144917
 21
-0.863301
 31
0.0
  0
LINE
  5
548
330
17
100
AcDbEntity
  8
LETTERING_ETCH
100
AcDbLine
 10
9.144917
 20
-0.863301
 30
0.0
 11
9.132716
 21
-0.920216
 31
0.0
  0
LINE
  5
549
330
17
100
AcDbEntity
  8
LETTERING_ETCH
100
AcDbLine
 10
9.132716
 20
-0.920216
 30
0.0
 11
9.119454
 21
-0.976109
 31
0.0
  0
LINE
  5
54A
330
17
100
AcDbEntity
  8
LETTERING_ETCH
100
AcDbLine
 10
9.119454
 20
-0.976109
 30
0.0
 11
9.105131
 21
-1.03098
 31
0.0
  0
LINE
  5
54B
330
17
100
AcDbEntity
  8
LETTERING_ETCH
100
AcDbLine
 10
9.105131
 20
-1.03098
 30
0.0
 11
9.089747
 21
-1.084828
 31
0.0
  0
LINE
  5
54C
330
17
100
AcDbEntity
  8
LETTERING_ETCH
100
AcDbLine
 10
9.089747
 20
-1.084828
 30
0.0
 11
9.073302
 21
-1.137654
 31
0.0
  0
LINE
  5
54D
330
17
100
AcDbEntity
  8
LETTERING_ETCH
100
AcDbLine
 10
9.073302
 20
-1.137654
 30
0.0
 11
9.055797
 21
-1.189458
 31
0.0
  0
LINE
  5
54E
330
17
100
AcDbEntity
  8
LETTERING_ETCH
100
AcDbLine
 10
9.055797
 20
-1.189458
 30
0.0
 11
9.03723
 21
-1.240239
 31
0.0
  0
LINE
  5
54F
330
17
100
AcDbEntity
  8
LETTERING_ETCH
100
AcDbLine
 10
9.03723
 20
-1.240239
 30
0.0
 11
9.017602
 21
-1.289998
 31
0.0
  0
LINE
  5
550
330
17
100
AcDbEntity
  8
LETTERING_ETCH
100
AcDbLine
 10
9.017602
 20
-1.289998
 30
0.0
 11
8.996914
 21
-1.338735
 31
0.0
  0
LINE
  5
551
330
17
100
AcDbEntity
  8
LETTERING_ETCH
100
AcDbLine
 10
8.996914
 20
-1.338735
 30
0.0
 11
8.969787
 21
-1.398097
 31
0.0
  0
LINE
  5
552
330
17
100
AcDbEntity
  8
LETTERING_ETCH
100
AcDbLine
 10
8.969787
 20
-1.398097
 30
0.0
 11
8.941454
 21
-1.455621
 31
0.0
  0
LINE
  5
553
330
17
100
AcDbEntity
  8
LETTERING_ETCH
100
AcDbLine
 10
8.941454
 20
-1.455621
 30
0.0
 11
8.911916
 21
-1.511306
 31
0.0
  0
LINE
  5
554
330
17
100
AcDbEntity
  8
LETTERING_ETCH
100
AcDbLine
 10
8.911916
 20
-1.511306
 30
0.0
 11
8.881173
 21
-1.565152
 31
0.0
  0
LINE
  5
555
330
17
100
AcDbEntity
  8
LETTERING_ETCH
100
AcDbLine
 10
8.881173
 20
-1.565152
 30
0.0
 11
8.849224
 21
-1.61716
 31
0.0
  0
LINE
  5
556
330
17
100
AcDbEntity
  8
LETTERING_ETCH
100
AcDbLine
 10
8.849224
 20
-1.61716
 30
0.0
 11
8.816069
 21
-1.66733
 31
0.0
  0
LINE
  5
557
330
17
100
AcDbEntity
  8
LETTERING_ETCH
100
AcDbLine
 10
8.816069
 20
-1.66733
 30
0.0
 11
8.781708
 21
-1.715661
 31
0.0
  0
LINE
  5
558
330
17
100
AcDbEntity
  8
LETTERING_ETCH
100
AcDbLine
 10
8.781708
 20
-1.715661
 30
0.0
 11
8.746142
 21
-1.762153
 31
0.0
  0
LINE
  5
559
330
17
100
AcDbEntity
  8
LETTERING_ETCH
100
AcDbLine
 10
8.746142
 20
-1.762153
 30
0.0
 11
8.70937
 21
-1.806806
 31
0.0
  0
LINE
  5
55A
330
17
100
AcDbEntity
  8
LETTERING_ETCH
100
AcDbLine
 10
8.70937
 20
-1.806806
 30
0.0
 11
8.671393
 21
-1.849621
 31
0.0
  0
LINE
  5
55B
330
17
100
AcDbEntity
  8
LETTERING_ETCH
100
AcDbLine
 10
8.671393
 20
-1.849621
 30
0.0
 11
8.63221
 21
-1.890598
 31
0.0
  0
LINE
  5
55C
330
17
100
AcDbEntity
  8
LETTERING_ETCH
100
AcDbLine
 10
8.63221
 20
-1.890598
 30
0.0
 11
8.591821
 21
-1.929736
 31
0.0
  0
LINE
  5
55D
330
17
100
AcDbEntity
  8
LETTERING_ETCH
100
AcDbLine
 10
8.591821
 20
-1.929736
 30
0.0
 11
8.550227
 21
-1.967035
 31
0.0
  0
LINE
  5
55E
330
17
100
AcDbEntity
  8
LETTERING_ETCH
100
AcDbLine
 10
8.550227
 20
-1.967035
 30
0.0
 11
8.507427
 21
-2.002496
 31
0.0
  0
LINE
  5
55F
330
17
100
AcDbEntity
  8
LETTERING_ETCH
100
AcDbLine
 10
8.507427
 20
-2.002496
 30
0.0
 11
8.463421
 21
-2.036118
 31
0.0
  0
LINE
  5
560
330
17
100
AcDbEntity
  8
LETTERING_ETCH
100
AcDbLine
 10
8.463421
 20
-2.036118
 30
0.0
 11
8.41821
 21
-2.067901
 31
0.0
  0
LINE
  5
561
330
17
100
AcDbEntity
  8
LETTERING_ETCH
100
AcDbLine
 10
8.41821
 20
-2.067901
 30
0.0
 11
8.368913
 21
-2.099726
 31
0.0
  0
LINE
  5
562
330
17
100
AcDbEntity
  8
LETTERING_ETCH
100
AcDbLine
 10
8.368913
 20
-2.099726
 30
0.0
 11
8.318759
 21
-2.129355
 31
0.0
  0
LINE
  5
563
330
17
100
AcDbEntity
  8
LETTERING_ETCH
100
AcDbLine
 10
8.318759
 20
-2.129355
 30
0.0
 11
8.267747
 21
-2.15679
 31
0.0
  0
LINE
  5
564
330
17
100
AcDbEntity
  8
LETTERING_ETCH
100
AcDbLine
 10
8.267747
 20
-2.15679
 30
0.0
 11
8.215878
 21
-2.18203
 31
0.0
  0
LINE
  5
565
330
17
100
AcDbEntity
  8
LETTERING_ETCH
100
AcDbLine
 10
8.215878
 20
-2.18203
 30
0.0
 11
8.163152
 21
-2.205075
 31
0.0
  0
LINE
  5
566
330
17
100
AcDbEntity
  8
LETTERING_ETCH
100
AcDbLine
 10
8.163152
 20
-2.205075
 30
0.0
 11
8.109568
 21
-2.225926
 31
0.0
  0
LINE
  5
567
330
17
100
AcDbEntity
  8
LETTERING_ETCH
100
AcDbLine
 10
8.109568
 20
-2.225926
 30
0.0
 11
8.055127
 21
-2.244582
 31
0.0
  0
LINE
  5
568
330
17
100
AcDbEntity
  8
LETTERING_ETCH
100
AcDbLine
 10
8.055127
 20
-2.244582
 30
0.0
 11
7.999829
 21
-2.261043
 31
0.0
  0
LINE
  5
569
330
17
100
AcDbEntity
  8
LETTERING_ETCH
100
AcDbLine
 10
7.999829
 20
-2.261043
 30
0.0
 11
7.943673
 21
-2.275309
 31
0.0
  0
LINE
  5
56A
330
17
100
AcDbEntity
  8
LETTERING_ETCH
100
AcDbLine
 10
7.943673
 20
-2.275309
 30
0.0
 11
7.88666
 21
-2.28738
 31
0.0
  0
LINE
  5
56B
330
17
100
AcDbEntity
  8
LETTERING_ETCH
100
AcDbLine
 10
7.88666
 20
-2.28738
 30
0.0
 11
7.828789
 21
-2.297257
 31
0.0
  0
LINE
  5
56C
330
17
100
AcDbEntity
  8
LETTERING_ETCH
100
AcDbLine
 10
7.828789
 20
-2.297257
 30
0.0
 11
7.770062
 21
-2.304938
 31
0.0
  0
LINE
  5
56D
330
17
100
AcDbEntity
  8
LETTERING_ETCH
100
AcDbLine
 10
7.770062
 20
-2.304938
 30
0.0
 11
7.710477
 21
-2.310425
 31
0.0
  0
LINE
  5
56E
330
17
100
AcDbEntity
  8
LETTERING_ETCH
100
AcDbLine
 10
7.710477
 20
-2.310425
 30
0.0
 11
7.650034
 21
-2.313717
 31
0.0
  0
ENDSEC
  0
SECTION
  2
OBJECTS
  0
DICTIONARY
  5
A
330
0
100
AcDbDictionary
281
1
  3
ACAD_COLOR
350
B
  3
ACAD_GROUP
350
C
  3
ACAD_LAYOUT
350
D
  3
ACAD_MATERIAL
350
E
  3
ACAD_MLEADERSTYLE
350
F
  3
ACAD_MLINESTYLE
350
10
  3
ACAD_PLOTSETTINGS
350
11
  3
ACAD_PLOTSTYLENAME
350
12
  3
ACAD_SCALELIST
350
14
  3
ACAD_TABLESTYLE
350
15
  3
ACAD_VISUALSTYLE
350
16
  3
EZDXF_META
350
2D
  0
DICTIONARY
  5
B
330
A
100
AcDbDictionary
281
1
  0
DICTIONARY
  5
C
330
A
100
AcDbDictionary
281
1
  0
DICTIONARY
  5
D
330
A
100
AcDbDictionary
281
1
  3
Model
350
1A
  3
Layout1
350
1E
  0
DICTIONARY
  5
E
330
A
100
AcDbDictionary
281
1
  3
ByBlock
350
1F
  3
ByLayer
350
20
  3
Global
350
21
  0
DICTIONARY
  5
F
330
A
100
AcDbDictionary
281
1
  3
Standard
350
2C
  0
DICTIONARY
  5
10
330
A
100
AcDbDictionary
281
1
  3
Standard
350
22
  0
DICTIONARY
  5
11
330
A
100
AcDbDictionary
281
1
  0
ACDBDICTIONARYWDFLT
  5
12
330
A
100
AcDbDictionary
281
1
  3
Normal
350
13
100
AcDbDictionaryWithDefault
340
13
  0
ACDBPLACEHOLDER
  5
13
330
12
  0
DICTIONARY
  5
14
330
A
100
AcDbDictionary
281
1
  0
DICTIONARY
  5
15
330
A
100
AcDbDictionary
281
1
  0
DICTIONARY
  5
16
330
A
100
AcDbDictionary
281
1
  0
LAYOUT
  5
1A
330
D
100
AcDbPlotSettings
  1

  4
A3
  6

 40
7.5
 41
20.0
 42
7.5
 43
20.0
 44
420.0
 45
297.0
 46
0.0
 47
0.0
 48
0.0
 49
0.0
140
0.0
141
0.0
142
1.0
143
1.0
 70
1024
 72
1
 73
0
 74
5
  7

 75
16
 76
0
 77
2
 78
300
147
1.0
148
0.0
149
0.0
100
AcDbLayout
  1
Model
 70
1
 71
0
 10
0.0
 20
0.0
 11
420.0
 21
297.0
 12
0.0
 22
0.0
 32
0.0
 14
1e+20
 24
1e+20
 34
1e+20
 15
-1e+20
 25
-1e+20
 35
-1e+20
146
0.0
 13
0.0
 23
0.0
 33
0.0
 16
1.0
 26
0.0
 36
0.0
 17
0.0
 27
1.0
 37
0.0
 76
1
330
17
  0
LAYOUT
  5
1E
330
D
100
AcDbPlotSettings
  1

  4
A3
  6

 40
7.5
 41
20.0
 42
7.5
 43
20.0
 44
420.0
 45
297.0
 46
0.0
 47
0.0
 48
0.0
 49
0.0
140
0.0
141
0.0
142
1.0
143
1.0
 70
0
 72
1
 73
0
 74
5
  7

 75
16
 76
0
 77
2
 78
300
147
1.0
148
0.0
149
0.0
100
AcDbLayout
  1
Layout1
 70
1
 71
1
 10
0.0
 20
0.0
 11
420.0
 21
297.0
 12
0.0
 22
0.0
 32
0.0
 14
1e+20
 24
1e+20
 34
1e+20
 15
-1e+20
 25
-1e+20
 35
-1e+20
146
0.0
 13
0.0
 23
0.0
 33
0.0
 16
1.0
 26
0.0
 36
0.0
 17
0.0
 27
1.0
 37
0.0
 76
1
330
1B
  0
MATERIAL
  5
1F
102
{ACAD_REACTORS
330
E
102
}
330
E
100
AcDbMaterial
  1
ByBlock
  2

 70
0
 40
1.0
 71
1
 41
1.0
 91
-1023410177
 42
1.0
 72
1
  3

 73
1
 74
1
 75
1
 44
0.5
 73
0
 45
1.0
 46
1.0
 77
1
  4

 78
1
 79
1
170
1
 48
1.0
171
1
  6

172
1
173
1
174
1
140
1.0
141
1.0
175
1
  7

176
1
177
1
178
1
143
1.0
179
1
  8

270
1
271
1
272
1
145
1.0
146
1.0
273
1
  9

274
1
275
1
276
1
 42
1.0
 72
1
  3

 73
1
 74
1
 75
1
 94
63
  0
MATERIAL
  5
20
102
{ACAD_REACTORS
330
E
102
}
330
E
100
AcDbMaterial
  1
ByLayer
  2

 70
0
 40
1.0
 71
1
 41
1.0
 91
-1023410177
 42
1.0
 72
1
  3

 73
1
 74
1
 75
1
 44
0.5
 73
0
 45
1.0
 46
1.0
 77
1
  4

 78
1
 79
1
170
1
 48
1.0
171
1
  6

172
1
173
1
174
1
140
1.0
141
1.0
175
1
  7

176
1
177
1
178
1
143
1.0
179
1
  8

270
1
271
1
272
1
145
1.0
146
1.0
273
1
  9

274
1
275
1
276
1
 42
1.0
 72
1
  3

 73
1
 74
1
 75
1
 94
63
  0
MATERIAL
  5
21
102
{ACAD_REACTORS
330
E
102
}
330
E
100
AcDbMaterial
  1
Global
  2

 70
0
 40
1.0
 71
1
 41
1.0
 91
-1023410177
 42
1.0
 72
1
  3

 73
1
 74
1
 75
1
 44
0.5
 73
0
 45
1.0
 46
1.0
 77
1
  4

 78
1
 79
1
170
1
 48
1.0
171
1
  6

172
1
173
1
174
1
140
1.0
141
1.0
175
1
  7

176
1
177
1
178
1
143
1.0
179
1
  8

270
1
271
1
272
1
145
1.0
146
1.0
273
1
  9

274
1
275
1
276
1
 42
1.0
 72
1
  3

 73
1
 74
1
 75
1
 94
63
  0
MLINESTYLE
  5
22
102
{ACAD_REACTORS
330
10
102
}
330
10
100
AcDbMlineStyle
  2
Standard
 70
0
  3

 62
256
 51
90.0
 52
90.0
 71
2
 49
0.5
 62
256
  6
BYLAYER
 49
-0.5
 62
256
  6
BYLAYER
  0
MLEADERSTYLE
  5
2C
102
{ACAD_REACTORS
330
F
102
}
330
F
100
AcDbMLeaderStyle
179
2
170
2
171
1
172
0
 90
2
 40
0.0
 41
0.0
173
1
 91
-1056964608
 92
-2
290
1
 42
2.0
291
1
 43
8.0
  3
Standard
 44
4.0
300

342
29
174
1
175
1
176
0
178
1
 93
-1056964608
 45
4.0
292
0
297
0
 46
4.0
 94
-1056964608
 47
1.0
 49
1.0
140
1.0
294
1
141
0.0
177
0
142
1.0
295
0
296
0
143
3.75
271
0
272
9
273
9
  0
DICTIONARY
  5
2D
330
A
100
AcDbDictionary
280
1
281
1
  3
CREATED_BY_EZDXF
350
2E
  3
WRITTEN_BY_EZDXF
350
572
  0
DICTIONARYVAR
  5
2E
330
2D
100
DictionaryVariables
280
0
  1
1.4.4 @ 2026-10-06T21:06:53.023301+00:00
  0
DICTIONARYVAR
  5
572
330
2D
100
DictionaryVariables
280
0
  1
1.4.4 @ 2026-10-06T21:06:53.130029+00:00
  0
ENDSEC
  0
EOF
