  0
SECTION
  2
HEADER
  9
$ACADVER
  1
AC1027
  9
$ACADMAINTVER
 70
105
  9
$DWGCODEPAGE
  3
ANSI_1252
  9
$LASTSAVEDBY
  1
ezdxf
  9
$REQUIREDVERSIONS
160
0
  9
$INSBASE
 10
0.0
 20
0.0
 30
0.0
  9
$EXTMIN
 10
1e+20
 20
1e+20
 30
1e+20
  9
$EXTMAX
 10
-1e+20
 20
-1e+20
 30
-1e+20
  9
$LIMMIN
 10
0.0
 20
0.0
  9
$LIMMAX
 10
420.0
 20
297.0
  9
$ORTHOMODE
 70
0
  9
$REGENMODE
 70
1
  9
$FILLMODE
 70
1
  9
$QTEXTMODE
 70
0
  9
$MIRRTEXT
 70
1
  9
$LTSCALE
 40
1.0
  9
$ATTMODE
 70
1
  9
$TEXTSIZE
 40
2.5
  9
$TRACEWID
 40
1.0
  9
$TEXTSTYLE
  7
Standard
  9
$CLAYER
  8
0
  9
$CELTYPE
  6
ByLayer
  9
$CECOLOR
 62
256
  9
$CELTSCALE
 40
1.0
  9
$DISPSILH
 70
0
  9
$DIMSCALE
 40
1.0
  9
$DIMASZ
 40
2.5
  9
$DIMEXO
 40
0.625
  9
$DIMDLI
 40
3.75
  9
$DIMRND
 40
0.0
  9
$DIMDLE
 40
0.0
  9
$DIMEXE
 40
1.25
  9
$DIMTP
 40
0.0
  9
$DIMTM
 40
0.0
  9
$DIMTXT
 40
2.5
  9
$DIMCEN
 40
2.5
  9
$DIMTSZ
 40
0.0
  9
$DIMTOL
 70
0
  9
$DIMLIM
 70
0
  9
$DIMTIH
 70
0
  9
$DIMTOH
 70
0
  9
$DIMSE1
 70
0
  9
$DIMSE2
 70
0
  9
$DIMTAD
 70
1
  9
$DIMZIN
 70
8
  9
$DIMBLK
  1

  9
$DIMASO
 70
1
  9
$DIMSHO
 70
1
  9
$DIMPOST
  1

  9
$DIMAPOST
  1

  9
$DIMALT
 70
0
  9
$DIMALTD
 70
3
  9
$DIMALTF
 40
0.03937007874
  9
$DIMLFAC
 40
1.0
  9
$DIMTOFL
 70
1
  9
$DIMTVP
 40
0.0
  9
$DIMTIX
 70
0
  9
$DIMSOXD
 70
0
  9
$DIMSAH
 70
0
  9
$DIMBLK1
  1

  9
$DIMBLK2
  1

  9
$DIMSTYLE
  2
ISO-25
  9
$DIMCLRD
 70
0
  9
$DIMCLRE
 70
0
  9
$DIMCLRT
 70
0
  9
$DIMTFAC
 40
1.0
  9
$DIMGAP
 40
0.625
  9
$DIMJUST
 70
0
  9
$DIMSD1
 70
0
  9
$DIMSD2
 70
0
  9
$DIMTOLJ
 70
0
  9
$DIMTZIN
 70
8
  9
$DIMALTZ
 70
0
  9
$DIMALTTZ
 70
0
  9
$DIMUPT
 70
0
  9
$DIMDEC
 70
2
  9
$DIMTDEC
 70
2
  9
$DIMALTU
 70
2
  9
$DIMALTTD
 70
3
  9
$DIMTXSTY
  7
Standard
  9
$DIMAUNIT
 70
0
  9
$DIMADEC
 70
0
  9
$DIMALTRND
 40
0.0
  9
$DIMAZIN
 70
0
  9
$DIMDSEP
 70
44
  9
$DIMATFIT
 70
3
  9
$DIMFRAC
 70
0
  9
$DIMLDRBLK
  1

  9
$DIMLUNIT
 70
2
  9
$DIMLWD
 70
-2
  9
$DIMLWE
 70
-2
  9
$DIMTMOVE
 70
0
  9
$DIMFXL
 40
1.0
  9
$DIMFXLON
 70
0
  9
$DIMJOGANG
 40
0.785398163397
  9
$DIMTFILL
 70
0
  9
$DIMTFILLCLR
 70
0
  9
$DIMARCSYM
 70
0
  9
$DIMLTYPE
  6

  9
$DIMLTEX1
  6

  9
$DIMLTEX2
  6

  9
$DIMTXTDIRECTION
 70
0
  9
$LUNITS
 70
2
  9
$LUPREC
 70
4
  9
$SKETCHINC
 40
1.0
  9
$FILLETRAD
 40
10.0
  9
$AUNITS
 70
0
  9
$AUPREC
 70
2
  9
$MENU
  1
.
  9
$ELEVATION
 40
0.0
  9
$PELEVATION
 40
0.0
  9
$THICKNESS
 40
0.0
  9
$LIMCHECK
 70
0
  9
$CHAMFERA
 40
0.0
  9
$CHAMFERB
 40
0.0
  9
$CHAMFERC
 40
0.0
  9
$CHAMFERD
 40
0.0
  9
$SKPOLY
 70
0
  9
$TDCREATE
 40
2461321.5713541666
  9
$TDUCREATE
 40
2458532.153996898
  9
$TDUPDATE
 40
2461321.5713657406
  9
$TDUUPDATE
 40
2458532.1544311
  9
$TDINDWG
 40
0.0
  9
$TDUSRTIMER
 40
0.0
  9
$USRTIMER
 70
1
  9
$ANGBASE
 50
0.0
  9
$ANGDIR
 70
0
  9
$PDMODE
 70
0
  9
$PDSIZE
 40
0.0
  9
$PLINEWID
 40
0.0
  9
$SPLFRAME
 70
0
  9
$SPLINETYPE
 70
6
  9
$SPLINESEGS
 70
8
  9
$HANDSEED
  5
776
  9
$SURFTAB1
 70
6
  9
$SURFTAB2
 70
6
  9
$SURFTYPE
 70
6
  9
$SURFU
 70
6
  9
$SURFV
 70
6
  9
$UCSBASE
  2

  9
$UCSNAME
  2

  9
$UCSORG
 10
0.0
 20
0.0
 30
0.0
  9
$UCSXDIR
 10
1.0
 20
0.0
 30
0.0
  9
$UCSYDIR
 10
0.0
 20
1.0
 30
0.0
  9
$UCSORTHOREF
  2

  9
$UCSORTHOVIEW
 70
0
  9
$UCSORGTOP
 10
0.0
 20
0.0
 30
0.0
  9
$UCSORGBOTTOM
 10
0.0
 20
0.0
 30
0.0
  9
$UCSORGLEFT
 10
0.0
 20
0.0
 30
0.0
  9
$UCSORGRIGHT
 10
0.0
 20
0.0
 30
0.0
  9
$UCSORGFRONT
 10
0.0
 20
0.0
 30
0.0
  9
$UCSORGBACK
 10
0.0
 20
0.0
 30
0.0
  9
$PUCSBASE
  2

  9
$PUCSNAME
  2

  9
$PUCSORG
 10
0.0
 20
0.0
 30
0.0
  9
$PUCSXDIR
 10
1.0
 20
0.0
 30
0.0
  9
$PUCSYDIR
 10
0.0
 20
1.0
 30
0.0
  9
$PUCSORTHOREF
  2

  9
$PUCSORTHOVIEW
 70
0
  9
$PUCSORGTOP
 10
0.0
 20
0.0
 30
0.0
  9
$PUCSORGBOTTOM
 10
0.0
 20
0.0
 30
0.0
  9
$PUCSORGLEFT
 10
0.0
 20
0.0
 30
0.0
  9
$PUCSORGRIGHT
 10
0.0
 20
0.0
 30
0.0
  9
$PUCSORGFRONT
 10
0.0
 20
0.0
 30
0.0
  9
$PUCSORGBACK
 10
0.0
 20
0.0
 30
0.0
  9
$USERI1
 70
0
  9
$USERI2
 70
0
  9
$USERI3
 70
0
  9
$USERI4
 70
0
  9
$USERI5
 70
0
  9
$USERR1
 40
0.0
  9
$USERR2
 40
0.0
  9
$USERR3
 40
0.0
  9
$USERR4
 40
0.0
  9
$USERR5
 40
0.0
  9
$WORLDVIEW
 70
1
  9
$SHADEDGE
 70
3
  9
$SHADEDIF
 70
70
  9
$TILEMODE
 70
1
  9
$MAXACTVP
 70
64
  9
$PINSBASE
 10
0.0
 20
0.0
 30
0.0
  9
$PLIMCHECK
 70
0
  9
$PEXTMIN
 10
1e+20
 20
1e+20
 30
1e+20
  9
$PEXTMAX
 10
-1e+20
 20
-1e+20
 30
-1e+20
  9
$PLIMMIN
 10
0.0
 20
0.0
  9
$PLIMMAX
 10
420.0
 20
297.0
  9
$UNITMODE
 70
0
  9
$VISRETAIN
 70
1
  9
$PLINEGEN
 70
0
  9
$PSLTSCALE
 70
1
  9
$TREEDEPTH
 70
3020
  9
$CMLSTYLE
  2
Standard
  9
$CMLJUST
 70
0
  9
$CMLSCALE
 40
20.0
  9
$PROXYGRAPHICS
 70
1
  9
$MEASUREMENT
 70
1
  9
$CELWEIGHT
370
-1
  9
$ENDCAPS
280
0
  9
$JOINSTYLE
280
0
  9
$LWDISPLAY
290
0
  9
$INSUNITS
 70
4
  9
$HYPERLINKBASE
  1

  9
$STYLESHEET
  1

  9
$XEDIT
290
1
  9
$CEPSNTYPE
380
0
  9
$PSTYLEMODE
290
1
  9
$FINGERPRINTGUID
  2
{4611A86D-2026-4718-989A-F44128EF0479}
  9
$VERSIONGUID
  2
{F79CFA3C-54FB-4442-8B7A-DAD5C823A446}
  9
$EXTNAMES
290
1
  9
$PSVPSCALE
 40
0.0
  9
$OLESTARTUP
290
0
  9
$SORTENTS
280
127
  9
$INDEXCTL
280
0
  9
$HIDETEXT
280
1
  9
$XCLIPFRAME
280
1
  9
$HALOGAP
280
0
  9
$OBSCOLOR
 70
257
  9
$OBSLTYPE
280
0
  9
$INTERSECTIONDISPLAY
280
0
  9
$INTERSECTIONCOLOR
 70
257
  9
$DIMASSOC
280
2
  9
$PROJECTNAME
  1

  9
$CAMERADISPLAY
290
0
  9
$LENSLENGTH
 40
50.0
  9
$CAMERAHEIGHT
 40
0.0
  9
$STEPSPERSEC
 40
24.0
  9
$STEPSIZE
 40
100.0
  9
$3DDWFPREC
 40
2.0
  9
$PSOLWIDTH
 40
0.005
  9
$PSOLHEIGHT
 40
0.08
  9
$LOFTANG1
 40
1.570796326795
  9
$LOFTANG2
 40
1.570796326795
  9
$LOFTMAG1
 40
0.0
  9
$LOFTMAG2
 40
0.0
  9
$LOFTPARAM
 70
7
  9
$LOFTNORMALS
280
1
  9
$LATITUDE
 40
37.795
  9
$LONGITUDE
 40
-122.394
  9
$NORTHDIRECTION
 40
0.0
  9
$TIMEZONE
 70
-8000
  9
$LIGHTGLYPHDISPLAY
280
1
  9
$TILEMODELIGHTSYNCH
280
1
  9
$CMATERIAL
347
20
  9
$SOLIDHIST
280
0
  9
$SHOWHIST
280
1
  9
$DWFFRAME
280
2
  9
$DGNFRAME
280
2
  9
$REALWORLDSCALE
290
1
  9
$INTERFERECOLOR
 62
256
  9
$CSHADOW
280
0
  9
$SHADOWPLANELOCATION
 40
0.0
  0
ENDSEC
  0
SECTION
  2
CLASSES
  0
CLASS
  1
ACDBDICTIONARYWDFLT
  2
AcDbDictionaryWithDefault
  3
ObjectDBX Classes
 90
0
 91
0
280
0
281
0
  0
CLASS
  1
SUN
  2
AcDbSun
  3
SCENEOE
 90
1153
 91
0
280
0
281
0
  0
CLASS
  1
VISUALSTYLE
  2
AcDbVisualStyle
  3
ObjectDBX Classes
 90
4095
 91
0
280
0
281
0
  0
CLASS
  1
MATERIAL
  2
AcDbMaterial
  3
ObjectDBX Classes
 90
1153
 91
0
280
0
281
0
  0
CLASS
  1
SCALE
  2
AcDbScale
  3
ObjectDBX Classes
 90
1153
 91
0
280
0
281
0
  0
CLASS
  1
TABLESTYLE
  2
AcDbTableStyle
  3
ObjectDBX Classes
 90
4095
 91
0
280
0
281
0
  0
CLASS
  1
MLEADERSTYLE
  2
AcDbMLeaderStyle
  3
ACDB_MLEADERSTYLE_CLASS
 90
4095
 91
0
280
0
281
0
  0
CLASS
  1
DICTIONARYVAR
  2
AcDbDictionaryVar
  3
ObjectDBX Classes
 90
0
 91
0
280
0
281
0
  0
CLASS
  1
CELLSTYLEMAP
  2
AcDbCellStyleMap
  3
ObjectDBX Classes
 90
1152
 91
0
280
0
281
0
  0
CLASS
  1
MENTALRAYRENDERSETTINGS
  2
AcDbMentalRayRenderSettings
  3
SCENEOE
 90
1024
 91
0
280
0
281
0
  0
CLASS
  1
ACDBDETAILVIEWSTYLE
  2
AcDbDetailViewStyle
  3
ObjectDBX Classes
 90
1025
 91
0
280
0
281
0
  0
CLASS
  1
ACDBSECTIONVIEWSTYLE
  2
AcDbSectionViewStyle
  3
ObjectDBX Classes
 90
1025
 91
0
280
0
281
0
  0
CLASS
  1
RASTERVARIABLES
  2
AcDbRasterVariables
  3
ISM
 90
0
 91
0
280
0
281
0
  0
CLASS
  1
ACDBPLACEHOLDER
  2
AcDbPlaceHolder
  3
ObjectDBX Classes
 90
0
 91
0
280
0
281
0
  0
CLASS
  1
LAYOUT
  2
AcDbLayout
  3
ObjectDBX Classes
 90
0
 91
0
280
0
281
0
  0
ENDSEC
  0
SECTION
  2
TABLES
  0
TABLE
  2
VPORT
  5
8
330
0
100
AcDbSymbolTable
 70
1
  0
VPORT
  5
772
330
8
100
AcDbSymbolTableRecord
100
AcDbViewportTableRecord
  2
*Active
 70
0
 10
0.0
 20
0.0
 11
1.0
 21
1.0
 12
0.0
 22
0.0
 13
0.0
 23
0.0
 14
0.5
 24
0.5
 15
0.5
 25
0.5
 16
0.0
 26
0.0
 36
1.0
 17
0.0
 27
0.0
 37
0.0
 40
20.0
 41
1.34
 42
50.0
 43
0.0
 44
0.0
 50
0.0
 51
0.0
 71
0
 72
1000
 73
1
 74
3
 75
0
 76
0
 77
0
 78
0
281
0
 65
1
110
0.0
120
0.0
130
0.0
111
1.0
121
0.0
131
0.0
112
0.0
122
1.0
132
0.0
 79
0
146
0.0
  0
ENDTAB
  0
TABLE
  2
LTYPE
  5
2
330
0
100
AcDbSymbolTable
 70
3
  0
LTYPE
  5
24
330
2
100
AcDbSymbolTableRecord
100
AcDbLinetypeTableRecord
  2
ByBlock
 70
0
  3

 72
65
 73
0
 40
0.0
  0
LTYPE
  5
25
330
2
100
AcDbSymbolTableRecord
100
AcDbLinetypeTableRecord
  2
ByLayer
 70
0
  3

 72
65
 73
0
 40
0.0
  0
LTYPE
  5
26
330
2
100
AcDbSymbolTableRecord
100
AcDbLinetypeTableRecord
  2
Continuous
 70
0
  3

 72
65
 73
0
 40
0.0
  0
ENDTAB
  0
TABLE
  2
LAYER
  5
1
330
0
100
AcDbSymbolTable
 70
4
  0
LAYER
  5
27
330
1
100
AcDbSymbolTableRecord
100
AcDbLayerTableRecord
  2
0
 70
0
 62
7
  6
Continuous
370
-3
390
13
347
21
  0
LAYER
  5
28
330
1
100
AcDbSymbolTableRecord
100
AcDbLayerTableRecord
  2
Defpoints
 70
0
 62
7
  6
Continuous
290
0
370
-3
390
13
347
21
  0
LAYER
  5
2F
330
1
100
AcDbSymbolTableRecord
100
AcDbLayerTableRecord
  2
KNOB_OUTLINE_REFERENCE
 70
0
 62
7
  6
Continuous
370
-3
390
13
347
21
  0
LAYER
  5
30
330
1
100
AcDbSymbolTableRecord
100
AcDbLayerTableRecord
  2
LOGO_ENGRAVE
 70
0
 62
7
  6
Continuous
370
-3
390
13
347
21
  0
ENDTAB
  0
TABLE
  2
STYLE
  5
5
330
0
100
AcDbSymbolTable
 70
1
  0
STYLE
  5
29
330
5
100
AcDbSymbolTableRecord
100
AcDbTextStyleTableRecord
  2
Standard
 70
0
 40
0.0
 41
1.0
 50
0.0
 71
0
 42
2.5
  3
txt
  4

  0
ENDTAB
  0
TABLE
  2
VIEW
  5
7
330
0
100
AcDbSymbolTable
 70
0
  0
ENDTAB
  0
TABLE
  2
UCS
  5
6
330
0
100
AcDbSymbolTable
 70
0
  0
ENDTAB
  0
TABLE
  2
APPID
  5
3
330
0
100
AcDbSymbolTable
 70
3
  0
APPID
  5
2A
330
3
100
AcDbSymbolTableRecord
100
AcDbRegAppTableRecord
  2
ACAD
 70
0
  0
APPID
  5
773
330
3
100
AcDbSymbolTableRecord
100
AcDbRegAppTableRecord
  2
HATCHBACKGROUNDCOLOR
 70
0
  0
APPID
  5
774
330
3
100
AcDbSymbolTableRecord
100
AcDbRegAppTableRecord
  2
EZDXF
 70
0
  0
ENDTAB
  0
TABLE
  2
DIMSTYLE
  5
4
330
0
100
AcDbSymbolTable
 70
1
100
AcDbDimStyleTable
  0
DIMSTYLE
105
2B
330
4
100
AcDbSymbolTableRecord
100
AcDbDimStyleTableRecord
  2
Standard
 70
0
 40
1.0
 41
2.5
 42
0.625
 43
3.75
 44
1.25
 45
0.0
 46
0.0
 47
0.0
 48
0.0
 49
2.5
140
2.5
141
2.5
142
0.0
143
0.03937007874
144
1.0
145
0.0
146
1.0
147
0.625
148
0.0
 69
0
 70
0
 71
0
 72
0
 73
0
 74
0
 75
0
 76
0
 77
1
 78
8
 79
3
170
0
171
3
172
1
173
0
174
0
175
0
176
0
177
0
178
0
179
2
271
2
272
2
273
2
274
3
275
0
276
0
277
2
278
44
279
0
280
0
281
0
282
0
283
0
284
8
285
0
286
0
288
0
289
3
290
0
371
-2
372
-2
  0
ENDTAB
  0
TABLE
  2
BLOCK_RECORD
  5
9
330
0
100
AcDbSymbolTable
 70
2
  0
BLOCK_RECORD
  5
17
330
9
100
AcDbSymbolTableRecord
100
AcDbBlockTableRecord
  2
*Model_Space
340
1A
 70
0
280
1
281
0
  0
BLOCK_RECORD
  5
1B
330
9
100
AcDbSymbolTableRecord
100
AcDbBlockTableRecord
  2
*Paper_Space
340
1E
 70
0
280
1
281
0
  0
ENDTAB
  0
ENDSEC
  0
SECTION
  2
BLOCKS
  0
BLOCK
  5
18
330
17
100
AcDbEntity
  8
0
100
AcDbBlockBegin
  2
*Model_Space
 70
0
 10
0.0
 20
0.0
 30
0.0
  3
*Model_Space
  1

  0
ENDBLK
  5
19
330
17
100
AcDbEntity
  8
0
100
AcDbBlockEnd
  0
BLOCK
  5
1C
330
1B
100
AcDbEntity
  8
0
100
AcDbBlockBegin
  2
*Paper_Space
 70
0
 10
0.0
 20
0.0
 30
0.0
  3
*Paper_Space
  1

  0
ENDBLK
  5
1D
330
1B
100
AcDbEntity
  8
0
100
AcDbBlockEnd
  0
ENDSEC
  0
SECTION
  2
ENTITIES
  0
CIRCLE
  5
31
330
17
100
AcDbEntity
  8
KNOB_OUTLINE_REFERENCE
100
AcDbCircle
 10
0.0
 20
0.0
 30
0.0
 40
10.0
  0
LINE
  5
32
330
17
100
AcDbEntity
  8
LOGO_ENGRAVE
100
AcDbLine
 10
8.3
 20
0.0
 30
0.0
 11
8.298736
 21
0.144856
 31
0.0
  0
LINE
  5
33
330
17
100
AcDbEntity
  8
LOGO_ENGRAVE
100
AcDbLine
 10
8.298736
 20
0.144856
 30
0.0
 11
8.294944
 21
0.289664
 31
0.0
  0
LINE
  5
34
330
17
100
AcDbEntity
  8
LOGO_ENGRAVE
100
AcDbLine
 10
8.294944
 20
0.289664
 30
0.0
 11
8.288624
 21
0.434392
 31
0.0
  0
LINE
  5
35
330
17
100
AcDbEntity
  8
LOGO_ENGRAVE
100
AcDbLine
 10
8.288624
 20
0.434392
 30
0.0
 11
8.279784
 21
0.578976
 31
0.0
  0
LINE
  5
36
330
17
100
AcDbEntity
  8
LOGO_ENGRAVE
100
AcDbLine
 10
8.279784
 20
0.578976
 30
0.0
 11
8.268416
 21
0.723392
 31
0.0
  0
LINE
  5
37
330
17
100
AcDbEntity
  8
LOGO_ENGRAVE
100
AcDbLine
 10
8.268416
 20
0.723392
 30
0.0
 11
8.254528
 21
0.867584
 31
0.0
  0
LINE
  5
38
330
17
100
AcDbEntity
  8
LOGO_ENGRAVE
100
AcDbLine
 10
8.254528
 20
0.867584
 30
0.0
 11
8.238136
 21
1.011512
 31
0.0
  0
LINE
  5
39
330
17
100
AcDbEntity
  8
LOGO_ENGRAVE
100
AcDbLine
 10
8.238136
 20
1.011512
 30
0.0
 11
8.219224
 21
1.155136
 31
0.0
  0
LINE
  5
3A
330
17
100
AcDbEntity
  8
LOGO_ENGRAVE
100
AcDbLine
 10
8.219224
 20
1.155136
 30
0.0
 11
8.197816
 21
1.298408
 31
0.0
  0
LINE
  5
3B
330
17
100
AcDbEntity
  8
LOGO_ENGRAVE
100
AcDbLine
 10
8.197816
 20
1.298408
 30
0.0
 11
8.173904
 21
1.44128
 31
0.0
  0
LINE
  5
3C
330
17
100
AcDbEntity
  8
LOGO_ENGRAVE
100
AcDbLine
 10
8.173904
 20
1.44128
 30
0.0
 11
8.147504
 21
1.583712
 31
0.0
  0
LINE
  5
3D
330
17
100
AcDbEntity
  8
LOGO_ENGRAVE
100
AcDbLine
 10
8.147504
 20
1.583712
 30
0.0
 11
8.118624
 21
1.725664
 31
0.0
  0
LINE
  5
3E
330
17
100
AcDbEntity
  8
LOGO_ENGRAVE
100
AcDbLine
 10
8.118624
 20
1.725664
 30
0.0
 11
8.087272
 21
1.867096
 31
0.0
  0
LINE
  5
3F
330
17
100
AcDbEntity
  8
LOGO_ENGRAVE
100
AcDbLine
 10
8.087272
 20
1.867096
 30
0.0
 11
8.053456
 21
2.007952
 31
0.0
  0
LINE
  5
40
330
17
100
AcDbEntity
  8
LOGO_ENGRAVE
100
AcDbLine
 10
8.053456
 20
2.007952
 30
0.0
 11
8.017184
 21
2.1482
 31
0.0
  0
LINE
  5
41
330
17
100
AcDbEntity
  8
LOGO_ENGRAVE
100
AcDbLine
 10
8.017184
 20
2.1482
 30
0.0
 11
7.978472
 21
2.287792
 31
0.0
  0
LINE
  5
42
330
17
100
AcDbEntity
  8
LOGO_ENGRAVE
100
AcDbLine
 10
7.978472
 20
2.287792
 30
0.0
 11
7.937328
 21
2.426688
 31
0.0
  0
LINE
  5
43
330
17
100
AcDbEntity
  8
LOGO_ENGRAVE
100
AcDbLine
 10
7.937328
 20
2.426688
 30
0.0
 11
7.893768
 21
2.56484
 31
0.0
  0
LINE
  5
44
330
17
100
AcDbEntity
  8
LOGO_ENGRAVE
100
AcDbLine
 10
7.893768
 20
2.56484
 30
0.0
 11
7.847808
 21
2.702216
 31
0.0
  0
LINE
  5
45
330
17
100
AcDbEntity
  8
LOGO_ENGRAVE
100
AcDbLine
 10
7.847808
 20
2.702216
 30
0.0
 11
7.799448
 21
2.838768
 31
0.0
  0
LINE
  5
46
330
17
100
AcDbEntity
  8
LOGO_ENGRAVE
100
AcDbLine
 10
7.799448
 20
2.838768
 30
0.0
 11
7.74872
 21
2.974456
 31
0.0
  0
LINE
  5
47
330
17
100
AcDbEntity
  8
LOGO_ENGRAVE
100
AcDbLine
 10
7.74872
 20
2.974456
 30
0.0
 11
7.695624
 21
3.109232
 31
0.0
  0
LINE
  5
48
330
17
100
AcDbEntity
  8
LOGO_ENGRAVE
100
AcDbLine
 10
7.695624
 20
3.109232
 30
0.0
 11
7.640192
 21
3.243072
 31
0.0
  0
LINE
  5
49
330
17
100
AcDbEntity
  8
LOGO_ENGRAVE
100
AcDbLine
 10
7.640192
 20
3.243072
 30
0.0
 11
7.582424
 21
3.375912
 31
0.0
  0
LINE
  5
4A
330
17
100
AcDbEntity
  8
LOGO_ENGRAVE
100
AcDbLine
 10
7.582424
 20
3.375912
 30
0.0
 11
7.522352
 21
3.507728
 31
0.0
  0
LINE
  5
4B
330
17
100
AcDbEntity
  8
LOGO_ENGRAVE
100
AcDbLine
 10
7.522352
 20
3.507728
 30
0.0
 11
7.459992
 21
3.63848
 31
0.0
  0
LINE
  5
4C
330
17
100
AcDbEntity
  8
LOGO_ENGRAVE
100
AcDbLine
 10
7.459992
 20
3.63848
 30
0.0
 11
7.395352
 21
3.76812
 31
0.0
  0
LINE
  5
4D
330
17
100
AcDbEntity
  8
LOGO_ENGRAVE
100
AcDbLine
 10
7.395352
 20
3.76812
 30
0.0
 11
7.328464
 21
3.896616
 31
0.0
  0
LINE
  5
4E
330
17
100
AcDbEntity
  8
LOGO_ENGRAVE
100
AcDbLine
 10
7.328464
 20
3.896616
 30
0.0
 11
7.259344
 21
4.02392
 31
0.0
  0
LINE
  5
4F
330
17
100
AcDbEntity
  8
LOGO_ENGRAVE
100
AcDbLine
 10
7.259344
 20
4.02392
 30
0.0
 11
7.188008
 21
4.15
 31
0.0
  0
LINE
  5
50
330
17
100
AcDbEntity
  8
LOGO_ENGRAVE
100
AcDbLine
 10
7.188008
 20
4.15
 30
0.0
 11
7.114488
 21
4.274816
 31
0.0
  0
LINE
  5
51
330
17
100
AcDbEntity
  8
LOGO_ENGRAVE
100
AcDbLine
 10
7.114488
 20
4.274816
 30
0.0
 11
7.0388
 21
4.398328
 31
0.0
  0
LINE
  5
52
330
17
100
AcDbEntity
  8
LOGO_ENGRAVE
100
AcDbLine
 10
7.0388
 20
4.398328
 30
0.0
 11
6.960968
 21
4.520504
 31
0.0
  0
LINE
  5
53
330
17
100
AcDbEntity
  8
LOGO_ENGRAVE
100
AcDbLine
 10
6.960968
 20
4.520504
 30
0.0
 11
6.881008
 21
4.641304
 31
0.0
  0
LINE
  5
54
330
17
100
AcDbEntity
  8
LOGO_ENGRAVE
100
AcDbLine
 10
6.881008
 20
4.641304
 30
0.0
 11
6.79896
 21
4.760688
 31
0.0
  0
LINE
  5
55
330
17
100
AcDbEntity
  8
LOGO_ENGRAVE
100
AcDbLine
 10
6.79896
 20
4.760688
 30
0.0
 11
6.71484
 21
4.878616
 31
0.0
  0
LINE
  5
56
330
17
100
AcDbEntity
  8
LOGO_ENGRAVE
100
AcDbLine
 10
6.71484
 20
4.878616
 30
0.0
 11
6.628672
 21
4.995064
 31
0.0
  0
LINE
  5
57
330
17
100
AcDbEntity
  8
LOGO_ENGRAVE
100
AcDbLine
 10
6.628672
 20
4.995064
 30
0.0
 11
6.540488
 21
5.109992
 31
0.0
  0
LINE
  5
58
330
17
100
AcDbEntity
  8
LOGO_ENGRAVE
100
AcDbLine
 10
6.540488
 20
5.109992
 30
0.0
 11
6.450312
 21
5.22336
 31
0.0
  0
LINE
  5
59
330
17
100
AcDbEntity
  8
LOGO_ENGRAVE
100
AcDbLine
 10
6.450312
 20
5.22336
 30
0.0
 11
6.358168
 21
5.335136
 31
0.0
  0
LINE
  5
5A
330
17
100
AcDbEntity
  8
LOGO_ENGRAVE
100
AcDbLine
 10
6.358168
 20
5.335136
 30
0.0
 11
6.264088
 21
5.445288
 31
0.0
  0
LINE
  5
5B
330
17
100
AcDbEntity
  8
LOGO_ENGRAVE
100
AcDbLine
 10
6.264088
 20
5.445288
 30
0.0
 11
6.168104
 21
5.553784
 31
0.0
  0
LINE
  5
5C
330
17
100
AcDbEntity
  8
LOGO_ENGRAVE
100
AcDbLine
 10
6.168104
 20
5.553784
 30
0.0
 11
6.070232
 21
5.660584
 31
0.0
  0
LINE
  5
5D
330
17
100
AcDbEntity
  8
LOGO_ENGRAVE
100
AcDbLine
 10
6.070232
 20
5.660584
 30
0.0
 11
5.97052
 21
5.765664
 31
0.0
  0
LINE
  5
5E
330
17
100
AcDbEntity
  8
LOGO_ENGRAVE
100
AcDbLine
 10
5.97052
 20
5.765664
 30
0.0
 11
5.868984
 21
5.868984
 31
0.0
  0
LINE
  5
5F
330
17
100
AcDbEntity
  8
LOGO_ENGRAVE
100
AcDbLine
 10
5.868984
 20
5.868984
 30
0.0
 11
5.765664
 21
5.97052
 31
0.0
  0
LINE
  5
60
330
17
100
AcDbEntity
  8
LOGO_ENGRAVE
100
AcDbLine
 10
5.765664
 20
5.97052
 30
0.0
 11
5.660584
 21
6.070232
 31
0.0
  0
LINE
  5
61
330
17
100
AcDbEntity
  8
LOGO_ENGRAVE
100
AcDbLine
 10
5.660584
 20
6.070232
 30
0.0
 11
5.553784
 21
6.168104
 31
0.0
  0
LINE
  5
62
330
17
100
AcDbEntity
  8
LOGO_ENGRAVE
100
AcDbLine
 10
5.553784
 20
6.168104
 30
0.0
 11
5.445288
 21
6.264088
 31
0.0
  0
LINE
  5
63
330
17
100
AcDbEntity
  8
LOGO_ENGRAVE
100
AcDbLine
 10
5.445288
 20
6.264088
 30
0.0
 11
5.335136
 21
6.358168
 31
0.0
  0
LINE
  5
64
330
17
100
AcDbEntity
  8
LOGO_ENGRAVE
100
AcDbLine
 10
5.335136
 20
6.358168
 30
0.0
 11
5.22336
 21
6.450312
 31
0.0
  0
LINE
  5
65
330
17
100
AcDbEntity
  8
LOGO_ENGRAVE
100
AcDbLine
 10
5.22336
 20
6.450312
 30
0.0
 11
5.109992
 21
6.540488
 31
0.0
  0
LINE
  5
66
330
17
100
AcDbEntity
  8
LOGO_ENGRAVE
100
AcDbLine
 10
5.109992
 20
6.540488
 30
0.0
 11
4.995064
 21
6.628672
 31
0.0
  0
LINE
  5
67
330
17
100
AcDbEntity
  8
LOGO_ENGRAVE
100
AcDbLine
 10
4.995064
 20
6.628672
 30
0.0
 11
4.878616
 21
6.71484
 31
0.0
  0
LINE
  5
68
330
17
100
AcDbEntity
  8
LOGO_ENGRAVE
100
AcDbLine
 10
4.878616
 20
6.71484
 30
0.0
 11
4.760688
 21
6.79896
 31
0.0
  0
LINE
  5
69
330
17
100
AcDbEntity
  8
LOGO_ENGRAVE
100
AcDbLine
 10
4.760688
 20
6.79896
 30
0.0
 11
4.641304
 21
6.881008
 31
0.0
  0
LINE
  5
6A
330
17
100
AcDbEntity
  8
LOGO_ENGRAVE
100
AcDbLine
 10
4.641304
 20
6.881008
 30
0.0
 11
4.520504
 21
6.960968
 31
0.0
  0
LINE
  5
6B
330
17
100
AcDbEntity
  8
LOGO_ENGRAVE
100
AcDbLine
 10
4.520504
 20
6.960968
 30
0.0
 11
4.398328
 21
7.0388
 31
0.0
  0
LINE
  5
6C
330
17
100
AcDbEntity
  8
LOGO_ENGRAVE
100
AcDbLine
 10
4.398328
 20
7.0388
 30
0.0
 11
4.274816
 21
7.114488
 31
0.0
  0
LINE
  5
6D
330
17
100
AcDbEntity
  8
LOGO_ENGRAVE
100
AcDbLine
 10
4.274816
 20
7.114488
 30
0.0
 11
4.15
 21
7.188008
 31
0.0
  0
LINE
  5
6E
330
17
100
AcDbEntity
  8
LOGO_ENGRAVE
100
AcDbLine
 10
4.15
 20
7.188008
 30
0.0
 11
4.02392
 21
7.259344
 31
0.0
  0
LINE
  5
6F
330
17
100
AcDbEntity
  8
LOGO_ENGRAVE
100
AcDbLine
 10
4.02392
 20
7.259344
 30
0.0
 11
3.896616
 21
7.328464
 31
0.0
  0
LINE
  5
70
330
17
100
AcDbEntity
  8
LOGO_ENGRAVE
100
AcDbLine
 10
3.896616
 20
7.328464
 30
0.0
 11
3.76812
 21
7.395352
 31
0.0
  0
LINE
  5
71
330
17
100
AcDbEntity
  8
LOGO_ENGRAVE
100
AcDbLine
 10
3.76812
 20
7.395352
 30
0.0
 11
3.63848
 21
7.459992
 31
0.0
  0
LINE
  5
72
330
17
100
AcDbEntity
  8
LOGO_ENGRAVE
100
AcDbLine
 10
3.63848
 20
7.459992
 30
0.0
 11
3.507728
 21
7.522352
 31
0.0
  0
LINE
  5
73
330
17
100
AcDbEntity
  8
LOGO_ENGRAVE
100
AcDbLine
 10
3.507728
 20
7.522352
 30
0.0
 11
3.375912
 21
7.582424
 31
0.0
  0
LINE
  5
74
330
17
100
AcDbEntity
  8
LOGO_ENGRAVE
100
AcDbLine
 10
3.375912
 20
7.582424
 30
0.0
 11
3.243072
 21
7.640192
 31
0.0
  0
LINE
  5
75
330
17
100
AcDbEntity
  8
LOGO_ENGRAVE
100
AcDbLine
 10
3.243072
 20
7.640192
 30
0.0
 11
3.109232
 21
7.695624
 31
0.0
  0
LINE
  5
76
330
17
100
AcDbEntity
  8
LOGO_ENGRAVE
100
AcDbLine
 10
3.109232
 20
7.695624
 30
0.0
 11
2.974456
 21
7.74872
 31
0.0
  0
LINE
  5
77
330
17
100
AcDbEntity
  8
LOGO_ENGRAVE
100
AcDbLine
 10
2.974456
 20
7.74872
 30
0.0
 11
2.838768
 21
7.799448
 31
0.0
  0
LINE
  5
78
330
17
100
AcDbEntity
  8
LOGO_ENGRAVE
100
AcDbLine
 10
2.838768
 20
7.799448
 30
0.0
 11
2.702216
 21
7.847808
 31
0.0
  0
LINE
  5
79
330
17
100
AcDbEntity
  8
LOGO_ENGRAVE
100
AcDbLine
 10
2.702216
 20
7.847808
 30
0.0
 11
2.56484
 21
7.893768
 31
0.0
  0
LINE
  5
7A
330
17
100
AcDbEntity
  8
LOGO_ENGRAVE
100
AcDbLine
 10
2.56484
 20
7.893768
 30
0.0
 11
2.426688
 21
7.937328
 31
0.0
  0
LINE
  5
7B
330
17
100
AcDbEntity
  8
LOGO_ENGRAVE
100
AcDbLine
 10
2.426688
 20
7.937328
 30
0.0
 11
2.287792
 21
7.978472
 31
0.0
  0
LINE
  5
7C
330
17
100
AcDbEntity
  8
LOGO_ENGRAVE
100
AcDbLine
 10
2.287792
 20
7.978472
 30
0.0
 11
2.1482
 21
8.017184
 31
0.0
  0
LINE
  5
7D
330
17
100
AcDbEntity
  8
LOGO_ENGRAVE
100
AcDbLine
 10
2.1482
 20
8.017184
 30
0.0
 11
2.007952
 21
8.053456
 31
0.0
  0
LINE
  5
7E
330
17
100
AcDbEntity
  8
LOGO_ENGRAVE
100
AcDbLine
 10
2.007952
 20
8.053456
 30
0.0
 11
1.867096
 21
8.087272
 31
0.0
  0
LINE
  5
7F
330
17
100
AcDbEntity
  8
LOGO_ENGRAVE
100
AcDbLine
 10
1.867096
 20
8.087272
 30
0.0
 11
1.725664
 21
8.118624
 31
0.0
  0
LINE
  5
80
330
17
100
AcDbEntity
  8
LOGO_ENGRAVE
100
AcDbLine
 10
1.725664
 20
8.118624
 30
0.0
 11
1.583712
 21
8.147504
 31
0.0
  0
LINE
  5
81
330
17
100
AcDbEntity
  8
LOGO_ENGRAVE
100
AcDbLine
 10
1.583712
 20
8.147504
 30
0.0
 11
1.44128
 21
8.173904
 31
0.0
  0
LINE
  5
82
330
17
100
AcDbEntity
  8
LOGO_ENGRAVE
100
AcDbLine
 10
1.44128
 20
8.173904
 30
0.0
 11
1.298408
 21
8.197816
 31
0.0
  0
LINE
  5
83
330
17
100
AcDbEntity
  8
LOGO_ENGRAVE
100
AcDbLine
 10
1.298408
 20
8.197816
 30
0.0
 11
1.155136
 21
8.219224
 31
0.0
  0
LINE
  5
84
330
17
100
AcDbEntity
  8
LOGO_ENGRAVE
100
AcDbLine
 10
1.155136
 20
8.219224
 30
0.0
 11
1.011512
 21
8.238136
 31
0.0
  0
LINE
  5
85
330
17
100
AcDbEntity
  8
LOGO_ENGRAVE
100
AcDbLine
 10
1.011512
 20
8.238136
 30
0.0
 11
0.867584
 21
8.254528
 31
0.0
  0
LINE
  5
86
330
17
100
AcDbEntity
  8
LOGO_ENGRAVE
100
AcDbLine
 10
0.867584
 20
8.254528
 30
0.0
 11
0.723392
 21
8.268416
 31
0.0
  0
LINE
  5
87
330
17
100
AcDbEntity
  8
LOGO_ENGRAVE
100
AcDbLine
 10
0.723392
 20
8.268416
 30
0.0
 11
0.578976
 21
8.279784
 31
0.0
  0
LINE
  5
88
330
17
100
AcDbEntity
  8
LOGO_ENGRAVE
100
AcDbLine
 10
0.578976
 20
8.279784
 30
0.0
 11
0.434392
 21
8.288624
 31
0.0
  0
LINE
  5
89
330
17
100
AcDbEntity
  8
LOGO_ENGRAVE
100
AcDbLine
 10
0.434392
 20
8.288624
 30
0.0
 11
0.289664
 21
8.294944
 31
0.0
  0
LINE
  5
8A
330
17
100
AcDbEntity
  8
LOGO_ENGRAVE
100
AcDbLine
 10
0.289664
 20
8.294944
 30
0.0
 11
0.144856
 21
8.298736
 31
0.0
  0
LINE
  5
8B
330
17
100
AcDbEntity
  8
LOGO_ENGRAVE
100
AcDbLine
 10
0.144856
 20
8.298736
 30
0.0
 11
0.0
 21
8.3
 31
0.0
  0
LINE
  5
8C
330
17
100
AcDbEntity
  8
LOGO_ENGRAVE
100
AcDbLine
 10
0.0
 20
8.3
 30
0.0
 11
-0.144856
 21
8.298736
 31
0.0
  0
LINE
  5
8D
330
17
100
AcDbEntity
  8
LOGO_ENGRAVE
100
AcDbLine
 10
-0.144856
 20
8.298736
 30
0.0
 11
-0.289664
 21
8.294944
 31
0.0
  0
LINE
  5
8E
330
17
100
AcDbEntity
  8
LOGO_ENGRAVE
100
AcDbLine
 10
-0.289664
 20
8.294944
 30
0.0
 11
-0.434392
 21
8.288624
 31
0.0
  0
LINE
  5
8F
330
17
100
AcDbEntity
  8
LOGO_ENGRAVE
100
AcDbLine
 10
-0.434392
 20
8.288624
 30
0.0
 11
-0.578976
 21
8.279784
 31
0.0
  0
LINE
  5
90
330
17
100
AcDbEntity
  8
LOGO_ENGRAVE
100
AcDbLine
 10
-0.578976
 20
8.279784
 30
0.0
 11
-0.723392
 21
8.268416
 31
0.0
  0
LINE
  5
91
330
17
100
AcDbEntity
  8
LOGO_ENGRAVE
100
AcDbLine
 10
-0.723392
 20
8.268416
 30
0.0
 11
-0.867584
 21
8.254528
 31
0.0
  0
LINE
  5
92
330
17
100
AcDbEntity
  8
LOGO_ENGRAVE
100
AcDbLine
 10
-0.867584
 20
8.254528
 30
0.0
 11
-1.011512
 21
8.238136
 31
0.0
  0
LINE
  5
93
330
17
100
AcDbEntity
  8
LOGO_ENGRAVE
100
AcDbLine
 10
-1.011512
 20
8.238136
 30
0.0
 11
-1.155136
 21
8.219224
 31
0.0
  0
LINE
  5
94
330
17
100
AcDbEntity
  8
LOGO_ENGRAVE
100
AcDbLine
 10
-1.155136
 20
8.219224
 30
0.0
 11
-1.298408
 21
8.197816
 31
0.0
  0
LINE
  5
95
330
17
100
AcDbEntity
  8
LOGO_ENGRAVE
100
AcDbLine
 10
-1.298408
 20
8.197816
 30
0.0
 11
-1.44128
 21
8.173904
 31
0.0
  0
LINE
  5
96
330
17
100
AcDbEntity
  8
LOGO_ENGRAVE
100
AcDbLine
 10
-1.44128
 20
8.173904
 30
0.0
 11
-1.583712
 21
8.147504
 31
0.0
  0
LINE
  5
97
330
17
100
AcDbEntity
  8
LOGO_ENGRAVE
100
AcDbLine
 10
-1.583712
 20
8.147504
 30
0.0
 11
-1.725664
 21
8.118624
 31
0.0
  0
LINE
  5
98
330
17
100
AcDbEntity
  8
LOGO_ENGRAVE
100
AcDbLine
 10
-1.725664
 20
8.118624
 30
0.0
 11
-1.867096
 21
8.087272
 31
0.0
  0
LINE
  5
99
330
17
100
AcDbEntity
  8
LOGO_ENGRAVE
100
AcDbLine
 10
-1.867096
 20
8.087272
 30
0.0
 11
-2.007952
 21
8.053456
 31
0.0
  0
LINE
  5
9A
330
17
100
AcDbEntity
  8
LOGO_ENGRAVE
100
AcDbLine
 10
-2.007952
 20
8.053456
 30
0.0
 11
-2.1482
 21
8.017184
 31
0.0
  0
LINE
  5
9B
330
17
100
AcDbEntity
  8
LOGO_ENGRAVE
100
AcDbLine
 10
-2.1482
 20
8.017184
 30
0.0
 11
-2.287792
 21
7.978472
 31
0.0
  0
LINE
  5
9C
330
17
100
AcDbEntity
  8
LOGO_ENGRAVE
100
AcDbLine
 10
-2.287792
 20
7.978472
 30
0.0
 11
-2.426688
 21
7.937328
 31
0.0
  0
LINE
  5
9D
330
17
100
AcDbEntity
  8
LOGO_ENGRAVE
100
AcDbLine
 10
-2.426688
 20
7.937328
 30
0.0
 11
-2.56484
 21
7.893768
 31
0.0
  0
LINE
  5
9E
330
17
100
AcDbEntity
  8
LOGO_ENGRAVE
100
AcDbLine
 10
-2.56484
 20
7.893768
 30
0.0
 11
-2.702216
 21
7.847808
 31
0.0
  0
LINE
  5
9F
330
17
100
AcDbEntity
  8
LOGO_ENGRAVE
100
AcDbLine
 10
-2.702216
 20
7.847808
 30
0.0
 11
-2.838768
 21
7.799448
 31
0.0
  0
LINE
  5
A0
330
17
100
AcDbEntity
  8
LOGO_ENGRAVE
100
AcDbLine
 10
-2.838768
 20
7.799448
 30
0.0
 11
-2.974456
 21
7.74872
 31
0.0
  0
LINE
  5
A1
330
17
100
AcDbEntity
  8
LOGO_ENGRAVE
100
AcDbLine
 10
-2.974456
 20
7.74872
 30
0.0
 11
-3.109232
 21
7.695624
 31
0.0
  0
LINE
  5
A2
330
17
100
AcDbEntity
  8
LOGO_ENGRAVE
100
AcDbLine
 10
-3.109232
 20
7.695624
 30
0.0
 11
-3.243072
 21
7.640192
 31
0.0
  0
LINE
  5
A3
330
17
100
AcDbEntity
  8
LOGO_ENGRAVE
100
AcDbLine
 10
-3.243072
 20
7.640192
 30
0.0
 11
-3.375912
 21
7.582424
 31
0.0
  0
LINE
  5
A4
330
17
100
AcDbEntity
  8
LOGO_ENGRAVE
100
AcDbLine
 10
-3.375912
 20
7.582424
 30
0.0
 11
-3.507728
 21
7.522352
 31
0.0
  0
LINE
  5
A5
330
17
100
AcDbEntity
  8
LOGO_ENGRAVE
100
AcDbLine
 10
-3.507728
 20
7.522352
 30
0.0
 11
-3.63848
 21
7.459992
 31
0.0
  0
LINE
  5
A6
330
17
100
AcDbEntity
  8
LOGO_ENGRAVE
100
AcDbLine
 10
-3.63848
 20
7.459992
 30
0.0
 11
-3.76812
 21
7.395352
 31
0.0
  0
LINE
  5
A7
330
17
100
AcDbEntity
  8
LOGO_ENGRAVE
100
AcDbLine
 10
-3.76812
 20
7.395352
 30
0.0
 11
-3.896616
 21
7.328464
 31
0.0
  0
LINE
  5
A8
330
17
100
AcDbEntity
  8
LOGO_ENGRAVE
100
AcDbLine
 10
-3.896616
 20
7.328464
 30
0.0
 11
-4.02392
 21
7.259344
 31
0.0
  0
LINE
  5
A9
330
17
100
AcDbEntity
  8
LOGO_ENGRAVE
100
AcDbLine
 10
-4.02392
 20
7.259344
 30
0.0
 11
-4.15
 21
7.188008
 31
0.0
  0
LINE
  5
AA
330
17
100
AcDbEntity
  8
LOGO_ENGRAVE
100
AcDbLine
 10
-4.15
 20
7.188008
 30
0.0
 11
-4.274816
 21
7.114488
 31
0.0
  0
LINE
  5
AB
330
17
100
AcDbEntity
  8
LOGO_ENGRAVE
100
AcDbLine
 10
-4.274816
 20
7.114488
 30
0.0
 11
-4.398328
 21
7.0388
 31
0.0
  0
LINE
  5
AC
330
17
100
AcDbEntity
  8
LOGO_ENGRAVE
100
AcDbLine
 10
-4.398328
 20
7.0388
 30
0.0
 11
-4.520504
 21
6.960968
 31
0.0
  0
LINE
  5
AD
330
17
100
AcDbEntity
  8
LOGO_ENGRAVE
100
AcDbLine
 10
-4.520504
 20
6.960968
 30
0.0
 11
-4.641304
 21
6.881008
 31
0.0
  0
LINE
  5
AE
330
17
100
AcDbEntity
  8
LOGO_ENGRAVE
100
AcDbLine
 10
-4.641304
 20
6.881008
 30
0.0
 11
-4.760688
 21
6.79896
 31
0.0
  0
LINE
  5
AF
330
17
100
AcDbEntity
  8
LOGO_ENGRAVE
100
AcDbLine
 10
-4.760688
 20
6.79896
 30
0.0
 11
-4.878616
 21
6.71484
 31
0.0
  0
LINE
  5
B0
330
17
100
AcDbEntity
  8
LOGO_ENGRAVE
100
AcDbLine
 10
-4.878616
 20
6.71484
 30
0.0
 11
-4.995064
 21
6.628672
 31
0.0
  0
LINE
  5
B1
330
17
100
AcDbEntity
  8
LOGO_ENGRAVE
100
AcDbLine
 10
-4.995064
 20
6.628672
 30
0.0
 11
-5.109992
 21
6.540488
 31
0.0
  0
LINE
  5
B2
330
17
100
AcDbEntity
  8
LOGO_ENGRAVE
100
AcDbLine
 10
-5.109992
 20
6.540488
 30
0.0
 11
-5.22336
 21
6.450312
 31
0.0
  0
LINE
  5
B3
330
17
100
AcDbEntity
  8
LOGO_ENGRAVE
100
AcDbLine
 10
-5.22336
 20
6.450312
 30
0.0
 11
-5.335136
 21
6.358168
 31
0.0
  0
LINE
  5
B4
330
17
100
AcDbEntity
  8
LOGO_ENGRAVE
100
AcDbLine
 10
-5.335136
 20
6.358168
 30
0.0
 11
-5.445288
 21
6.264088
 31
0.0
  0
LINE
  5
B5
330
17
100
AcDbEntity
  8
LOGO_ENGRAVE
100
AcDbLine
 10
-5.445288
 20
6.264088
 30
0.0
 11
-5.553784
 21
6.168104
 31
0.0
  0
LINE
  5
B6
330
17
100
AcDbEntity
  8
LOGO_ENGRAVE
100
AcDbLine
 10
-5.553784
 20
6.168104
 30
0.0
 11
-5.660584
 21
6.070232
 31
0.0
  0
LINE
  5
B7
330
17
100
AcDbEntity
  8
LOGO_ENGRAVE
100
AcDbLine
 10
-5.660584
 20
6.070232
 30
0.0
 11
-5.765664
 21
5.97052
 31
0.0
  0
LINE
  5
B8
330
17
100
AcDbEntity
  8
LOGO_ENGRAVE
100
AcDbLine
 10
-5.765664
 20
5.97052
 30
0.0
 11
-5.868984
 21
5.868984
 31
0.0
  0
LINE
  5
B9
330
17
100
AcDbEntity
  8
LOGO_ENGRAVE
100
AcDbLine
 10
-5.868984
 20
5.868984
 30
0.0
 11
-5.97052
 21
5.765664
 31
0.0
  0
LINE
  5
BA
330
17
100
AcDbEntity
  8
LOGO_ENGRAVE
100
AcDbLine
 10
-5.97052
 20
5.765664
 30
0.0
 11
-6.070232
 21
5.660584
 31
0.0
  0
LINE
  5
BB
330
17
100
AcDbEntity
  8
LOGO_ENGRAVE
100
AcDbLine
 10
-6.070232
 20
5.660584
 30
0.0
 11
-6.168104
 21
5.553784
 31
0.0
  0
LINE
  5
BC
330
17
100
AcDbEntity
  8
LOGO_ENGRAVE
100
AcDbLine
 10
-6.168104
 20
5.553784
 30
0.0
 11
-6.264088
 21
5.445288
 31
0.0
  0
LINE
  5
BD
330
17
100
AcDbEntity
  8
LOGO_ENGRAVE
100
AcDbLine
 10
-6.264088
 20
5.445288
 30
0.0
 11
-6.358168
 21
5.335136
 31
0.0
  0
LINE
  5
BE
330
17
100
AcDbEntity
  8
LOGO_ENGRAVE
100
AcDbLine
 10
-6.358168
 20
5.335136
 30
0.0
 11
-6.450312
 21
5.22336
 31
0.0
  0
LINE
  5
BF
330
17
100
AcDbEntity
  8
LOGO_ENGRAVE
100
AcDbLine
 10
-6.450312
 20
5.22336
 30
0.0
 11
-6.540488
 21
5.109992
 31
0.0
  0
LINE
  5
C0
330
17
100
AcDbEntity
  8
LOGO_ENGRAVE
100
AcDbLine
 10
-6.540488
 20
5.109992
 30
0.0
 11
-6.628672
 21
4.995064
 31
0.0
  0
LINE
  5
C1
330
17
100
AcDbEntity
  8
LOGO_ENGRAVE
100
AcDbLine
 10
-6.628672
 20
4.995064
 30
0.0
 11
-6.71484
 21
4.878616
 31
0.0
  0
LINE
  5
C2
330
17
100
AcDbEntity
  8
LOGO_ENGRAVE
100
AcDbLine
 10
-6.71484
 20
4.878616
 30
0.0
 11
-6.79896
 21
4.760688
 31
0.0
  0
LINE
  5
C3
330
17
100
AcDbEntity
  8
LOGO_ENGRAVE
100
AcDbLine
 10
-6.79896
 20
4.760688
 30
0.0
 11
-6.881008
 21
4.641304
 31
0.0
  0
LINE
  5
C4
330
17
100
AcDbEntity
  8
LOGO_ENGRAVE
100
AcDbLine
 10
-6.881008
 20
4.641304
 30
0.0
 11
-6.960968
 21
4.520504
 31
0.0
  0
LINE
  5
C5
330
17
100
AcDbEntity
  8
LOGO_ENGRAVE
100
AcDbLine
 10
-6.960968
 20
4.520504
 30
0.0
 11
-7.0388
 21
4.398328
 31
0.0
  0
LINE
  5
C6
330
17
100
AcDbEntity
  8
LOGO_ENGRAVE
100
AcDbLine
 10
-7.0388
 20
4.398328
 30
0.0
 11
-7.114488
 21
4.274816
 31
0.0
  0
LINE
  5
C7
330
17
100
AcDbEntity
  8
LOGO_ENGRAVE
100
AcDbLine
 10
-7.114488
 20
4.274816
 30
0.0
 11
-7.188008
 21
4.15
 31
0.0
  0
LINE
  5
C8
330
17
100
AcDbEntity
  8
LOGO_ENGRAVE
100
AcDbLine
 10
-7.188008
 20
4.15
 30
0.0
 11
-7.259344
 21
4.02392
 31
0.0
  0
LINE
  5
C9
330
17
100
AcDbEntity
  8
LOGO_ENGRAVE
100
AcDbLine
 10
-7.259344
 20
4.02392
 30
0.0
 11
-7.328464
 21
3.896616
 31
0.0
  0
LINE
  5
CA
330
17
100
AcDbEntity
  8
LOGO_ENGRAVE
100
AcDbLine
 10
-7.328464
 20
3.896616
 30
0.0
 11
-7.395352
 21
3.76812
 31
0.0
  0
LINE
  5
CB
330
17
100
AcDbEntity
  8
LOGO_ENGRAVE
100
AcDbLine
 10
-7.395352
 20
3.76812
 30
0.0
 11
-7.459992
 21
3.63848
 31
0.0
  0
LINE
  5
CC
330
17
100
AcDbEntity
  8
LOGO_ENGRAVE
100
AcDbLine
 10
-7.459992
 20
3.63848
 30
0.0
 11
-7.522352
 21
3.507728
 31
0.0
  0
LINE
  5
CD
330
17
100
AcDbEntity
  8
LOGO_ENGRAVE
100
AcDbLine
 10
-7.522352
 20
3.507728
 30
0.0
 11
-7.582424
 21
3.375912
 31
0.0
  0
LINE
  5
CE
330
17
100
AcDbEntity
  8
LOGO_ENGRAVE
100
AcDbLine
 10
-7.582424
 20
3.375912
 30
0.0
 11
-7.640192
 21
3.243072
 31
0.0
  0
LINE
  5
CF
330
17
100
AcDbEntity
  8
LOGO_ENGRAVE
100
AcDbLine
 10
-7.640192
 20
3.243072
 30
0.0
 11
-7.695624
 21
3.109232
 31
0.0
  0
LINE
  5
D0
330
17
100
AcDbEntity
  8
LOGO_ENGRAVE
100
AcDbLine
 10
-7.695624
 20
3.109232
 30
0.0
 11
-7.74872
 21
2.974456
 31
0.0
  0
LINE
  5
D1
330
17
100
AcDbEntity
  8
LOGO_ENGRAVE
100
AcDbLine
 10
-7.74872
 20
2.974456
 30
0.0
 11
-7.799448
 21
2.838768
 31
0.0
  0
LINE
  5
D2
330
17
100
AcDbEntity
  8
LOGO_ENGRAVE
100
AcDbLine
 10
-7.799448
 20
2.838768
 30
0.0
 11
-7.847808
 21
2.702216
 31
0.0
  0
LINE
  5
D3
330
17
100
AcDbEntity
  8
LOGO_ENGRAVE
100
AcDbLine
 10
-7.847808
 20
2.702216
 30
0.0
 11
-7.893768
 21
2.56484
 31
0.0
  0
LINE
  5
D4
330
17
100
AcDbEntity
  8
LOGO_ENGRAVE
100
AcDbLine
 10
-7.893768
 20
2.56484
 30
0.0
 11
-7.937328
 21
2.426688
 31
0.0
  0
LINE
  5
D5
330
17
100
AcDbEntity
  8
LOGO_ENGRAVE
100
AcDbLine
 10
-7.937328
 20
2.426688
 30
0.0
 11
-7.978472
 21
2.287792
 31
0.0
  0
LINE
  5
D6
330
17
100
AcDbEntity
  8
LOGO_ENGRAVE
100
AcDbLine
 10
-7.978472
 20
2.287792
 30
0.0
 11
-8.017184
 21
2.1482
 31
0.0
  0
LINE
  5
D7
330
17
100
AcDbEntity
  8
LOGO_ENGRAVE
100
AcDbLine
 10
-8.017184
 20
2.1482
 30
0.0
 11
-8.053456
 21
2.007952
 31
0.0
  0
LINE
  5
D8
330
17
100
AcDbEntity
  8
LOGO_ENGRAVE
100
AcDbLine
 10
-8.053456
 20
2.007952
 30
0.0
 11
-8.087272
 21
1.867096
 31
0.0
  0
LINE
  5
D9
330
17
100
AcDbEntity
  8
LOGO_ENGRAVE
100
AcDbLine
 10
-8.087272
 20
1.867096
 30
0.0
 11
-8.118624
 21
1.725664
 31
0.0
  0
LINE
  5
DA
330
17
100
AcDbEntity
  8
LOGO_ENGRAVE
100
AcDbLine
 10
-8.118624
 20
1.725664
 30
0.0
 11
-8.147504
 21
1.583712
 31
0.0
  0
LINE
  5
DB
330
17
100
AcDbEntity
  8
LOGO_ENGRAVE
100
AcDbLine
 10
-8.147504
 20
1.583712
 30
0.0
 11
-8.173904
 21
1.44128
 31
0.0
  0
LINE
  5
DC
330
17
100
AcDbEntity
  8
LOGO_ENGRAVE
100
AcDbLine
 10
-8.173904
 20
1.44128
 30
0.0
 11
-8.197816
 21
1.298408
 31
0.0
  0
LINE
  5
DD
330
17
100
AcDbEntity
  8
LOGO_ENGRAVE
100
AcDbLine
 10
-8.197816
 20
1.298408
 30
0.0
 11
-8.219224
 21
1.155136
 31
0.0
  0
LINE
  5
DE
330
17
100
AcDbEntity
  8
LOGO_ENGRAVE
100
AcDbLine
 10
-8.219224
 20
1.155136
 30
0.0
 11
-8.238136
 21
1.011512
 31
0.0
  0
LINE
  5
DF
330
17
100
AcDbEntity
  8
LOGO_ENGRAVE
100
AcDbLine
 10
-8.238136
 20
1.011512
 30
0.0
 11
-8.254528
 21
0.867584
 31
0.0
  0
LINE
  5
E0
330
17
100
AcDbEntity
  8
LOGO_ENGRAVE
100
AcDbLine
 10
-8.254528
 20
0.867584
 30
0.0
 11
-8.268416
 21
0.723392
 31
0.0
  0
LINE
  5
E1
330
17
100
AcDbEntity
  8
LOGO_ENGRAVE
100
AcDbLine
 10
-8.268416
 20
0.723392
 30
0.0
 11
-8.279784
 21
0.578976
 31
0.0
  0
LINE
  5
E2
330
17
100
AcDbEntity
  8
LOGO_ENGRAVE
100
AcDbLine
 10
-8.279784
 20
0.578976
 30
0.0
 11
-8.288624
 21
0.434392
 31
0.0
  0
LINE
  5
E3
330
17
100
AcDbEntity
  8
LOGO_ENGRAVE
100
AcDbLine
 10
-8.288624
 20
0.434392
 30
0.0
 11
-8.294944
 21
0.289664
 31
0.0
  0
LINE
  5
E4
330
17
100
AcDbEntity
  8
LOGO_ENGRAVE
100
AcDbLine
 10
-8.294944
 20
0.289664
 30
0.0
 11
-8.298736
 21
0.144856
 31
0.0
  0
LINE
  5
E5
330
17
100
AcDbEntity
  8
LOGO_ENGRAVE
100
AcDbLine
 10
-8.298736
 20
0.144856
 30
0.0
 11
-8.3
 21
0.0
 31
0.0
  0
LINE
  5
E6
330
17
100
AcDbEntity
  8
LOGO_ENGRAVE
100
AcDbLine
 10
-8.3
 20
0.0
 30
0.0
 11
-8.298736
 21
-0.144856
 31
0.0
  0
LINE
  5
E7
330
17
100
AcDbEntity
  8
LOGO_ENGRAVE
100
AcDbLine
 10
-8.298736
 20
-0.144856
 30
0.0
 11
-8.294944
 21
-0.289664
 31
0.0
  0
LINE
  5
E8
330
17
100
AcDbEntity
  8
LOGO_ENGRAVE
100
AcDbLine
 10
-8.294944
 20
-0.289664
 30
0.0
 11
-8.288624
 21
-0.434392
 31
0.0
  0
LINE
  5
E9
330
17
100
AcDbEntity
  8
LOGO_ENGRAVE
100
AcDbLine
 10
-8.288624
 20
-0.434392
 30
0.0
 11
-8.279784
 21
-0.578976
 31
0.0
  0
LINE
  5
EA
330
17
100
AcDbEntity
  8
LOGO_ENGRAVE
100
AcDbLine
 10
-8.279784
 20
-0.578976
 30
0.0
 11
-8.268416
 21
-0.723392
 31
0.0
  0
LINE
  5
EB
330
17
100
AcDbEntity
  8
LOGO_ENGRAVE
100
AcDbLine
 10
-8.268416
 20
-0.723392
 30
0.0
 11
-8.254528
 21
-0.867584
 31
0.0
  0
LINE
  5
EC
330
17
100
AcDbEntity
  8
LOGO_ENGRAVE
100
AcDbLine
 10
-8.254528
 20
-0.867584
 30
0.0
 11
-8.238136
 21
-1.011512
 31
0.0
  0
LINE
  5
ED
330
17
100
AcDbEntity
  8
LOGO_ENGRAVE
100
AcDbLine
 10
-8.238136
 20
-1.011512
 30
0.0
 11
-8.219224
 21
-1.155136
 31
0.0
  0
LINE
  5
EE
330
17
100
AcDbEntity
  8
LOGO_ENGRAVE
100
AcDbLine
 10
-8.219224
 20
-1.155136
 30
0.0
 11
-8.197816
 21
-1.298408
 31
0.0
  0
LINE
  5
EF
330
17
100
AcDbEntity
  8
LOGO_ENGRAVE
100
AcDbLine
 10
-8.197816
 20
-1.298408
 30
0.0
 11
-8.173904
 21
-1.44128
 31
0.0
  0
LINE
  5
F0
330
17
100
AcDbEntity
  8
LOGO_ENGRAVE
100
AcDbLine
 10
-8.173904
 20
-1.44128
 30
0.0
 11
-8.147504
 21
-1.583712
 31
0.0
  0
LINE
  5
F1
330
17
100
AcDbEntity
  8
LOGO_ENGRAVE
100
AcDbLine
 10
-8.147504
 20
-1.583712
 30
0.0
 11
-8.118624
 21
-1.725664
 31
0.0
  0
LINE
  5
F2
330
17
100
AcDbEntity
  8
LOGO_ENGRAVE
100
AcDbLine
 10
-8.118624
 20
-1.725664
 30
0.0
 11
-8.087272
 21
-1.867096
 31
0.0
  0
LINE
  5
F3
330
17
100
AcDbEntity
  8
LOGO_ENGRAVE
100
AcDbLine
 10
-8.087272
 20
-1.867096
 30
0.0
 11
-8.053456
 21
-2.007952
 31
0.0
  0
LINE
  5
F4
330
17
100
AcDbEntity
  8
LOGO_ENGRAVE
100
AcDbLine
 10
-8.053456
 20
-2.007952
 30
0.0
 11
-8.017184
 21
-2.1482
 31
0.0
  0
LINE
  5
F5
330
17
100
AcDbEntity
  8
LOGO_ENGRAVE
100
AcDbLine
 10
-8.017184
 20
-2.1482
 30
0.0
 11
-7.978472
 21
-2.287792
 31
0.0
  0
LINE
  5
F6
330
17
100
AcDbEntity
  8
LOGO_ENGRAVE
100
AcDbLine
 10
-7.978472
 20
-2.287792
 30
0.0
 11
-7.937328
 21
-2.426688
 31
0.0
  0
LINE
  5
F7
330
17
100
AcDbEntity
  8
LOGO_ENGRAVE
100
AcDbLine
 10
-7.937328
 20
-2.426688
 30
0.0
 11
-7.893768
 21
-2.56484
 31
0.0
  0
LINE
  5
F8
330
17
100
AcDbEntity
  8
LOGO_ENGRAVE
100
AcDbLine
 10
-7.893768
 20
-2.56484
 30
0.0
 11
-7.847808
 21
-2.702216
 31
0.0
  0
LINE
  5
F9
330
17
100
AcDbEntity
  8
LOGO_ENGRAVE
100
AcDbLine
 10
-7.847808
 20
-2.702216
 30
0.0
 11
-7.799448
 21
-2.838768
 31
0.0
  0
LINE
  5
FA
330
17
100
AcDbEntity
  8
LOGO_ENGRAVE
100
AcDbLine
 10
-7.799448
 20
-2.838768
 30
0.0
 11
-7.74872
 21
-2.974456
 31
0.0
  0
LINE
  5
FB
330
17
100
AcDbEntity
  8
LOGO_ENGRAVE
100
AcDbLine
 10
-7.74872
 20
-2.974456
 30
0.0
 11
-7.695624
 21
-3.109232
 31
0.0
  0
LINE
  5
FC
330
17
100
AcDbEntity
  8
LOGO_ENGRAVE
100
AcDbLine
 10
-7.695624
 20
-3.109232
 30
0.0
 11
-7.640192
 21
-3.243072
 31
0.0
  0
LINE
  5
FD
330
17
100
AcDbEntity
  8
LOGO_ENGRAVE
100
AcDbLine
 10
-7.640192
 20
-3.243072
 30
0.0
 11
-7.582424
 21
-3.375912
 31
0.0
  0
LINE
  5
FE
330
17
100
AcDbEntity
  8
LOGO_ENGRAVE
100
AcDbLine
 10
-7.582424
 20
-3.375912
 30
0.0
 11
-7.522352
 21
-3.507728
 31
0.0
  0
LINE
  5
FF
330
17
100
AcDbEntity
  8
LOGO_ENGRAVE
100
AcDbLine
 10
-7.522352
 20
-3.507728
 30
0.0
 11
-7.459992
 21
-3.63848
 31
0.0
  0
LINE
  5
100
330
17
100
AcDbEntity
  8
LOGO_ENGRAVE
100
AcDbLine
 10
-7.459992
 20
-3.63848
 30
0.0
 11
-7.395352
 21
-3.76812
 31
0.0
  0
LINE
  5
101
330
17
100
AcDbEntity
  8
LOGO_ENGRAVE
100
AcDbLine
 10
-7.395352
 20
-3.76812
 30
0.0
 11
-7.328464
 21
-3.896616
 31
0.0
  0
LINE
  5
102
330
17
100
AcDbEntity
  8
LOGO_ENGRAVE
100
AcDbLine
 10
-7.328464
 20
-3.896616
 30
0.0
 11
-7.259344
 21
-4.02392
 31
0.0
  0
LINE
  5
103
330
17
100
AcDbEntity
  8
LOGO_ENGRAVE
100
AcDbLine
 10
-7.259344
 20
-4.02392
 30
0.0
 11
-7.188008
 21
-4.15
 31
0.0
  0
LINE
  5
104
330
17
100
AcDbEntity
  8
LOGO_ENGRAVE
100
AcDbLine
 10
-7.188008
 20
-4.15
 30
0.0
 11
-7.114488
 21
-4.274816
 31
0.0
  0
LINE
  5
105
330
17
100
AcDbEntity
  8
LOGO_ENGRAVE
100
AcDbLine
 10
-7.114488
 20
-4.274816
 30
0.0
 11
-7.0388
 21
-4.398328
 31
0.0
  0
LINE
  5
106
330
17
100
AcDbEntity
  8
LOGO_ENGRAVE
100
AcDbLine
 10
-7.0388
 20
-4.398328
 30
0.0
 11
-6.960968
 21
-4.520504
 31
0.0
  0
LINE
  5
107
330
17
100
AcDbEntity
  8
LOGO_ENGRAVE
100
AcDbLine
 10
-6.960968
 20
-4.520504
 30
0.0
 11
-6.881008
 21
-4.641304
 31
0.0
  0
LINE
  5
108
330
17
100
AcDbEntity
  8
LOGO_ENGRAVE
100
AcDbLine
 10
-6.881008
 20
-4.641304
 30
0.0
 11
-6.79896
 21
-4.760688
 31
0.0
  0
LINE
  5
109
330
17
100
AcDbEntity
  8
LOGO_ENGRAVE
100
AcDbLine
 10
-6.79896
 20
-4.760688
 30
0.0
 11
-6.71484
 21
-4.878616
 31
0.0
  0
LINE
  5
10A
330
17
100
AcDbEntity
  8
LOGO_ENGRAVE
100
AcDbLine
 10
-6.71484
 20
-4.878616
 30
0.0
 11
-6.628672
 21
-4.995064
 31
0.0
  0
LINE
  5
10B
330
17
100
AcDbEntity
  8
LOGO_ENGRAVE
100
AcDbLine
 10
-6.628672
 20
-4.995064
 30
0.0
 11
-6.540488
 21
-5.109992
 31
0.0
  0
LINE
  5
10C
330
17
100
AcDbEntity
  8
LOGO_ENGRAVE
100
AcDbLine
 10
-6.540488
 20
-5.109992
 30
0.0
 11
-6.450312
 21
-5.22336
 31
0.0
  0
LINE
  5
10D
330
17
100
AcDbEntity
  8
LOGO_ENGRAVE
100
AcDbLine
 10
-6.450312
 20
-5.22336
 30
0.0
 11
-6.358168
 21
-5.335136
 31
0.0
  0
LINE
  5
10E
330
17
100
AcDbEntity
  8
LOGO_ENGRAVE
100
AcDbLine
 10
-6.358168
 20
-5.335136
 30
0.0
 11
-6.264088
 21
-5.445288
 31
0.0
  0
LINE
  5
10F
330
17
100
AcDbEntity
  8
LOGO_ENGRAVE
100
AcDbLine
 10
-6.264088
 20
-5.445288
 30
0.0
 11
-6.168104
 21
-5.553784
 31
0.0
  0
LINE
  5
110
330
17
100
AcDbEntity
  8
LOGO_ENGRAVE
100
AcDbLine
 10
-6.168104
 20
-5.553784
 30
0.0
 11
-6.070232
 21
-5.660584
 31
0.0
  0
LINE
  5
111
330
17
100
AcDbEntity
  8
LOGO_ENGRAVE
100
AcDbLine
 10
-6.070232
 20
-5.660584
 30
0.0
 11
-5.97052
 21
-5.765664
 31
0.0
  0
LINE
  5
112
330
17
100
AcDbEntity
  8
LOGO_ENGRAVE
100
AcDbLine
 10
-5.97052
 20
-5.765664
 30
0.0
 11
-5.868984
 21
-5.868984
 31
0.0
  0
LINE
  5
113
330
17
100
AcDbEntity
  8
LOGO_ENGRAVE
100
AcDbLine
 10
-5.868984
 20
-5.868984
 30
0.0
 11
-5.765664
 21
-5.97052
 31
0.0
  0
LINE
  5
114
330
17
100
AcDbEntity
  8
LOGO_ENGRAVE
100
AcDbLine
 10
-5.765664
 20
-5.97052
 30
0.0
 11
-5.660584
 21
-6.070232
 31
0.0
  0
LINE
  5
115
330
17
100
AcDbEntity
  8
LOGO_ENGRAVE
100
AcDbLine
 10
-5.660584
 20
-6.070232
 30
0.0
 11
-5.553784
 21
-6.168104
 31
0.0
  0
LINE
  5
116
330
17
100
AcDbEntity
  8
LOGO_ENGRAVE
100
AcDbLine
 10
-5.553784
 20
-6.168104
 30
0.0
 11
-5.445288
 21
-6.264088
 31
0.0
  0
LINE
  5
117
330
17
100
AcDbEntity
  8
LOGO_ENGRAVE
100
AcDbLine
 10
-5.445288
 20
-6.264088
 30
0.0
 11
-5.335136
 21
-6.358168
 31
0.0
  0
LINE
  5
118
330
17
100
AcDbEntity
  8
LOGO_ENGRAVE
100
AcDbLine
 10
-5.335136
 20
-6.358168
 30
0.0
 11
-5.22336
 21
-6.450312
 31
0.0
  0
LINE
  5
119
330
17
100
AcDbEntity
  8
LOGO_ENGRAVE
100
AcDbLine
 10
-5.22336
 20
-6.450312
 30
0.0
 11
-5.109992
 21
-6.540488
 31
0.0
  0
LINE
  5
11A
330
17
100
AcDbEntity
  8
LOGO_ENGRAVE
100
AcDbLine
 10
-5.109992
 20
-6.540488
 30
0.0
 11
-4.995064
 21
-6.628672
 31
0.0
  0
LINE
  5
11B
330
17
100
AcDbEntity
  8
LOGO_ENGRAVE
100
AcDbLine
 10
-4.995064
 20
-6.628672
 30
0.0
 11
-4.878616
 21
-6.71484
 31
0.0
  0
LINE
  5
11C
330
17
100
AcDbEntity
  8
LOGO_ENGRAVE
100
AcDbLine
 10
-4.878616
 20
-6.71484
 30
0.0
 11
-4.760688
 21
-6.79896
 31
0.0
  0
LINE
  5
11D
330
17
100
AcDbEntity
  8
LOGO_ENGRAVE
100
AcDbLine
 10
-4.760688
 20
-6.79896
 30
0.0
 11
-4.641304
 21
-6.881008
 31
0.0
  0
LINE
  5
11E
330
17
100
AcDbEntity
  8
LOGO_ENGRAVE
100
AcDbLine
 10
-4.641304
 20
-6.881008
 30
0.0
 11
-4.520504
 21
-6.960968
 31
0.0
  0
LINE
  5
11F
330
17
100
AcDbEntity
  8
LOGO_ENGRAVE
100
AcDbLine
 10
-4.520504
 20
-6.960968
 30
0.0
 11
-4.398328
 21
-7.0388
 31
0.0
  0
LINE
  5
120
330
17
100
AcDbEntity
  8
LOGO_ENGRAVE
100
AcDbLine
 10
-4.398328
 20
-7.0388
 30
0.0
 11
-4.274816
 21
-7.114488
 31
0.0
  0
LINE
  5
121
330
17
100
AcDbEntity
  8
LOGO_ENGRAVE
100
AcDbLine
 10
-4.274816
 20
-7.114488
 30
0.0
 11
-4.15
 21
-7.188008
 31
0.0
  0
LINE
  5
122
330
17
100
AcDbEntity
  8
LOGO_ENGRAVE
100
AcDbLine
 10
-4.15
 20
-7.188008
 30
0.0
 11
-4.02392
 21
-7.259344
 31
0.0
  0
LINE
  5
123
330
17
100
AcDbEntity
  8
LOGO_ENGRAVE
100
AcDbLine
 10
-4.02392
 20
-7.259344
 30
0.0
 11
-3.896616
 21
-7.328464
 31
0.0
  0
LINE
  5
124
330
17
100
AcDbEntity
  8
LOGO_ENGRAVE
100
AcDbLine
 10
-3.896616
 20
-7.328464
 30
0.0
 11
-3.76812
 21
-7.395352
 31
0.0
  0
LINE
  5
125
330
17
100
AcDbEntity
  8
LOGO_ENGRAVE
100
AcDbLine
 10
-3.76812
 20
-7.395352
 30
0.0
 11
-3.63848
 21
-7.459992
 31
0.0
  0
LINE
  5
126
330
17
100
AcDbEntity
  8
LOGO_ENGRAVE
100
AcDbLine
 10
-3.63848
 20
-7.459992
 30
0.0
 11
-3.507728
 21
-7.522352
 31
0.0
  0
LINE
  5
127
330
17
100
AcDbEntity
  8
LOGO_ENGRAVE
100
AcDbLine
 10
-3.507728
 20
-7.522352
 30
0.0
 11
-3.375912
 21
-7.582424
 31
0.0
  0
LINE
  5
128
330
17
100
AcDbEntity
  8
LOGO_ENGRAVE
100
AcDbLine
 10
-3.375912
 20
-7.582424
 30
0.0
 11
-3.243072
 21
-7.640192
 31
0.0
  0
LINE
  5
129
330
17
100
AcDbEntity
  8
LOGO_ENGRAVE
100
AcDbLine
 10
-3.243072
 20
-7.640192
 30
0.0
 11
-3.109232
 21
-7.695624
 31
0.0
  0
LINE
  5
12A
330
17
100
AcDbEntity
  8
LOGO_ENGRAVE
100
AcDbLine
 10
-3.109232
 20
-7.695624
 30
0.0
 11
-2.974456
 21
-7.74872
 31
0.0
  0
LINE
  5
12B
330
17
100
AcDbEntity
  8
LOGO_ENGRAVE
100
AcDbLine
 10
-2.974456
 20
-7.74872
 30
0.0
 11
-2.838768
 21
-7.799448
 31
0.0
  0
LINE
  5
12C
330
17
100
AcDbEntity
  8
LOGO_ENGRAVE
100
AcDbLine
 10
-2.838768
 20
-7.799448
 30
0.0
 11
-2.702216
 21
-7.847808
 31
0.0
  0
LINE
  5
12D
330
17
100
AcDbEntity
  8
LOGO_ENGRAVE
100
AcDbLine
 10
-2.702216
 20
-7.847808
 30
0.0
 11
-2.56484
 21
-7.893768
 31
0.0
  0
LINE
  5
12E
330
17
100
AcDbEntity
  8
LOGO_ENGRAVE
100
AcDbLine
 10
-2.56484
 20
-7.893768
 30
0.0
 11
-2.426688
 21
-7.937328
 31
0.0
  0
LINE
  5
12F
330
17
100
AcDbEntity
  8
LOGO_ENGRAVE
100
AcDbLine
 10
-2.426688
 20
-7.937328
 30
0.0
 11
-2.287792
 21
-7.978472
 31
0.0
  0
LINE
  5
130
330
17
100
AcDbEntity
  8
LOGO_ENGRAVE
100
AcDbLine
 10
-2.287792
 20
-7.978472
 30
0.0
 11
-2.1482
 21
-8.017184
 31
0.0
  0
LINE
  5
131
330
17
100
AcDbEntity
  8
LOGO_ENGRAVE
100
AcDbLine
 10
-2.1482
 20
-8.017184
 30
0.0
 11
-2.007952
 21
-8.053456
 31
0.0
  0
LINE
  5
132
330
17
100
AcDbEntity
  8
LOGO_ENGRAVE
100
AcDbLine
 10
-2.007952
 20
-8.053456
 30
0.0
 11
-1.867096
 21
-8.087272
 31
0.0
  0
LINE
  5
133
330
17
100
AcDbEntity
  8
LOGO_ENGRAVE
100
AcDbLine
 10
-1.867096
 20
-8.087272
 30
0.0
 11
-1.725664
 21
-8.118624
 31
0.0
  0
LINE
  5
134
330
17
100
AcDbEntity
  8
LOGO_ENGRAVE
100
AcDbLine
 10
-1.725664
 20
-8.118624
 30
0.0
 11
-1.583712
 21
-8.147504
 31
0.0
  0
LINE
  5
135
330
17
100
AcDbEntity
  8
LOGO_ENGRAVE
100
AcDbLine
 10
-1.583712
 20
-8.147504
 30
0.0
 11
-1.44128
 21
-8.173904
 31
0.0
  0
LINE
  5
136
330
17
100
AcDbEntity
  8
LOGO_ENGRAVE
100
AcDbLine
 10
-1.44128
 20
-8.173904
 30
0.0
 11
-1.298408
 21
-8.197816
 31
0.0
  0
LINE
  5
137
330
17
100
AcDbEntity
  8
LOGO_ENGRAVE
100
AcDbLine
 10
-1.298408
 20
-8.197816
 30
0.0
 11
-1.155136
 21
-8.219224
 31
0.0
  0
LINE
  5
138
330
17
100
AcDbEntity
  8
LOGO_ENGRAVE
100
AcDbLine
 10
-1.155136
 20
-8.219224
 30
0.0
 11
-1.011512
 21
-8.238136
 31
0.0
  0
LINE
  5
139
330
17
100
AcDbEntity
  8
LOGO_ENGRAVE
100
AcDbLine
 10
-1.011512
 20
-8.238136
 30
0.0
 11
-0.867584
 21
-8.254528
 31
0.0
  0
LINE
  5
13A
330
17
100
AcDbEntity
  8
LOGO_ENGRAVE
100
AcDbLine
 10
-0.867584
 20
-8.254528
 30
0.0
 11
-0.723392
 21
-8.268416
 31
0.0
  0
LINE
  5
13B
330
17
100
AcDbEntity
  8
LOGO_ENGRAVE
100
AcDbLine
 10
-0.723392
 20
-8.268416
 30
0.0
 11
-0.578976
 21
-8.279784
 31
0.0
  0
LINE
  5
13C
330
17
100
AcDbEntity
  8
LOGO_ENGRAVE
100
AcDbLine
 10
-0.578976
 20
-8.279784
 30
0.0
 11
-0.434392
 21
-8.288624
 31
0.0
  0
LINE
  5
13D
330
17
100
AcDbEntity
  8
LOGO_ENGRAVE
100
AcDbLine
 10
-0.434392
 20
-8.288624
 30
0.0
 11
-0.289664
 21
-8.294944
 31
0.0
  0
LINE
  5
13E
330
17
100
AcDbEntity
  8
LOGO_ENGRAVE
100
AcDbLine
 10
-0.289664
 20
-8.294944
 30
0.0
 11
-0.144856
 21
-8.298736
 31
0.0
  0
LINE
  5
13F
330
17
100
AcDbEntity
  8
LOGO_ENGRAVE
100
AcDbLine
 10
-0.144856
 20
-8.298736
 30
0.0
 11
0.0
 21
-8.3
 31
0.0
  0
LINE
  5
140
330
17
100
AcDbEntity
  8
LOGO_ENGRAVE
100
AcDbLine
 10
0.0
 20
-8.3
 30
0.0
 11
0.144856
 21
-8.298736
 31
0.0
  0
LINE
  5
141
330
17
100
AcDbEntity
  8
LOGO_ENGRAVE
100
AcDbLine
 10
0.144856
 20
-8.298736
 30
0.0
 11
0.289664
 21
-8.294944
 31
0.0
  0
LINE
  5
142
330
17
100
AcDbEntity
  8
LOGO_ENGRAVE
100
AcDbLine
 10
0.289664
 20
-8.294944
 30
0.0
 11
0.434392
 21
-8.288624
 31
0.0
  0
LINE
  5
143
330
17
100
AcDbEntity
  8
LOGO_ENGRAVE
100
AcDbLine
 10
0.434392
 20
-8.288624
 30
0.0
 11
0.578976
 21
-8.279784
 31
0.0
  0
LINE
  5
144
330
17
100
AcDbEntity
  8
LOGO_ENGRAVE
100
AcDbLine
 10
0.578976
 20
-8.279784
 30
0.0
 11
0.723392
 21
-8.268416
 31
0.0
  0
LINE
  5
145
330
17
100
AcDbEntity
  8
LOGO_ENGRAVE
100
AcDbLine
 10
0.723392
 20
-8.268416
 30
0.0
 11
0.867584
 21
-8.254528
 31
0.0
  0
LINE
  5
146
330
17
100
AcDbEntity
  8
LOGO_ENGRAVE
100
AcDbLine
 10
0.867584
 20
-8.254528
 30
0.0
 11
1.011512
 21
-8.238136
 31
0.0
  0
LINE
  5
147
330
17
100
AcDbEntity
  8
LOGO_ENGRAVE
100
AcDbLine
 10
1.011512
 20
-8.238136
 30
0.0
 11
1.155136
 21
-8.219224
 31
0.0
  0
LINE
  5
148
330
17
100
AcDbEntity
  8
LOGO_ENGRAVE
100
AcDbLine
 10
1.155136
 20
-8.219224
 30
0.0
 11
1.298408
 21
-8.197816
 31
0.0
  0
LINE
  5
149
330
17
100
AcDbEntity
  8
LOGO_ENGRAVE
100
AcDbLine
 10
1.298408
 20
-8.197816
 30
0.0
 11
1.44128
 21
-8.173904
 31
0.0
  0
LINE
  5
14A
330
17
100
AcDbEntity
  8
LOGO_ENGRAVE
100
AcDbLine
 10
1.44128
 20
-8.173904
 30
0.0
 11
1.583712
 21
-8.147504
 31
0.0
  0
LINE
  5
14B
330
17
100
AcDbEntity
  8
LOGO_ENGRAVE
100
AcDbLine
 10
1.583712
 20
-8.147504
 30
0.0
 11
1.725664
 21
-8.118624
 31
0.0
  0
LINE
  5
14C
330
17
100
AcDbEntity
  8
LOGO_ENGRAVE
100
AcDbLine
 10
1.725664
 20
-8.118624
 30
0.0
 11
1.867096
 21
-8.087272
 31
0.0
  0
LINE
  5
14D
330
17
100
AcDbEntity
  8
LOGO_ENGRAVE
100
AcDbLine
 10
1.867096
 20
-8.087272
 30
0.0
 11
2.007952
 21
-8.053456
 31
0.0
  0
LINE
  5
14E
330
17
100
AcDbEntity
  8
LOGO_ENGRAVE
100
AcDbLine
 10
2.007952
 20
-8.053456
 30
0.0
 11
2.1482
 21
-8.017184
 31
0.0
  0
LINE
  5
14F
330
17
100
AcDbEntity
  8
LOGO_ENGRAVE
100
AcDbLine
 10
2.1482
 20
-8.017184
 30
0.0
 11
2.287792
 21
-7.978472
 31
0.0
  0
LINE
  5
150
330
17
100
AcDbEntity
  8
LOGO_ENGRAVE
100
AcDbLine
 10
2.287792
 20
-7.978472
 30
0.0
 11
2.426688
 21
-7.937328
 31
0.0
  0
LINE
  5
151
330
17
100
AcDbEntity
  8
LOGO_ENGRAVE
100
AcDbLine
 10
2.426688
 20
-7.937328
 30
0.0
 11
2.56484
 21
-7.893768
 31
0.0
  0
LINE
  5
152
330
17
100
AcDbEntity
  8
LOGO_ENGRAVE
100
AcDbLine
 10
2.56484
 20
-7.893768
 30
0.0
 11
2.702216
 21
-7.847808
 31
0.0
  0
LINE
  5
153
330
17
100
AcDbEntity
  8
LOGO_ENGRAVE
100
AcDbLine
 10
2.702216
 20
-7.847808
 30
0.0
 11
2.838768
 21
-7.799448
 31
0.0
  0
LINE
  5
154
330
17
100
AcDbEntity
  8
LOGO_ENGRAVE
100
AcDbLine
 10
2.838768
 20
-7.799448
 30
0.0
 11
2.974456
 21
-7.74872
 31
0.0
  0
LINE
  5
155
330
17
100
AcDbEntity
  8
LOGO_ENGRAVE
100
AcDbLine
 10
2.974456
 20
-7.74872
 30
0.0
 11
3.109232
 21
-7.695624
 31
0.0
  0
LINE
  5
156
330
17
100
AcDbEntity
  8
LOGO_ENGRAVE
100
AcDbLine
 10
3.109232
 20
-7.695624
 30
0.0
 11
3.243072
 21
-7.640192
 31
0.0
  0
LINE
  5
157
330
17
100
AcDbEntity
  8
LOGO_ENGRAVE
100
AcDbLine
 10
3.243072
 20
-7.640192
 30
0.0
 11
3.375912
 21
-7.582424
 31
0.0
  0
LINE
  5
158
330
17
100
AcDbEntity
  8
LOGO_ENGRAVE
100
AcDbLine
 10
3.375912
 20
-7.582424
 30
0.0
 11
3.507728
 21
-7.522352
 31
0.0
  0
LINE
  5
159
330
17
100
AcDbEntity
  8
LOGO_ENGRAVE
100
AcDbLine
 10
3.507728
 20
-7.522352
 30
0.0
 11
3.63848
 21
-7.459992
 31
0.0
  0
LINE
  5
15A
330
17
100
AcDbEntity
  8
LOGO_ENGRAVE
100
AcDbLine
 10
3.63848
 20
-7.459992
 30
0.0
 11
3.76812
 21
-7.395352
 31
0.0
  0
LINE
  5
15B
330
17
100
AcDbEntity
  8
LOGO_ENGRAVE
100
AcDbLine
 10
3.76812
 20
-7.395352
 30
0.0
 11
3.896616
 21
-7.328464
 31
0.0
  0
LINE
  5
15C
330
17
100
AcDbEntity
  8
LOGO_ENGRAVE
100
AcDbLine
 10
3.896616
 20
-7.328464
 30
0.0
 11
4.02392
 21
-7.259344
 31
0.0
  0
LINE
  5
15D
330
17
100
AcDbEntity
  8
LOGO_ENGRAVE
100
AcDbLine
 10
4.02392
 20
-7.259344
 30
0.0
 11
4.15
 21
-7.188008
 31
0.0
  0
LINE
  5
15E
330
17
100
AcDbEntity
  8
LOGO_ENGRAVE
100
AcDbLine
 10
4.15
 20
-7.188008
 30
0.0
 11
4.274816
 21
-7.114488
 31
0.0
  0
LINE
  5
15F
330
17
100
AcDbEntity
  8
LOGO_ENGRAVE
100
AcDbLine
 10
4.274816
 20
-7.114488
 30
0.0
 11
4.398328
 21
-7.0388
 31
0.0
  0
LINE
  5
160
330
17
100
AcDbEntity
  8
LOGO_ENGRAVE
100
AcDbLine
 10
4.398328
 20
-7.0388
 30
0.0
 11
4.520504
 21
-6.960968
 31
0.0
  0
LINE
  5
161
330
17
100
AcDbEntity
  8
LOGO_ENGRAVE
100
AcDbLine
 10
4.520504
 20
-6.960968
 30
0.0
 11
4.641304
 21
-6.881008
 31
0.0
  0
LINE
  5
162
330
17
100
AcDbEntity
  8
LOGO_ENGRAVE
100
AcDbLine
 10
4.641304
 20
-6.881008
 30
0.0
 11
4.760688
 21
-6.79896
 31
0.0
  0
LINE
  5
163
330
17
100
AcDbEntity
  8
LOGO_ENGRAVE
100
AcDbLine
 10
4.760688
 20
-6.79896
 30
0.0
 11
4.878616
 21
-6.71484
 31
0.0
  0
LINE
  5
164
330
17
100
AcDbEntity
  8
LOGO_ENGRAVE
100
AcDbLine
 10
4.878616
 20
-6.71484
 30
0.0
 11
4.995064
 21
-6.628672
 31
0.0
  0
LINE
  5
165
330
17
100
AcDbEntity
  8
LOGO_ENGRAVE
100
AcDbLine
 10
4.995064
 20
-6.628672
 30
0.0
 11
5.109992
 21
-6.540488
 31
0.0
  0
LINE
  5
166
330
17
100
AcDbEntity
  8
LOGO_ENGRAVE
100
AcDbLine
 10
5.109992
 20
-6.540488
 30
0.0
 11
5.22336
 21
-6.450312
 31
0.0
  0
LINE
  5
167
330
17
100
AcDbEntity
  8
LOGO_ENGRAVE
100
AcDbLine
 10
5.22336
 20
-6.450312
 30
0.0
 11
5.335136
 21
-6.358168
 31
0.0
  0
LINE
  5
168
330
17
100
AcDbEntity
  8
LOGO_ENGRAVE
100
AcDbLine
 10
5.335136
 20
-6.358168
 30
0.0
 11
5.445288
 21
-6.264088
 31
0.0
  0
LINE
  5
169
330
17
100
AcDbEntity
  8
LOGO_ENGRAVE
100
AcDbLine
 10
5.445288
 20
-6.264088
 30
0.0
 11
5.553784
 21
-6.168104
 31
0.0
  0
LINE
  5
16A
330
17
100
AcDbEntity
  8
LOGO_ENGRAVE
100
AcDbLine
 10
5.553784
 20
-6.168104
 30
0.0
 11
5.660584
 21
-6.070232
 31
0.0
  0
LINE
  5
16B
330
17
100
AcDbEntity
  8
LOGO_ENGRAVE
100
AcDbLine
 10
5.660584
 20
-6.070232
 30
0.0
 11
5.765664
 21
-5.97052
 31
0.0
  0
LINE
  5
16C
330
17
100
AcDbEntity
  8
LOGO_ENGRAVE
100
AcDbLine
 10
5.765664
 20
-5.97052
 30
0.0
 11
5.868984
 21
-5.868984
 31
0.0
  0
LINE
  5
16D
330
17
100
AcDbEntity
  8
LOGO_ENGRAVE
100
AcDbLine
 10
5.868984
 20
-5.868984
 30
0.0
 11
5.97052
 21
-5.765664
 31
0.0
  0
LINE
  5
16E
330
17
100
AcDbEntity
  8
LOGO_ENGRAVE
100
AcDbLine
 10
5.97052
 20
-5.765664
 30
0.0
 11
6.070232
 21
-5.660584
 31
0.0
  0
LINE
  5
16F
330
17
100
AcDbEntity
  8
LOGO_ENGRAVE
100
AcDbLine
 10
6.070232
 20
-5.660584
 30
0.0
 11
6.168104
 21
-5.553784
 31
0.0
  0
LINE
  5
170
330
17
100
AcDbEntity
  8
LOGO_ENGRAVE
100
AcDbLine
 10
6.168104
 20
-5.553784
 30
0.0
 11
6.264088
 21
-5.445288
 31
0.0
  0
LINE
  5
171
330
17
100
AcDbEntity
  8
LOGO_ENGRAVE
100
AcDbLine
 10
6.264088
 20
-5.445288
 30
0.0
 11
6.358168
 21
-5.335136
 31
0.0
  0
LINE
  5
172
330
17
100
AcDbEntity
  8
LOGO_ENGRAVE
100
AcDbLine
 10
6.358168
 20
-5.335136
 30
0.0
 11
6.450312
 21
-5.22336
 31
0.0
  0
LINE
  5
173
330
17
100
AcDbEntity
  8
LOGO_ENGRAVE
100
AcDbLine
 10
6.450312
 20
-5.22336
 30
0.0
 11
6.540488
 21
-5.109992
 31
0.0
  0
LINE
  5
174
330
17
100
AcDbEntity
  8
LOGO_ENGRAVE
100
AcDbLine
 10
6.540488
 20
-5.109992
 30
0.0
 11
6.628672
 21
-4.995064
 31
0.0
  0
LINE
  5
175
330
17
100
AcDbEntity
  8
LOGO_ENGRAVE
100
AcDbLine
 10
6.628672
 20
-4.995064
 30
0.0
 11
6.71484
 21
-4.878616
 31
0.0
  0
LINE
  5
176
330
17
100
AcDbEntity
  8
LOGO_ENGRAVE
100
AcDbLine
 10
6.71484
 20
-4.878616
 30
0.0
 11
6.79896
 21
-4.760688
 31
0.0
  0
LINE
  5
177
330
17
100
AcDbEntity
  8
LOGO_ENGRAVE
100
AcDbLine
 10
6.79896
 20
-4.760688
 30
0.0
 11
6.881008
 21
-4.641304
 31
0.0
  0
LINE
  5
178
330
17
100
AcDbEntity
  8
LOGO_ENGRAVE
100
AcDbLine
 10
6.881008
 20
-4.641304
 30
0.0
 11
6.960968
 21
-4.520504
 31
0.0
  0
LINE
  5
179
330
17
100
AcDbEntity
  8
LOGO_ENGRAVE
100
AcDbLine
 10
6.960968
 20
-4.520504
 30
0.0
 11
7.0388
 21
-4.398328
 31
0.0
  0
LINE
  5
17A
330
17
100
AcDbEntity
  8
LOGO_ENGRAVE
100
AcDbLine
 10
7.0388
 20
-4.398328
 30
0.0
 11
7.114488
 21
-4.274816
 31
0.0
  0
LINE
  5
17B
330
17
100
AcDbEntity
  8
LOGO_ENGRAVE
100
AcDbLine
 10
7.114488
 20
-4.274816
 30
0.0
 11
7.188008
 21
-4.15
 31
0.0
  0
LINE
  5
17C
330
17
100
AcDbEntity
  8
LOGO_ENGRAVE
100
AcDbLine
 10
7.188008
 20
-4.15
 30
0.0
 11
7.259344
 21
-4.02392
 31
0.0
  0
LINE
  5
17D
330
17
100
AcDbEntity
  8
LOGO_ENGRAVE
100
AcDbLine
 10
7.259344
 20
-4.02392
 30
0.0
 11
7.328464
 21
-3.896616
 31
0.0
  0
LINE
  5
17E
330
17
100
AcDbEntity
  8
LOGO_ENGRAVE
100
AcDbLine
 10
7.328464
 20
-3.896616
 30
0.0
 11
7.395352
 21
-3.76812
 31
0.0
  0
LINE
  5
17F
330
17
100
AcDbEntity
  8
LOGO_ENGRAVE
100
AcDbLine
 10
7.395352
 20
-3.76812
 30
0.0
 11
7.459992
 21
-3.63848
 31
0.0
  0
LINE
  5
180
330
17
100
AcDbEntity
  8
LOGO_ENGRAVE
100
AcDbLine
 10
7.459992
 20
-3.63848
 30
0.0
 11
7.522352
 21
-3.507728
 31
0.0
  0
LINE
  5
181
330
17
100
AcDbEntity
  8
LOGO_ENGRAVE
100
AcDbLine
 10
7.522352
 20
-3.507728
 30
0.0
 11
7.582424
 21
-3.375912
 31
0.0
  0
LINE
  5
182
330
17
100
AcDbEntity
  8
LOGO_ENGRAVE
100
AcDbLine
 10
7.582424
 20
-3.375912
 30
0.0
 11
7.640192
 21
-3.243072
 31
0.0
  0
LINE
  5
183
330
17
100
AcDbEntity
  8
LOGO_ENGRAVE
100
AcDbLine
 10
7.640192
 20
-3.243072
 30
0.0
 11
7.695624
 21
-3.109232
 31
0.0
  0
LINE
  5
184
330
17
100
AcDbEntity
  8
LOGO_ENGRAVE
100
AcDbLine
 10
7.695624
 20
-3.109232
 30
0.0
 11
7.74872
 21
-2.974456
 31
0.0
  0
LINE
  5
185
330
17
100
AcDbEntity
  8
LOGO_ENGRAVE
100
AcDbLine
 10
7.74872
 20
-2.974456
 30
0.0
 11
7.799448
 21
-2.838768
 31
0.0
  0
LINE
  5
186
330
17
100
AcDbEntity
  8
LOGO_ENGRAVE
100
AcDbLine
 10
7.799448
 20
-2.838768
 30
0.0
 11
7.847808
 21
-2.702216
 31
0.0
  0
LINE
  5
187
330
17
100
AcDbEntity
  8
LOGO_ENGRAVE
100
AcDbLine
 10
7.847808
 20
-2.702216
 30
0.0
 11
7.893768
 21
-2.56484
 31
0.0
  0
LINE
  5
188
330
17
100
AcDbEntity
  8
LOGO_ENGRAVE
100
AcDbLine
 10
7.893768
 20
-2.56484
 30
0.0
 11
7.937328
 21
-2.426688
 31
0.0
  0
LINE
  5
189
330
17
100
AcDbEntity
  8
LOGO_ENGRAVE
100
AcDbLine
 10
7.937328
 20
-2.426688
 30
0.0
 11
7.978472
 21
-2.287792
 31
0.0
  0
LINE
  5
18A
330
17
100
AcDbEntity
  8
LOGO_ENGRAVE
100
AcDbLine
 10
7.978472
 20
-2.287792
 30
0.0
 11
8.017184
 21
-2.1482
 31
0.0
  0
LINE
  5
18B
330
17
100
AcDbEntity
  8
LOGO_ENGRAVE
100
AcDbLine
 10
8.017184
 20
-2.1482
 30
0.0
 11
8.053456
 21
-2.007952
 31
0.0
  0
LINE
  5
18C
330
17
100
AcDbEntity
  8
LOGO_ENGRAVE
100
AcDbLine
 10
8.053456
 20
-2.007952
 30
0.0
 11
8.087272
 21
-1.867096
 31
0.0
  0
LINE
  5
18D
330
17
100
AcDbEntity
  8
LOGO_ENGRAVE
100
AcDbLine
 10
8.087272
 20
-1.867096
 30
0.0
 11
8.118624
 21
-1.725664
 31
0.0
  0
LINE
  5
18E
330
17
100
AcDbEntity
  8
LOGO_ENGRAVE
100
AcDbLine
 10
8.118624
 20
-1.725664
 30
0.0
 11
8.147504
 21
-1.583712
 31
0.0
  0
LINE
  5
18F
330
17
100
AcDbEntity
  8
LOGO_ENGRAVE
100
AcDbLine
 10
8.147504
 20
-1.583712
 30
0.0
 11
8.173904
 21
-1.44128
 31
0.0
  0
LINE
  5
190
330
17
100
AcDbEntity
  8
LOGO_ENGRAVE
100
AcDbLine
 10
8.173904
 20
-1.44128
 30
0.0
 11
8.197816
 21
-1.298408
 31
0.0
  0
LINE
  5
191
330
17
100
AcDbEntity
  8
LOGO_ENGRAVE
100
AcDbLine
 10
8.197816
 20
-1.298408
 30
0.0
 11
8.219224
 21
-1.155136
 31
0.0
  0
LINE
  5
192
330
17
100
AcDbEntity
  8
LOGO_ENGRAVE
100
AcDbLine
 10
8.219224
 20
-1.155136
 30
0.0
 11
8.238136
 21
-1.011512
 31
0.0
  0
LINE
  5
193
330
17
100
AcDbEntity
  8
LOGO_ENGRAVE
100
AcDbLine
 10
8.238136
 20
-1.011512
 30
0.0
 11
8.254528
 21
-0.867584
 31
0.0
  0
LINE
  5
194
330
17
100
AcDbEntity
  8
LOGO_ENGRAVE
100
AcDbLine
 10
8.254528
 20
-0.867584
 30
0.0
 11
8.268416
 21
-0.723392
 31
0.0
  0
LINE
  5
195
330
17
100
AcDbEntity
  8
LOGO_ENGRAVE
100
AcDbLine
 10
8.268416
 20
-0.723392
 30
0.0
 11
8.279784
 21
-0.578976
 31
0.0
  0
LINE
  5
196
330
17
100
AcDbEntity
  8
LOGO_ENGRAVE
100
AcDbLine
 10
8.279784
 20
-0.578976
 30
0.0
 11
8.288624
 21
-0.434392
 31
0.0
  0
LINE
  5
197
330
17
100
AcDbEntity
  8
LOGO_ENGRAVE
100
AcDbLine
 10
8.288624
 20
-0.434392
 30
0.0
 11
8.294944
 21
-0.289664
 31
0.0
  0
LINE
  5
198
330
17
100
AcDbEntity
  8
LOGO_ENGRAVE
100
AcDbLine
 10
8.294944
 20
-0.289664
 30
0.0
 11
8.298736
 21
-0.144856
 31
0.0
  0
LINE
  5
199
330
17
100
AcDbEntity
  8
LOGO_ENGRAVE
100
AcDbLine
 10
8.298736
 20
-0.144856
 30
0.0
 11
8.3
 21
0.0
 31
0.0
  0
LINE
  5
19A
330
17
100
AcDbEntity
  8
LOGO_ENGRAVE
100
AcDbLine
 10
-7.8644
 20
-1.465048
 30
0.0
 11
-7.878464
 21
-1.389184
 31
0.0
  0
LINE
  5
19B
330
17
100
AcDbEntity
  8
LOGO_ENGRAVE
100
AcDbLine
 10
-7.878464
 20
-1.389184
 30
0.0
 11
-7.901504
 21
-1.251472
 31
0.0
  0
LINE
  5
19C
330
17
100
AcDbEntity
  8
LOGO_ENGRAVE
100
AcDbLine
 10
-7.901504
 20
-1.251472
 30
0.0
 11
-7.922144
 21
-1.113384
 31
0.0
  0
LINE
  5
19D
330
17
100
AcDbEntity
  8
LOGO_ENGRAVE
100
AcDbLine
 10
-7.922144
 20
-1.113384
 30
0.0
 11
-7.940368
 21
-0.974952
 31
0.0
  0
LINE
  5
19E
330
17
100
AcDbEntity
  8
LOGO_ENGRAVE
100
AcDbLine
 10
-7.940368
 20
-0.974952
 30
0.0
 11
-7.956176
 21
-0.836224
 31
0.0
  0
LINE
  5
19F
330
17
100
AcDbEntity
  8
LOGO_ENGRAVE
100
AcDbLine
 10
-7.956176
 20
-0.836224
 30
0.0
 11
-7.96956
 21
-0.697248
 31
0.0
  0
LINE
  5
1A0
330
17
100
AcDbEntity
  8
LOGO_ENGRAVE
100
AcDbLine
 10
-7.96956
 20
-0.697248
 30
0.0
 11
-7.980512
 21
-0.558048
 31
0.0
  0
LINE
  5
1A1
330
17
100
AcDbEntity
  8
LOGO_ENGRAVE
100
AcDbLine
 10
-7.980512
 20
-0.558048
 30
0.0
 11
-7.98904
 21
-0.418688
 31
0.0
  0
LINE
  5
1A2
330
17
100
AcDbEntity
  8
LOGO_ENGRAVE
100
AcDbLine
 10
-7.98904
 20
-0.418688
 30
0.0
 11
-7.995128
 21
-0.279192
 31
0.0
  0
LINE
  5
1A3
330
17
100
AcDbEntity
  8
LOGO_ENGRAVE
100
AcDbLine
 10
-7.995128
 20
-0.279192
 30
0.0
 11
-7.998784
 21
-0.139616
 31
0.0
  0
LINE
  5
1A4
330
17
100
AcDbEntity
  8
LOGO_ENGRAVE
100
AcDbLine
 10
-7.998784
 20
-0.139616
 30
0.0
 11
-8.0
 21
0.0
 31
0.0
  0
LINE
  5
1A5
330
17
100
AcDbEntity
  8
LOGO_ENGRAVE
100
AcDbLine
 10
-8.0
 20
0.0
 30
0.0
 11
-7.998784
 21
0.139616
 31
0.0
  0
LINE
  5
1A6
330
17
100
AcDbEntity
  8
LOGO_ENGRAVE
100
AcDbLine
 10
-7.998784
 20
0.139616
 30
0.0
 11
-7.995128
 21
0.279192
 31
0.0
  0
LINE
  5
1A7
330
17
100
AcDbEntity
  8
LOGO_ENGRAVE
100
AcDbLine
 10
-7.995128
 20
0.279192
 30
0.0
 11
-7.98904
 21
0.418688
 31
0.0
  0
LINE
  5
1A8
330
17
100
AcDbEntity
  8
LOGO_ENGRAVE
100
AcDbLine
 10
-7.98904
 20
0.418688
 30
0.0
 11
-7.980512
 21
0.558048
 31
0.0
  0
LINE
  5
1A9
330
17
100
AcDbEntity
  8
LOGO_ENGRAVE
100
AcDbLine
 10
-7.980512
 20
0.558048
 30
0.0
 11
-7.96956
 21
0.697248
 31
0.0
  0
LINE
  5
1AA
330
17
100
AcDbEntity
  8
LOGO_ENGRAVE
100
AcDbLine
 10
-7.96956
 20
0.697248
 30
0.0
 11
-7.956176
 21
0.836224
 31
0.0
  0
LINE
  5
1AB
330
17
100
AcDbEntity
  8
LOGO_ENGRAVE
100
AcDbLine
 10
-7.956176
 20
0.836224
 30
0.0
 11
-7.940368
 21
0.974952
 31
0.0
  0
LINE
  5
1AC
330
17
100
AcDbEntity
  8
LOGO_ENGRAVE
100
AcDbLine
 10
-7.940368
 20
0.974952
 30
0.0
 11
-7.922144
 21
1.113384
 31
0.0
  0
LINE
  5
1AD
330
17
100
AcDbEntity
  8
LOGO_ENGRAVE
100
AcDbLine
 10
-7.922144
 20
1.113384
 30
0.0
 11
-7.901504
 21
1.251472
 31
0.0
  0
LINE
  5
1AE
330
17
100
AcDbEntity
  8
LOGO_ENGRAVE
100
AcDbLine
 10
-7.901504
 20
1.251472
 30
0.0
 11
-7.878464
 21
1.389184
 31
0.0
  0
LINE
  5
1AF
330
17
100
AcDbEntity
  8
LOGO_ENGRAVE
100
AcDbLine
 10
-7.878464
 20
1.389184
 30
0.0
 11
-7.853016
 21
1.526472
 31
0.0
  0
LINE
  5
1B0
330
17
100
AcDbEntity
  8
LOGO_ENGRAVE
100
AcDbLine
 10
-7.853016
 20
1.526472
 30
0.0
 11
-7.828544
 21
1.64676
 31
0.0
  0
LINE
  5
1B1
330
17
100
AcDbEntity
  8
LOGO_ENGRAVE
100
AcDbLine
 10
-7.828544
 20
1.64676
 30
0.0
 11
-7.721104
 21
1.61392
 31
0.0
  0
LINE
  5
1B2
330
17
100
AcDbEntity
  8
LOGO_ENGRAVE
100
AcDbLine
 10
-7.721104
 20
1.61392
 30
0.0
 11
-7.586616
 21
1.571424
 31
0.0
  0
LINE
  5
1B3
330
17
100
AcDbEntity
  8
LOGO_ENGRAVE
100
AcDbLine
 10
-7.586616
 20
1.571424
 30
0.0
 11
-7.452872
 21
1.527688
 31
0.0
  0
LINE
  5
1B4
330
17
100
AcDbEntity
  8
LOGO_ENGRAVE
100
AcDbLine
 10
-7.452872
 20
1.527688
 30
0.0
 11
-7.319872
 21
1.482648
 31
0.0
  0
LINE
  5
1B5
330
17
100
AcDbEntity
  8
LOGO_ENGRAVE
100
AcDbLine
 10
-7.319872
 20
1.482648
 30
0.0
 11
-7.18764
 21
1.436264
 31
0.0
  0
LINE
  5
1B6
330
17
100
AcDbEntity
  8
LOGO_ENGRAVE
100
AcDbLine
 10
-7.18764
 20
1.436264
 30
0.0
 11
-7.0562
 21
1.388496
 31
0.0
  0
LINE
  5
1B7
330
17
100
AcDbEntity
  8
LOGO_ENGRAVE
100
AcDbLine
 10
-7.0562
 20
1.388496
 30
0.0
 11
-6.925552
 21
1.339304
 31
0.0
  0
LINE
  5
1B8
330
17
100
AcDbEntity
  8
LOGO_ENGRAVE
100
AcDbLine
 10
-6.925552
 20
1.339304
 30
0.0
 11
-6.795704
 21
1.288656
 31
0.0
  0
LINE
  5
1B9
330
17
100
AcDbEntity
  8
LOGO_ENGRAVE
100
AcDbLine
 10
-6.795704
 20
1.288656
 30
0.0
 11
-6.666664
 21
1.236528
 31
0.0
  0
LINE
  5
1BA
330
17
100
AcDbEntity
  8
LOGO_ENGRAVE
100
AcDbLine
 10
-6.666664
 20
1.236528
 30
0.0
 11
-6.53844
 21
1.182896
 31
0.0
  0
LINE
  5
1BB
330
17
100
AcDbEntity
  8
LOGO_ENGRAVE
100
AcDbLine
 10
-6.53844
 20
1.182896
 30
0.0
 11
-6.411024
 21
1.127744
 31
0.0
  0
LINE
  5
1BC
330
17
100
AcDbEntity
  8
LOGO_ENGRAVE
100
AcDbLine
 10
-6.411024
 20
1.127744
 30
0.0
 11
-6.2844
 21
1.071064
 31
0.0
  0
LINE
  5
1BD
330
17
100
AcDbEntity
  8
LOGO_ENGRAVE
100
AcDbLine
 10
-6.2844
 20
1.071064
 30
0.0
 11
-6.158576
 21
1.012848
 31
0.0
  0
LINE
  5
1BE
330
17
100
AcDbEntity
  8
LOGO_ENGRAVE
100
AcDbLine
 10
-6.158576
 20
1.012848
 30
0.0
 11
-6.033528
 21
0.953104
 31
0.0
  0
LINE
  5
1BF
330
17
100
AcDbEntity
  8
LOGO_ENGRAVE
100
AcDbLine
 10
-6.033528
 20
0.953104
 30
0.0
 11
-5.909248
 21
0.891824
 31
0.0
  0
LINE
  5
1C0
330
17
100
AcDbEntity
  8
LOGO_ENGRAVE
100
AcDbLine
 10
-5.909248
 20
0.891824
 30
0.0
 11
-5.785712
 21
0.829024
 31
0.0
  0
LINE
  5
1C1
330
17
100
AcDbEntity
  8
LOGO_ENGRAVE
100
AcDbLine
 10
-5.785712
 20
0.829024
 30
0.0
 11
-5.662888
 21
0.76472
 31
0.0
  0
LINE
  5
1C2
330
17
100
AcDbEntity
  8
LOGO_ENGRAVE
100
AcDbLine
 10
-5.662888
 20
0.76472
 30
0.0
 11
-5.540752
 21
0.698928
 31
0.0
  0
LINE
  5
1C3
330
17
100
AcDbEntity
  8
LOGO_ENGRAVE
100
AcDbLine
 10
-5.540752
 20
0.698928
 30
0.0
 11
-5.41928
 21
0.63168
 31
0.0
  0
LINE
  5
1C4
330
17
100
AcDbEntity
  8
LOGO_ENGRAVE
100
AcDbLine
 10
-5.41928
 20
0.63168
 30
0.0
 11
-5.298424
 21
0.562992
 31
0.0
  0
LINE
  5
1C5
330
17
100
AcDbEntity
  8
LOGO_ENGRAVE
100
AcDbLine
 10
-5.298424
 20
0.562992
 30
0.0
 11
-5.178152
 21
0.492904
 31
0.0
  0
LINE
  5
1C6
330
17
100
AcDbEntity
  8
LOGO_ENGRAVE
100
AcDbLine
 10
-5.178152
 20
0.492904
 30
0.0
 11
-5.058408
 21
0.421464
 31
0.0
  0
LINE
  5
1C7
330
17
100
AcDbEntity
  8
LOGO_ENGRAVE
100
AcDbLine
 10
-5.058408
 20
0.421464
 30
0.0
 11
-4.93916
 21
0.348704
 31
0.0
  0
LINE
  5
1C8
330
17
100
AcDbEntity
  8
LOGO_ENGRAVE
100
AcDbLine
 10
-4.93916
 20
0.348704
 30
0.0
 11
-4.820344
 21
0.27468
 31
0.0
  0
LINE
  5
1C9
330
17
100
AcDbEntity
  8
LOGO_ENGRAVE
100
AcDbLine
 10
-4.820344
 20
0.27468
 30
0.0
 11
-4.701904
 21
0.199456
 31
0.0
  0
LINE
  5
1CA
330
17
100
AcDbEntity
  8
LOGO_ENGRAVE
100
AcDbLine
 10
-4.701904
 20
0.199456
 30
0.0
 11
-4.583792
 21
0.12308
 31
0.0
  0
LINE
  5
1CB
330
17
100
AcDbEntity
  8
LOGO_ENGRAVE
100
AcDbLine
 10
-4.583792
 20
0.12308
 30
0.0
 11
-4.465928
 21
0.045624
 31
0.0
  0
LINE
  5
1CC
330
17
100
AcDbEntity
  8
LOGO_ENGRAVE
100
AcDbLine
 10
-4.465928
 20
0.045624
 30
0.0
 11
-4.348256
 21
-0.032832000000000014
 31
0.0
  0
LINE
  5
1CD
330
17
100
AcDbEntity
  8
LOGO_ENGRAVE
100
AcDbLine
 10
-4.348256
 20
-0.032832
 30
0.0
 11
-4.230696
 21
-0.112216
 31
0.0
  0
LINE
  5
1CE
330
17
100
AcDbEntity
  8
LOGO_ENGRAVE
100
AcDbLine
 10
-4.230696
 20
-0.112216
 30
0.0
 11
-4.113176
 21
-0.192432
 31
0.0
  0
LINE
  5
1CF
330
17
100
AcDbEntity
  8
LOGO_ENGRAVE
100
AcDbLine
 10
-4.113176
 20
-0.192432
 30
0.0
 11
-3.995624
 21
-0.2734
 31
0.0
  0
LINE
  5
1D0
330
17
100
AcDbEntity
  8
LOGO_ENGRAVE
100
AcDbLine
 10
-3.995624
 20
-0.2734
 30
0.0
 11
-3.877944
 21
-0.355008
 31
0.0
  0
LINE
  5
1D1
330
17
100
AcDbEntity
  8
LOGO_ENGRAVE
100
AcDbLine
 10
-3.877944
 20
-0.355008
 30
0.0
 11
-3.760064
 21
-0.43716
 31
0.0
  0
LINE
  5
1D2
330
17
100
AcDbEntity
  8
LOGO_ENGRAVE
100
AcDbLine
 10
-3.760064
 20
-0.43716
 30
0.0
 11
-3.64188
 21
-0.519728
 31
0.0
  0
LINE
  5
1D3
330
17
100
AcDbEntity
  8
LOGO_ENGRAVE
100
AcDbLine
 10
-3.64188
 20
-0.519728
 30
0.0
 11
-3.639624
 21
-0.521304
 31
0.0
  0
LINE
  5
1D4
330
17
100
AcDbEntity
  8
LOGO_ENGRAVE
100
AcDbLine
 10
-3.639624
 20
-0.521304
 30
0.0
 11
-3.65952
 21
-0.561272
 31
0.0
  0
LINE
  5
1D5
330
17
100
AcDbEntity
  8
LOGO_ENGRAVE
100
AcDbLine
 10
-3.65952
 20
-0.561272
 30
0.0
 11
-3.713824
 21
-0.679784
 31
0.0
  0
LINE
  5
1D6
330
17
100
AcDbEntity
  8
LOGO_ENGRAVE
100
AcDbLine
 10
-3.713824
 20
-0.679784
 30
0.0
 11
-3.764304
 21
-0.799984
 31
0.0
  0
LINE
  5
1D7
330
17
100
AcDbEntity
  8
LOGO_ENGRAVE
100
AcDbLine
 10
-3.764304
 20
-0.799984
 30
0.0
 11
-3.810888
 21
-0.921736
 31
0.0
  0
LINE
  5
1D8
330
17
100
AcDbEntity
  8
LOGO_ENGRAVE
100
AcDbLine
 10
-3.810888
 20
-0.921736
 30
0.0
 11
-3.853536
 21
-1.044928
 31
0.0
  0
LINE
  5
1D9
330
17
100
AcDbEntity
  8
LOGO_ENGRAVE
100
AcDbLine
 10
-3.853536
 20
-1.044928
 30
0.0
 11
-3.8922
 21
-1.169424
 31
0.0
  0
LINE
  5
1DA
330
17
100
AcDbEntity
  8
LOGO_ENGRAVE
100
AcDbLine
 10
-3.8922
 20
-1.169424
 30
0.0
 11
-3.926848
 21
-1.295104
 31
0.0
  0
LINE
  5
1DB
330
17
100
AcDbEntity
  8
LOGO_ENGRAVE
100
AcDbLine
 10
-3.926848
 20
-1.295104
 30
0.0
 11
-3.957432
 21
-1.421824
 31
0.0
  0
LINE
  5
1DC
330
17
100
AcDbEntity
  8
LOGO_ENGRAVE
100
AcDbLine
 10
-3.957432
 20
-1.421824
 30
0.0
 11
-3.983936
 21
-1.549464
 31
0.0
  0
LINE
  5
1DD
330
17
100
AcDbEntity
  8
LOGO_ENGRAVE
100
AcDbLine
 10
-3.983936
 20
-1.549464
 30
0.0
 11
-4.00632
 21
-1.677896
 31
0.0
  0
LINE
  5
1DE
330
17
100
AcDbEntity
  8
LOGO_ENGRAVE
100
AcDbLine
 10
-4.00632
 20
-1.677896
 30
0.0
 11
-4.01428
 21
-1.734168
 31
0.0
  0
LINE
  5
1DF
330
17
100
AcDbEntity
  8
LOGO_ENGRAVE
100
AcDbLine
 10
-4.01428
 20
-1.734168
 30
0.0
 11
-4.126736
 21
-1.692112
 31
0.0
  0
LINE
  5
1E0
330
17
100
AcDbEntity
  8
LOGO_ENGRAVE
100
AcDbLine
 10
-4.126736
 20
-1.692112
 30
0.0
 11
-4.266576
 21
-1.640264
 31
0.0
  0
LINE
  5
1E1
330
17
100
AcDbEntity
  8
LOGO_ENGRAVE
100
AcDbLine
 10
-4.266576
 20
-1.640264
 30
0.0
 11
-4.406416
 21
-1.589208
 31
0.0
  0
LINE
  5
1E2
330
17
100
AcDbEntity
  8
LOGO_ENGRAVE
100
AcDbLine
 10
-4.406416
 20
-1.589208
 30
0.0
 11
-4.546256
 21
-1.539288
 31
0.0
  0
LINE
  5
1E3
330
17
100
AcDbEntity
  8
LOGO_ENGRAVE
100
AcDbLine
 10
-4.546256
 20
-1.539288
 30
0.0
 11
-4.686096
 21
-1.49084
 31
0.0
  0
LINE
  5
1E4
330
17
100
AcDbEntity
  8
LOGO_ENGRAVE
100
AcDbLine
 10
-4.686096
 20
-1.49084
 30
0.0
 11
-4.825936
 21
-1.444192
 31
0.0
  0
LINE
  5
1E5
330
17
100
AcDbEntity
  8
LOGO_ENGRAVE
100
AcDbLine
 10
-4.825936
 20
-1.444192
 30
0.0
 11
-4.965776
 21
-1.399672
 31
0.0
  0
LINE
  5
1E6
330
17
100
AcDbEntity
  8
LOGO_ENGRAVE
100
AcDbLine
 10
-4.965776
 20
-1.399672
 30
0.0
 11
-5.105616
 21
-1.3576
 31
0.0
  0
LINE
  5
1E7
330
17
100
AcDbEntity
  8
LOGO_ENGRAVE
100
AcDbLine
 10
-5.105616
 20
-1.3576
 30
0.0
 11
-5.245456
 21
-1.318304
 31
0.0
  0
LINE
  5
1E8
330
17
100
AcDbEntity
  8
LOGO_ENGRAVE
100
AcDbLine
 10
-5.245456
 20
-1.318304
 30
0.0
 11
-5.385296
 21
-1.28208
 31
0.0
  0
LINE
  5
1E9
330
17
100
AcDbEntity
  8
LOGO_ENGRAVE
100
AcDbLine
 10
-5.385296
 20
-1.28208
 30
0.0
 11
-5.525136
 21
-1.249256
 31
0.0
  0
LINE
  5
1EA
330
17
100
AcDbEntity
  8
LOGO_ENGRAVE
100
AcDbLine
 10
-5.525136
 20
-1.249256
 30
0.0
 11
-5.664976
 21
-1.22012
 31
0.0
  0
LINE
  5
1EB
330
17
100
AcDbEntity
  8
LOGO_ENGRAVE
100
AcDbLine
 10
-5.664976
 20
-1.22012
 30
0.0
 11
-5.804816
 21
-1.194984
 31
0.0
  0
LINE
  5
1EC
330
17
100
AcDbEntity
  8
LOGO_ENGRAVE
100
AcDbLine
 10
-5.804816
 20
-1.194984
 30
0.0
 11
-5.944648
 21
-1.174136
 31
0.0
  0
LINE
  5
1ED
330
17
100
AcDbEntity
  8
LOGO_ENGRAVE
100
AcDbLine
 10
-5.944648
 20
-1.174136
 30
0.0
 11
-6.084488
 21
-1.157864
 31
0.0
  0
LINE
  5
1EE
330
17
100
AcDbEntity
  8
LOGO_ENGRAVE
100
AcDbLine
 10
-6.084488
 20
-1.157864
 30
0.0
 11
-6.224328
 21
-1.146464
 31
0.0
  0
LINE
  5
1EF
330
17
100
AcDbEntity
  8
LOGO_ENGRAVE
100
AcDbLine
 10
-6.224328
 20
-1.146464
 30
0.0
 11
-6.364168
 21
-1.140216
 31
0.0
  0
LINE
  5
1F0
330
17
100
AcDbEntity
  8
LOGO_ENGRAVE
100
AcDbLine
 10
-6.364168
 20
-1.140216
 30
0.0
 11
-6.504008
 21
-1.1394
 31
0.0
  0
LINE
  5
1F1
330
17
100
AcDbEntity
  8
LOGO_ENGRAVE
100
AcDbLine
 10
-6.504008
 20
-1.1394
 30
0.0
 11
-6.643848
 21
-1.14428
 31
0.0
  0
LINE
  5
1F2
330
17
100
AcDbEntity
  8
LOGO_ENGRAVE
100
AcDbLine
 10
-6.643848
 20
-1.14428
 30
0.0
 11
-6.783688
 21
-1.155128
 31
0.0
  0
LINE
  5
1F3
330
17
100
AcDbEntity
  8
LOGO_ENGRAVE
100
AcDbLine
 10
-6.783688
 20
-1.155128
 30
0.0
 11
-6.923528
 21
-1.172208
 31
0.0
  0
LINE
  5
1F4
330
17
100
AcDbEntity
  8
LOGO_ENGRAVE
100
AcDbLine
 10
-6.923528
 20
-1.172208
 30
0.0
 11
-7.063368
 21
-1.195784
 31
0.0
  0
LINE
  5
1F5
330
17
100
AcDbEntity
  8
LOGO_ENGRAVE
100
AcDbLine
 10
-7.063368
 20
-1.195784
 30
0.0
 11
-7.203208
 21
-1.226104
 31
0.0
  0
LINE
  5
1F6
330
17
100
AcDbEntity
  8
LOGO_ENGRAVE
100
AcDbLine
 10
-7.203208
 20
-1.226104
 30
0.0
 11
-7.343048
 21
-1.263432
 31
0.0
  0
LINE
  5
1F7
330
17
100
AcDbEntity
  8
LOGO_ENGRAVE
100
AcDbLine
 10
-7.343048
 20
-1.263432
 30
0.0
 11
-7.482888
 21
-1.308
 31
0.0
  0
LINE
  5
1F8
330
17
100
AcDbEntity
  8
LOGO_ENGRAVE
100
AcDbLine
 10
-7.482888
 20
-1.308
 30
0.0
 11
-7.622728
 21
-1.360056
 31
0.0
  0
LINE
  5
1F9
330
17
100
AcDbEntity
  8
LOGO_ENGRAVE
100
AcDbLine
 10
-7.622728
 20
-1.360056
 30
0.0
 11
-7.762568
 21
-1.419704
 31
0.0
  0
LINE
  5
1FA
330
17
100
AcDbEntity
  8
LOGO_ENGRAVE
100
AcDbLine
 10
-7.762568
 20
-1.419704
 30
0.0
 11
-7.8644
 21
-1.465048
 31
0.0
  0
LINE
  5
1FB
330
17
100
AcDbEntity
  8
LOGO_ENGRAVE
100
AcDbLine
 10
5.923776
 20
-5.376376
 30
0.0
 11
5.850832
 21
-5.455984
 31
0.0
  0
LINE
  5
1FC
330
17
100
AcDbEntity
  8
LOGO_ENGRAVE
100
AcDbLine
 10
5.850832
 20
-5.455984
 30
0.0
 11
5.75472
 21
-5.557264
 31
0.0
  0
LINE
  5
1FD
330
17
100
AcDbEntity
  8
LOGO_ENGRAVE
100
AcDbLine
 10
5.75472
 20
-5.557264
 30
0.0
 11
5.656856
 21
-5.656856
 31
0.0
  0
LINE
  5
1FE
330
17
100
AcDbEntity
  8
LOGO_ENGRAVE
100
AcDbLine
 10
5.656856
 20
-5.656856
 30
0.0
 11
5.557264
 21
-5.75472
 31
0.0
  0
LINE
  5
1FF
330
17
100
AcDbEntity
  8
LOGO_ENGRAVE
100
AcDbLine
 10
5.557264
 20
-5.75472
 30
0.0
 11
5.455984
 21
-5.850832
 31
0.0
  0
LINE
  5
200
330
17
100
AcDbEntity
  8
LOGO_ENGRAVE
100
AcDbLine
 10
5.455984
 20
-5.850832
 30
0.0
 11
5.353048
 21
-5.94516
 31
0.0
  0
LINE
  5
201
330
17
100
AcDbEntity
  8
LOGO_ENGRAVE
100
AcDbLine
 10
5.353048
 20
-5.94516
 30
0.0
 11
5.248472
 21
-6.03768
 31
0.0
  0
LINE
  5
202
330
17
100
AcDbEntity
  8
LOGO_ENGRAVE
100
AcDbLine
 10
5.248472
 20
-6.03768
 30
0.0
 11
5.142304
 21
-6.128352
 31
0.0
  0
LINE
  5
203
330
17
100
AcDbEntity
  8
LOGO_ENGRAVE
100
AcDbLine
 10
5.142304
 20
-6.128352
 30
0.0
 11
5.03456
 21
-6.217168
 31
0.0
  0
LINE
  5
204
330
17
100
AcDbEntity
  8
LOGO_ENGRAVE
100
AcDbLine
 10
5.03456
 20
-6.217168
 30
0.0
 11
4.925288
 21
-6.304088
 31
0.0
  0
LINE
  5
205
330
17
100
AcDbEntity
  8
LOGO_ENGRAVE
100
AcDbLine
 10
4.925288
 20
-6.304088
 30
0.0
 11
4.81452
 21
-6.389088
 31
0.0
  0
LINE
  5
206
330
17
100
AcDbEntity
  8
LOGO_ENGRAVE
100
AcDbLine
 10
4.81452
 20
-6.389088
 30
0.0
 11
4.70228
 21
-6.472136
 31
0.0
  0
LINE
  5
207
330
17
100
AcDbEntity
  8
LOGO_ENGRAVE
100
AcDbLine
 10
4.70228
 20
-6.472136
 30
0.0
 11
4.588608
 21
-6.553216
 31
0.0
  0
LINE
  5
208
330
17
100
AcDbEntity
  8
LOGO_ENGRAVE
100
AcDbLine
 10
4.588608
 20
-6.553216
 30
0.0
 11
4.473544
 21
-6.632304
 31
0.0
  0
LINE
  5
209
330
17
100
AcDbEntity
  8
LOGO_ENGRAVE
100
AcDbLine
 10
4.473544
 20
-6.632304
 30
0.0
 11
4.357112
 21
-6.709368
 31
0.0
  0
LINE
  5
20A
330
17
100
AcDbEntity
  8
LOGO_ENGRAVE
100
AcDbLine
 10
4.357112
 20
-6.709368
 30
0.0
 11
4.239352
 21
-6.784384
 31
0.0
  0
LINE
  5
20B
330
17
100
AcDbEntity
  8
LOGO_ENGRAVE
100
AcDbLine
 10
4.239352
 20
-6.784384
 30
0.0
 11
4.120304
 21
-6.857336
 31
0.0
  0
LINE
  5
20C
330
17
100
AcDbEntity
  8
LOGO_ENGRAVE
100
AcDbLine
 10
4.120304
 20
-6.857336
 30
0.0
 11
4.0
 21
-6.9282
 31
0.0
  0
LINE
  5
20D
330
17
100
AcDbEntity
  8
LOGO_ENGRAVE
100
AcDbLine
 10
4.0
 20
-6.9282
 30
0.0
 11
3.87848
 21
-6.99696
 31
0.0
  0
LINE
  5
20E
330
17
100
AcDbEntity
  8
LOGO_ENGRAVE
100
AcDbLine
 10
3.87848
 20
-6.99696
 30
0.0
 11
3.755776
 21
-7.063584
 31
0.0
  0
LINE
  5
20F
330
17
100
AcDbEntity
  8
LOGO_ENGRAVE
100
AcDbLine
 10
3.755776
 20
-7.063584
 30
0.0
 11
3.63192
 21
-7.128056
 31
0.0
  0
LINE
  5
210
330
17
100
AcDbEntity
  8
LOGO_ENGRAVE
100
AcDbLine
 10
3.63192
 20
-7.128056
 30
0.0
 11
3.506968
 21
-7.190352
 31
0.0
  0
LINE
  5
211
330
17
100
AcDbEntity
  8
LOGO_ENGRAVE
100
AcDbLine
 10
3.506968
 20
-7.190352
 30
0.0
 11
3.380944
 21
-7.250464
 31
0.0
  0
LINE
  5
212
330
17
100
AcDbEntity
  8
LOGO_ENGRAVE
100
AcDbLine
 10
3.380944
 20
-7.250464
 30
0.0
 11
3.253896
 21
-7.30836
 31
0.0
  0
LINE
  5
213
330
17
100
AcDbEntity
  8
LOGO_ENGRAVE
100
AcDbLine
 10
3.253896
 20
-7.30836
 30
0.0
 11
3.125848
 21
-7.36404
 31
0.0
  0
LINE
  5
214
330
17
100
AcDbEntity
  8
LOGO_ENGRAVE
100
AcDbLine
 10
3.125848
 20
-7.36404
 30
0.0
 11
2.996856
 21
-7.417472
 31
0.0
  0
LINE
  5
215
330
17
100
AcDbEntity
  8
LOGO_ENGRAVE
100
AcDbLine
 10
2.996856
 20
-7.417472
 30
0.0
 11
2.866944
 21
-7.46864
 31
0.0
  0
LINE
  5
216
330
17
100
AcDbEntity
  8
LOGO_ENGRAVE
100
AcDbLine
 10
2.866944
 20
-7.46864
 30
0.0
 11
2.73616
 21
-7.517544
 31
0.0
  0
LINE
  5
217
330
17
100
AcDbEntity
  8
LOGO_ENGRAVE
100
AcDbLine
 10
2.73616
 20
-7.517544
 30
0.0
 11
2.604544
 21
-7.564152
 31
0.0
  0
LINE
  5
218
330
17
100
AcDbEntity
  8
LOGO_ENGRAVE
100
AcDbLine
 10
2.604544
 20
-7.564152
 30
0.0
 11
2.472136
 21
-7.608456
 31
0.0
  0
LINE
  5
219
330
17
100
AcDbEntity
  8
LOGO_ENGRAVE
100
AcDbLine
 10
2.472136
 20
-7.608456
 30
0.0
 11
2.338976
 21
-7.65044
 31
0.0
  0
LINE
  5
21A
330
17
100
AcDbEntity
  8
LOGO_ENGRAVE
100
AcDbLine
 10
2.338976
 20
-7.65044
 30
0.0
 11
2.205096
 21
-7.690096
 31
0.0
  0
LINE
  5
21B
330
17
100
AcDbEntity
  8
LOGO_ENGRAVE
100
AcDbLine
 10
2.205096
 20
-7.690096
 30
0.0
 11
2.070552
 21
-7.727408
 31
0.0
  0
LINE
  5
21C
330
17
100
AcDbEntity
  8
LOGO_ENGRAVE
100
AcDbLine
 10
2.070552
 20
-7.727408
 30
0.0
 11
1.935376
 21
-7.762368
 31
0.0
  0
LINE
  5
21D
330
17
100
AcDbEntity
  8
LOGO_ENGRAVE
100
AcDbLine
 10
1.935376
 20
-7.762368
 30
0.0
 11
1.799608
 21
-7.79496
 31
0.0
  0
LINE
  5
21E
330
17
100
AcDbEntity
  8
LOGO_ENGRAVE
100
AcDbLine
 10
1.799608
 20
-7.79496
 30
0.0
 11
1.663296
 21
-7.825184
 31
0.0
  0
LINE
  5
21F
330
17
100
AcDbEntity
  8
LOGO_ENGRAVE
100
AcDbLine
 10
1.663296
 20
-7.825184
 30
0.0
 11
1.526472
 21
-7.853016
 31
0.0
  0
LINE
  5
220
330
17
100
AcDbEntity
  8
LOGO_ENGRAVE
100
AcDbLine
 10
1.526472
 20
-7.853016
 30
0.0
 11
1.389184
 21
-7.878464
 31
0.0
  0
LINE
  5
221
330
17
100
AcDbEntity
  8
LOGO_ENGRAVE
100
AcDbLine
 10
1.389184
 20
-7.878464
 30
0.0
 11
1.251472
 21
-7.901504
 31
0.0
  0
LINE
  5
222
330
17
100
AcDbEntity
  8
LOGO_ENGRAVE
100
AcDbLine
 10
1.251472
 20
-7.901504
 30
0.0
 11
1.113384
 21
-7.922144
 31
0.0
  0
LINE
  5
223
330
17
100
AcDbEntity
  8
LOGO_ENGRAVE
100
AcDbLine
 10
1.113384
 20
-7.922144
 30
0.0
 11
0.974952
 21
-7.940368
 31
0.0
  0
LINE
  5
224
330
17
100
AcDbEntity
  8
LOGO_ENGRAVE
100
AcDbLine
 10
0.974952
 20
-7.940368
 30
0.0
 11
0.836224
 21
-7.956176
 31
0.0
  0
LINE
  5
225
330
17
100
AcDbEntity
  8
LOGO_ENGRAVE
100
AcDbLine
 10
0.836224
 20
-7.956176
 30
0.0
 11
0.697248
 21
-7.96956
 31
0.0
  0
LINE
  5
226
330
17
100
AcDbEntity
  8
LOGO_ENGRAVE
100
AcDbLine
 10
0.697248
 20
-7.96956
 30
0.0
 11
0.558048
 21
-7.980512
 31
0.0
  0
LINE
  5
227
330
17
100
AcDbEntity
  8
LOGO_ENGRAVE
100
AcDbLine
 10
0.558048
 20
-7.980512
 30
0.0
 11
0.418688
 21
-7.98904
 31
0.0
  0
LINE
  5
228
330
17
100
AcDbEntity
  8
LOGO_ENGRAVE
100
AcDbLine
 10
0.418688
 20
-7.98904
 30
0.0
 11
0.279192
 21
-7.995128
 31
0.0
  0
LINE
  5
229
330
17
100
AcDbEntity
  8
LOGO_ENGRAVE
100
AcDbLine
 10
0.279192
 20
-7.995128
 30
0.0
 11
0.139616
 21
-7.998784
 31
0.0
  0
LINE
  5
22A
330
17
100
AcDbEntity
  8
LOGO_ENGRAVE
100
AcDbLine
 10
0.139616
 20
-7.998784
 30
0.0
 11
0.0
 21
-8.0
 31
0.0
  0
LINE
  5
22B
330
17
100
AcDbEntity
  8
LOGO_ENGRAVE
100
AcDbLine
 10
0.0
 20
-8.0
 30
0.0
 11
-0.139616
 21
-7.998784
 31
0.0
  0
LINE
  5
22C
330
17
100
AcDbEntity
  8
LOGO_ENGRAVE
100
AcDbLine
 10
-0.139616
 20
-7.998784
 30
0.0
 11
-0.279192
 21
-7.995128
 31
0.0
  0
LINE
  5
22D
330
17
100
AcDbEntity
  8
LOGO_ENGRAVE
100
AcDbLine
 10
-0.279192
 20
-7.995128
 30
0.0
 11
-0.418688
 21
-7.98904
 31
0.0
  0
LINE
  5
22E
330
17
100
AcDbEntity
  8
LOGO_ENGRAVE
100
AcDbLine
 10
-0.418688
 20
-7.98904
 30
0.0
 11
-0.558048
 21
-7.980512
 31
0.0
  0
LINE
  5
22F
330
17
100
AcDbEntity
  8
LOGO_ENGRAVE
100
AcDbLine
 10
-0.558048
 20
-7.980512
 30
0.0
 11
-0.697248
 21
-7.96956
 31
0.0
  0
LINE
  5
230
330
17
100
AcDbEntity
  8
LOGO_ENGRAVE
100
AcDbLine
 10
-0.697248
 20
-7.96956
 30
0.0
 11
-0.836224
 21
-7.956176
 31
0.0
  0
LINE
  5
231
330
17
100
AcDbEntity
  8
LOGO_ENGRAVE
100
AcDbLine
 10
-0.836224
 20
-7.956176
 30
0.0
 11
-0.974952
 21
-7.940368
 31
0.0
  0
LINE
  5
232
330
17
100
AcDbEntity
  8
LOGO_ENGRAVE
100
AcDbLine
 10
-0.974952
 20
-7.940368
 30
0.0
 11
-1.113384
 21
-7.922144
 31
0.0
  0
LINE
  5
233
330
17
100
AcDbEntity
  8
LOGO_ENGRAVE
100
AcDbLine
 10
-1.113384
 20
-7.922144
 30
0.0
 11
-1.251472
 21
-7.901504
 31
0.0
  0
LINE
  5
234
330
17
100
AcDbEntity
  8
LOGO_ENGRAVE
100
AcDbLine
 10
-1.251472
 20
-7.901504
 30
0.0
 11
-1.389184
 21
-7.878464
 31
0.0
  0
LINE
  5
235
330
17
100
AcDbEntity
  8
LOGO_ENGRAVE
100
AcDbLine
 10
-1.389184
 20
-7.878464
 30
0.0
 11
-1.526472
 21
-7.853016
 31
0.0
  0
LINE
  5
236
330
17
100
AcDbEntity
  8
LOGO_ENGRAVE
100
AcDbLine
 10
-1.526472
 20
-7.853016
 30
0.0
 11
-1.663296
 21
-7.825184
 31
0.0
  0
LINE
  5
237
330
17
100
AcDbEntity
  8
LOGO_ENGRAVE
100
AcDbLine
 10
-1.663296
 20
-7.825184
 30
0.0
 11
-1.799608
 21
-7.79496
 31
0.0
  0
LINE
  5
238
330
17
100
AcDbEntity
  8
LOGO_ENGRAVE
100
AcDbLine
 10
-1.799608
 20
-7.79496
 30
0.0
 11
-1.935376
 21
-7.762368
 31
0.0
  0
LINE
  5
239
330
17
100
AcDbEntity
  8
LOGO_ENGRAVE
100
AcDbLine
 10
-1.935376
 20
-7.762368
 30
0.0
 11
-2.070552
 21
-7.727408
 31
0.0
  0
LINE
  5
23A
330
17
100
AcDbEntity
  8
LOGO_ENGRAVE
100
AcDbLine
 10
-2.070552
 20
-7.727408
 30
0.0
 11
-2.205096
 21
-7.690096
 31
0.0
  0
LINE
  5
23B
330
17
100
AcDbEntity
  8
LOGO_ENGRAVE
100
AcDbLine
 10
-2.205096
 20
-7.690096
 30
0.0
 11
-2.338976
 21
-7.65044
 31
0.0
  0
LINE
  5
23C
330
17
100
AcDbEntity
  8
LOGO_ENGRAVE
100
AcDbLine
 10
-2.338976
 20
-7.65044
 30
0.0
 11
-2.472136
 21
-7.608456
 31
0.0
  0
LINE
  5
23D
330
17
100
AcDbEntity
  8
LOGO_ENGRAVE
100
AcDbLine
 10
-2.472136
 20
-7.608456
 30
0.0
 11
-2.604544
 21
-7.564152
 31
0.0
  0
LINE
  5
23E
330
17
100
AcDbEntity
  8
LOGO_ENGRAVE
100
AcDbLine
 10
-2.604544
 20
-7.564152
 30
0.0
 11
-2.73616
 21
-7.517544
 31
0.0
  0
LINE
  5
23F
330
17
100
AcDbEntity
  8
LOGO_ENGRAVE
100
AcDbLine
 10
-2.73616
 20
-7.517544
 30
0.0
 11
-2.866944
 21
-7.46864
 31
0.0
  0
LINE
  5
240
330
17
100
AcDbEntity
  8
LOGO_ENGRAVE
100
AcDbLine
 10
-2.866944
 20
-7.46864
 30
0.0
 11
-2.996856
 21
-7.417472
 31
0.0
  0
LINE
  5
241
330
17
100
AcDbEntity
  8
LOGO_ENGRAVE
100
AcDbLine
 10
-2.996856
 20
-7.417472
 30
0.0
 11
-3.125848
 21
-7.36404
 31
0.0
  0
LINE
  5
242
330
17
100
AcDbEntity
  8
LOGO_ENGRAVE
100
AcDbLine
 10
-3.125848
 20
-7.36404
 30
0.0
 11
-3.253896
 21
-7.30836
 31
0.0
  0
LINE
  5
243
330
17
100
AcDbEntity
  8
LOGO_ENGRAVE
100
AcDbLine
 10
-3.253896
 20
-7.30836
 30
0.0
 11
-3.380944
 21
-7.250464
 31
0.0
  0
LINE
  5
244
330
17
100
AcDbEntity
  8
LOGO_ENGRAVE
100
AcDbLine
 10
-3.380944
 20
-7.250464
 30
0.0
 11
-3.506968
 21
-7.190352
 31
0.0
  0
LINE
  5
245
330
17
100
AcDbEntity
  8
LOGO_ENGRAVE
100
AcDbLine
 10
-3.506968
 20
-7.190352
 30
0.0
 11
-3.63192
 21
-7.128056
 31
0.0
  0
LINE
  5
246
330
17
100
AcDbEntity
  8
LOGO_ENGRAVE
100
AcDbLine
 10
-3.63192
 20
-7.128056
 30
0.0
 11
-3.755776
 21
-7.063584
 31
0.0
  0
LINE
  5
247
330
17
100
AcDbEntity
  8
LOGO_ENGRAVE
100
AcDbLine
 10
-3.755776
 20
-7.063584
 30
0.0
 11
-3.87848
 21
-6.99696
 31
0.0
  0
LINE
  5
248
330
17
100
AcDbEntity
  8
LOGO_ENGRAVE
100
AcDbLine
 10
-3.87848
 20
-6.99696
 30
0.0
 11
-4.0
 21
-6.9282
 31
0.0
  0
LINE
  5
249
330
17
100
AcDbEntity
  8
LOGO_ENGRAVE
100
AcDbLine
 10
-4.0
 20
-6.9282
 30
0.0
 11
-4.120304
 21
-6.857336
 31
0.0
  0
LINE
  5
24A
330
17
100
AcDbEntity
  8
LOGO_ENGRAVE
100
AcDbLine
 10
-4.120304
 20
-6.857336
 30
0.0
 11
-4.239352
 21
-6.784384
 31
0.0
  0
LINE
  5
24B
330
17
100
AcDbEntity
  8
LOGO_ENGRAVE
100
AcDbLine
 10
-4.239352
 20
-6.784384
 30
0.0
 11
-4.357112
 21
-6.709368
 31
0.0
  0
LINE
  5
24C
330
17
100
AcDbEntity
  8
LOGO_ENGRAVE
100
AcDbLine
 10
-4.357112
 20
-6.709368
 30
0.0
 11
-4.473544
 21
-6.632304
 31
0.0
  0
LINE
  5
24D
330
17
100
AcDbEntity
  8
LOGO_ENGRAVE
100
AcDbLine
 10
-4.473544
 20
-6.632304
 30
0.0
 11
-4.588608
 21
-6.553216
 31
0.0
  0
LINE
  5
24E
330
17
100
AcDbEntity
  8
LOGO_ENGRAVE
100
AcDbLine
 10
-4.588608
 20
-6.553216
 30
0.0
 11
-4.70228
 21
-6.472136
 31
0.0
  0
LINE
  5
24F
330
17
100
AcDbEntity
  8
LOGO_ENGRAVE
100
AcDbLine
 10
-4.70228
 20
-6.472136
 30
0.0
 11
-4.81452
 21
-6.389088
 31
0.0
  0
LINE
  5
250
330
17
100
AcDbEntity
  8
LOGO_ENGRAVE
100
AcDbLine
 10
-4.81452
 20
-6.389088
 30
0.0
 11
-4.925288
 21
-6.304088
 31
0.0
  0
LINE
  5
251
330
17
100
AcDbEntity
  8
LOGO_ENGRAVE
100
AcDbLine
 10
-4.925288
 20
-6.304088
 30
0.0
 11
-5.03456
 21
-6.217168
 31
0.0
  0
LINE
  5
252
330
17
100
AcDbEntity
  8
LOGO_ENGRAVE
100
AcDbLine
 10
-5.03456
 20
-6.217168
 30
0.0
 11
-5.142304
 21
-6.128352
 31
0.0
  0
LINE
  5
253
330
17
100
AcDbEntity
  8
LOGO_ENGRAVE
100
AcDbLine
 10
-5.142304
 20
-6.128352
 30
0.0
 11
-5.248472
 21
-6.03768
 31
0.0
  0
LINE
  5
254
330
17
100
AcDbEntity
  8
LOGO_ENGRAVE
100
AcDbLine
 10
-5.248472
 20
-6.03768
 30
0.0
 11
-5.353048
 21
-5.94516
 31
0.0
  0
LINE
  5
255
330
17
100
AcDbEntity
  8
LOGO_ENGRAVE
100
AcDbLine
 10
-5.353048
 20
-5.94516
 30
0.0
 11
-5.455984
 21
-5.850832
 31
0.0
  0
LINE
  5
256
330
17
100
AcDbEntity
  8
LOGO_ENGRAVE
100
AcDbLine
 10
-5.455984
 20
-5.850832
 30
0.0
 11
-5.557264
 21
-5.75472
 31
0.0
  0
LINE
  5
257
330
17
100
AcDbEntity
  8
LOGO_ENGRAVE
100
AcDbLine
 10
-5.557264
 20
-5.75472
 30
0.0
 11
-5.656856
 21
-5.656856
 31
0.0
  0
LINE
  5
258
330
17
100
AcDbEntity
  8
LOGO_ENGRAVE
100
AcDbLine
 10
-5.656856
 20
-5.656856
 30
0.0
 11
-5.75472
 21
-5.557264
 31
0.0
  0
LINE
  5
259
330
17
100
AcDbEntity
  8
LOGO_ENGRAVE
100
AcDbLine
 10
-5.75472
 20
-5.557264
 30
0.0
 11
-5.850832
 21
-5.455984
 31
0.0
  0
LINE
  5
25A
330
17
100
AcDbEntity
  8
LOGO_ENGRAVE
100
AcDbLine
 10
-5.850832
 20
-5.455984
 30
0.0
 11
-5.923776
 21
-5.376376
 31
0.0
  0
LINE
  5
25B
330
17
100
AcDbEntity
  8
LOGO_ENGRAVE
100
AcDbLine
 10
-5.923776
 20
-5.376376
 30
0.0
 11
-5.820568
 21
-5.350352
 31
0.0
  0
LINE
  5
25C
330
17
100
AcDbEntity
  8
LOGO_ENGRAVE
100
AcDbLine
 10
-5.820568
 20
-5.350352
 30
0.0
 11
-5.673032
 21
-5.309256
 31
0.0
  0
LINE
  5
25D
330
17
100
AcDbEntity
  8
LOGO_ENGRAVE
100
AcDbLine
 10
-5.673032
 20
-5.309256
 30
0.0
 11
-5.526352
 21
-5.265
 31
0.0
  0
LINE
  5
25E
330
17
100
AcDbEntity
  8
LOGO_ENGRAVE
100
AcDbLine
 10
-5.526352
 20
-5.265
 30
0.0
 11
-5.380656
 21
-5.218184
 31
0.0
  0
LINE
  5
25F
330
17
100
AcDbEntity
  8
LOGO_ENGRAVE
100
AcDbLine
 10
-5.380656
 20
-5.218184
 30
0.0
 11
-5.23604
 21
-5.169528
 31
0.0
  0
LINE
  5
260
330
17
100
AcDbEntity
  8
LOGO_ENGRAVE
100
AcDbLine
 10
-5.23604
 20
-5.169528
 30
0.0
 11
-5.092624
 21
-5.119824
 31
0.0
  0
LINE
  5
261
330
17
100
AcDbEntity
  8
LOGO_ENGRAVE
100
AcDbLine
 10
-5.092624
 20
-5.119824
 30
0.0
 11
-4.950488
 21
-5.069936
 31
0.0
  0
LINE
  5
262
330
17
100
AcDbEntity
  8
LOGO_ENGRAVE
100
AcDbLine
 10
-4.950488
 20
-5.069936
 30
0.0
 11
-4.809736
 21
-5.020776
 31
0.0
  0
LINE
  5
263
330
17
100
AcDbEntity
  8
LOGO_ENGRAVE
100
AcDbLine
 10
-4.809736
 20
-5.020776
 30
0.0
 11
-4.670432
 21
-4.973272
 31
0.0
  0
LINE
  5
264
330
17
100
AcDbEntity
  8
LOGO_ENGRAVE
100
AcDbLine
 10
-4.670432
 20
-4.973272
 30
0.0
 11
-4.532664
 21
-4.92836
 31
0.0
  0
LINE
  5
265
330
17
100
AcDbEntity
  8
LOGO_ENGRAVE
100
AcDbLine
 10
-4.532664
 20
-4.92836
 30
0.0
 11
-4.396472
 21
-4.886928
 31
0.0
  0
LINE
  5
266
330
17
100
AcDbEntity
  8
LOGO_ENGRAVE
100
AcDbLine
 10
-4.396472
 20
-4.886928
 30
0.0
 11
-4.261864
 21
-4.849784
 31
0.0
  0
LINE
  5
267
330
17
100
AcDbEntity
  8
LOGO_ENGRAVE
100
AcDbLine
 10
-4.261864
 20
-4.849784
 30
0.0
 11
-4.128824
 21
-4.817664
 31
0.0
  0
LINE
  5
268
330
17
100
AcDbEntity
  8
LOGO_ENGRAVE
100
AcDbLine
 10
-4.128824
 20
-4.817664
 30
0.0
 11
-3.997248
 21
-4.79116
 31
0.0
  0
LINE
  5
269
330
17
100
AcDbEntity
  8
LOGO_ENGRAVE
100
AcDbLine
 10
-3.997248
 20
-4.79116
 30
0.0
 11
-3.86696
 21
-4.770744
 31
0.0
  0
LINE
  5
26A
330
17
100
AcDbEntity
  8
LOGO_ENGRAVE
100
AcDbLine
 10
-3.86696
 20
-4.770744
 30
0.0
 11
-3.737688
 21
-4.756752
 31
0.0
  0
LINE
  5
26B
330
17
100
AcDbEntity
  8
LOGO_ENGRAVE
100
AcDbLine
 10
-3.737688
 20
-4.756752
 30
0.0
 11
-3.60908
 21
-4.7494
 31
0.0
  0
LINE
  5
26C
330
17
100
AcDbEntity
  8
LOGO_ENGRAVE
100
AcDbLine
 10
-3.60908
 20
-4.7494
 30
0.0
 11
-3.480728
 21
-4.7488
 31
0.0
  0
LINE
  5
26D
330
17
100
AcDbEntity
  8
LOGO_ENGRAVE
100
AcDbLine
 10
-3.480728
 20
-4.7488
 30
0.0
 11
-3.3522
 21
-4.75496
 31
0.0
  0
LINE
  5
26E
330
17
100
AcDbEntity
  8
LOGO_ENGRAVE
100
AcDbLine
 10
-3.3522
 20
-4.75496
 30
0.0
 11
-3.223072
 21
-4.767784
 31
0.0
  0
LINE
  5
26F
330
17
100
AcDbEntity
  8
LOGO_ENGRAVE
100
AcDbLine
 10
-3.223072
 20
-4.767784
 30
0.0
 11
-3.092984
 21
-4.78708
 31
0.0
  0
LINE
  5
270
330
17
100
AcDbEntity
  8
LOGO_ENGRAVE
100
AcDbLine
 10
-3.092984
 20
-4.78708
 30
0.0
 11
-2.961648
 21
-4.812536
 31
0.0
  0
LINE
  5
271
330
17
100
AcDbEntity
  8
LOGO_ENGRAVE
100
AcDbLine
 10
-2.961648
 20
-4.812536
 30
0.0
 11
-2.82888
 21
-4.843704
 31
0.0
  0
LINE
  5
272
330
17
100
AcDbEntity
  8
LOGO_ENGRAVE
100
AcDbLine
 10
-2.82888
 20
-4.843704
 30
0.0
 11
-2.69456
 21
-4.88
 31
0.0
  0
LINE
  5
273
330
17
100
AcDbEntity
  8
LOGO_ENGRAVE
100
AcDbLine
 10
-2.69456
 20
-4.88
 30
0.0
 11
-2.558648
 21
-4.920728
 31
0.0
  0
LINE
  5
274
330
17
100
AcDbEntity
  8
LOGO_ENGRAVE
100
AcDbLine
 10
-2.558648
 20
-4.920728
 30
0.0
 11
-2.421152
 21
-4.965088
 31
0.0
  0
LINE
  5
275
330
17
100
AcDbEntity
  8
LOGO_ENGRAVE
100
AcDbLine
 10
-2.421152
 20
-4.965088
 30
0.0
 11
-2.28212
 21
-5.0122
 31
0.0
  0
LINE
  5
276
330
17
100
AcDbEntity
  8
LOGO_ENGRAVE
100
AcDbLine
 10
-2.28212
 20
-5.0122
 30
0.0
 11
-2.141616
 21
-5.061136
 31
0.0
  0
LINE
  5
277
330
17
100
AcDbEntity
  8
LOGO_ENGRAVE
100
AcDbLine
 10
-2.141616
 20
-5.061136
 30
0.0
 11
-1.99972
 21
-5.11096
 31
0.0
  0
LINE
  5
278
330
17
100
AcDbEntity
  8
LOGO_ENGRAVE
100
AcDbLine
 10
-1.99972
 20
-5.11096
 30
0.0
 11
-1.856528
 21
-5.16076
 31
0.0
  0
LINE
  5
279
330
17
100
AcDbEntity
  8
LOGO_ENGRAVE
100
AcDbLine
 10
-1.856528
 20
-5.16076
 30
0.0
 11
-1.71212
 21
-5.209664
 31
0.0
  0
LINE
  5
27A
330
17
100
AcDbEntity
  8
LOGO_ENGRAVE
100
AcDbLine
 10
-1.71212
 20
-5.209664
 30
0.0
 11
-1.566608
 21
-5.256864
 31
0.0
  0
LINE
  5
27B
330
17
100
AcDbEntity
  8
LOGO_ENGRAVE
100
AcDbLine
 10
-1.566608
 20
-5.256864
 30
0.0
 11
-1.420096
 21
-5.301624
 31
0.0
  0
LINE
  5
27C
330
17
100
AcDbEntity
  8
LOGO_ENGRAVE
100
AcDbLine
 10
-1.420096
 20
-5.301624
 30
0.0
 11
-1.272696
 21
-5.343312
 31
0.0
  0
LINE
  5
27D
330
17
100
AcDbEntity
  8
LOGO_ENGRAVE
100
AcDbLine
 10
-1.272696
 20
-5.343312
 30
0.0
 11
-1.124536
 21
-5.3814
 31
0.0
  0
LINE
  5
27E
330
17
100
AcDbEntity
  8
LOGO_ENGRAVE
100
AcDbLine
 10
-1.124536
 20
-5.3814
 30
0.0
 11
-0.975728
 21
-5.415448
 31
0.0
  0
LINE
  5
27F
330
17
100
AcDbEntity
  8
LOGO_ENGRAVE
100
AcDbLine
 10
-0.975728
 20
-5.415448
 30
0.0
 11
-0.826384
 21
-5.445104
 31
0.0
  0
LINE
  5
280
330
17
100
AcDbEntity
  8
LOGO_ENGRAVE
100
AcDbLine
 10
-0.826384
 20
-5.445104
 30
0.0
 11
-0.676632
 21
-5.47012
 31
0.0
  0
LINE
  5
281
330
17
100
AcDbEntity
  8
LOGO_ENGRAVE
100
AcDbLine
 10
-0.676632
 20
-5.47012
 30
0.0
 11
-0.52656
 21
-5.490304
 31
0.0
  0
LINE
  5
282
330
17
100
AcDbEntity
  8
LOGO_ENGRAVE
100
AcDbLine
 10
-0.52656
 20
-5.490304
 30
0.0
 11
-0.376264
 21
-5.505528
 31
0.0
  0
LINE
  5
283
330
17
100
AcDbEntity
  8
LOGO_ENGRAVE
100
AcDbLine
 10
-0.376264
 20
-5.505528
 30
0.0
 11
-0.225816
 21
-5.515712
 31
0.0
  0
LINE
  5
284
330
17
100
AcDbEntity
  8
LOGO_ENGRAVE
100
AcDbLine
 10
-0.225816
 20
-5.515712
 30
0.0
 11
-0.07527999999999999
 21
-5.520816
 31
0.0
  0
LINE
  5
285
330
17
100
AcDbEntity
  8
LOGO_ENGRAVE
100
AcDbLine
 10
-0.07528
 20
-5.520816
 30
0.0
 11
0.07528
 21
-5.520816
 31
0.0
  0
LINE
  5
286
330
17
100
AcDbEntity
  8
LOGO_ENGRAVE
100
AcDbLine
 10
0.07528
 20
-5.520816
 30
0.0
 11
0.22581600000000002
 21
-5.515712
 31
0.0
  0
LINE
  5
287
330
17
100
AcDbEntity
  8
LOGO_ENGRAVE
100
AcDbLine
 10
0.225816
 20
-5.515712
 30
0.0
 11
0.376264
 21
-5.505528
 31
0.0
  0
LINE
  5
288
330
17
100
AcDbEntity
  8
LOGO_ENGRAVE
100
AcDbLine
 10
0.376264
 20
-5.505528
 30
0.0
 11
0.52656
 21
-5.490304
 31
0.0
  0
LINE
  5
289
330
17
100
AcDbEntity
  8
LOGO_ENGRAVE
100
AcDbLine
 10
0.52656
 20
-5.490304
 30
0.0
 11
0.676632
 21
-5.47012
 31
0.0
  0
LINE
  5
28A
330
17
100
AcDbEntity
  8
LOGO_ENGRAVE
100
AcDbLine
 10
0.676632
 20
-5.47012
 30
0.0
 11
0.826384
 21
-5.445104
 31
0.0
  0
LINE
  5
28B
330
17
100
AcDbEntity
  8
LOGO_ENGRAVE
100
AcDbLine
 10
0.826384
 20
-5.445104
 30
0.0
 11
0.975728
 21
-5.415448
 31
0.0
  0
LINE
  5
28C
330
17
100
AcDbEntity
  8
LOGO_ENGRAVE
100
AcDbLine
 10
0.975728
 20
-5.415448
 30
0.0
 11
1.124536
 21
-5.3814
 31
0.0
  0
LINE
  5
28D
330
17
100
AcDbEntity
  8
LOGO_ENGRAVE
100
AcDbLine
 10
1.124536
 20
-5.3814
 30
0.0
 11
1.272696
 21
-5.343312
 31
0.0
  0
LINE
  5
28E
330
17
100
AcDbEntity
  8
LOGO_ENGRAVE
100
AcDbLine
 10
1.272696
 20
-5.343312
 30
0.0
 11
1.420096
 21
-5.301624
 31
0.0
  0
LINE
  5
28F
330
17
100
AcDbEntity
  8
LOGO_ENGRAVE
100
AcDbLine
 10
1.420096
 20
-5.301624
 30
0.0
 11
1.566608
 21
-5.256864
 31
0.0
  0
LINE
  5
290
330
17
100
AcDbEntity
  8
LOGO_ENGRAVE
100
AcDbLine
 10
1.566608
 20
-5.256864
 30
0.0
 11
1.71212
 21
-5.209664
 31
0.0
  0
LINE
  5
291
330
17
100
AcDbEntity
  8
LOGO_ENGRAVE
100
AcDbLine
 10
1.71212
 20
-5.209664
 30
0.0
 11
1.856528
 21
-5.16076
 31
0.0
  0
LINE
  5
292
330
17
100
AcDbEntity
  8
LOGO_ENGRAVE
100
AcDbLine
 10
1.856528
 20
-5.16076
 30
0.0
 11
1.99972
 21
-5.11096
 31
0.0
  0
LINE
  5
293
330
17
100
AcDbEntity
  8
LOGO_ENGRAVE
100
AcDbLine
 10
1.99972
 20
-5.11096
 30
0.0
 11
2.141616
 21
-5.061136
 31
0.0
  0
LINE
  5
294
330
17
100
AcDbEntity
  8
LOGO_ENGRAVE
100
AcDbLine
 10
2.141616
 20
-5.061136
 30
0.0
 11
2.28212
 21
-5.0122
 31
0.0
  0
LINE
  5
295
330
17
100
AcDbEntity
  8
LOGO_ENGRAVE
100
AcDbLine
 10
2.28212
 20
-5.0122
 30
0.0
 11
2.421152
 21
-4.965088
 31
0.0
  0
LINE
  5
296
330
17
100
AcDbEntity
  8
LOGO_ENGRAVE
100
AcDbLine
 10
2.421152
 20
-4.965088
 30
0.0
 11
2.558648
 21
-4.920728
 31
0.0
  0
LINE
  5
297
330
17
100
AcDbEntity
  8
LOGO_ENGRAVE
100
AcDbLine
 10
2.558648
 20
-4.920728
 30
0.0
 11
2.69456
 21
-4.88
 31
0.0
  0
LINE
  5
298
330
17
100
AcDbEntity
  8
LOGO_ENGRAVE
100
AcDbLine
 10
2.69456
 20
-4.88
 30
0.0
 11
2.82888
 21
-4.843704
 31
0.0
  0
LINE
  5
299
330
17
100
AcDbEntity
  8
LOGO_ENGRAVE
100
AcDbLine
 10
2.82888
 20
-4.843704
 30
0.0
 11
2.961648
 21
-4.812536
 31
0.0
  0
LINE
  5
29A
330
17
100
AcDbEntity
  8
LOGO_ENGRAVE
100
AcDbLine
 10
2.961648
 20
-4.812536
 30
0.0
 11
3.092984
 21
-4.78708
 31
0.0
  0
LINE
  5
29B
330
17
100
AcDbEntity
  8
LOGO_ENGRAVE
100
AcDbLine
 10
3.092984
 20
-4.78708
 30
0.0
 11
3.223072
 21
-4.767784
 31
0.0
  0
LINE
  5
29C
330
17
100
AcDbEntity
  8
LOGO_ENGRAVE
100
AcDbLine
 10
3.223072
 20
-4.767784
 30
0.0
 11
3.3522
 21
-4.75496
 31
0.0
  0
LINE
  5
29D
330
17
100
AcDbEntity
  8
LOGO_ENGRAVE
100
AcDbLine
 10
3.3522
 20
-4.75496
 30
0.0
 11
3.480728
 21
-4.7488
 31
0.0
  0
LINE
  5
29E
330
17
100
AcDbEntity
  8
LOGO_ENGRAVE
100
AcDbLine
 10
3.480728
 20
-4.7488
 30
0.0
 11
3.60908
 21
-4.7494
 31
0.0
  0
LINE
  5
29F
330
17
100
AcDbEntity
  8
LOGO_ENGRAVE
100
AcDbLine
 10
3.60908
 20
-4.7494
 30
0.0
 11
3.737688
 21
-4.756752
 31
0.0
  0
LINE
  5
2A0
330
17
100
AcDbEntity
  8
LOGO_ENGRAVE
100
AcDbLine
 10
3.737688
 20
-4.756752
 30
0.0
 11
3.86696
 21
-4.770744
 31
0.0
  0
LINE
  5
2A1
330
17
100
AcDbEntity
  8
LOGO_ENGRAVE
100
AcDbLine
 10
3.86696
 20
-4.770744
 30
0.0
 11
3.997248
 21
-4.79116
 31
0.0
  0
LINE
  5
2A2
330
17
100
AcDbEntity
  8
LOGO_ENGRAVE
100
AcDbLine
 10
3.997248
 20
-4.79116
 30
0.0
 11
4.128824
 21
-4.817664
 31
0.0
  0
LINE
  5
2A3
330
17
100
AcDbEntity
  8
LOGO_ENGRAVE
100
AcDbLine
 10
4.128824
 20
-4.817664
 30
0.0
 11
4.261864
 21
-4.849784
 31
0.0
  0
LINE
  5
2A4
330
17
100
AcDbEntity
  8
LOGO_ENGRAVE
100
AcDbLine
 10
4.261864
 20
-4.849784
 30
0.0
 11
4.396472
 21
-4.886928
 31
0.0
  0
LINE
  5
2A5
330
17
100
AcDbEntity
  8
LOGO_ENGRAVE
100
AcDbLine
 10
4.396472
 20
-4.886928
 30
0.0
 11
4.532664
 21
-4.92836
 31
0.0
  0
LINE
  5
2A6
330
17
100
AcDbEntity
  8
LOGO_ENGRAVE
100
AcDbLine
 10
4.532664
 20
-4.92836
 30
0.0
 11
4.670432
 21
-4.973272
 31
0.0
  0
LINE
  5
2A7
330
17
100
AcDbEntity
  8
LOGO_ENGRAVE
100
AcDbLine
 10
4.670432
 20
-4.973272
 30
0.0
 11
4.809736
 21
-5.020776
 31
0.0
  0
LINE
  5
2A8
330
17
100
AcDbEntity
  8
LOGO_ENGRAVE
100
AcDbLine
 10
4.809736
 20
-5.020776
 30
0.0
 11
4.950488
 21
-5.069936
 31
0.0
  0
LINE
  5
2A9
330
17
100
AcDbEntity
  8
LOGO_ENGRAVE
100
AcDbLine
 10
4.950488
 20
-5.069936
 30
0.0
 11
5.092624
 21
-5.119824
 31
0.0
  0
LINE
  5
2AA
330
17
100
AcDbEntity
  8
LOGO_ENGRAVE
100
AcDbLine
 10
5.092624
 20
-5.119824
 30
0.0
 11
5.23604
 21
-5.169528
 31
0.0
  0
LINE
  5
2AB
330
17
100
AcDbEntity
  8
LOGO_ENGRAVE
100
AcDbLine
 10
5.23604
 20
-5.169528
 30
0.0
 11
5.380656
 21
-5.218184
 31
0.0
  0
LINE
  5
2AC
330
17
100
AcDbEntity
  8
LOGO_ENGRAVE
100
AcDbLine
 10
5.380656
 20
-5.218184
 30
0.0
 11
5.526352
 21
-5.265
 31
0.0
  0
LINE
  5
2AD
330
17
100
AcDbEntity
  8
LOGO_ENGRAVE
100
AcDbLine
 10
5.526352
 20
-5.265
 30
0.0
 11
5.673032
 21
-5.309256
 31
0.0
  0
LINE
  5
2AE
330
17
100
AcDbEntity
  8
LOGO_ENGRAVE
100
AcDbLine
 10
5.673032
 20
-5.309256
 30
0.0
 11
5.820568
 21
-5.350352
 31
0.0
  0
LINE
  5
2AF
330
17
100
AcDbEntity
  8
LOGO_ENGRAVE
100
AcDbLine
 10
5.820568
 20
-5.350352
 30
0.0
 11
5.923776
 21
-5.376376
 31
0.0
  0
LINE
  5
2B0
330
17
100
AcDbEntity
  8
LOGO_ENGRAVE
100
AcDbLine
 10
6.99024
 20
-3.890344
 30
0.0
 11
6.9282
 21
-4.0
 31
0.0
  0
LINE
  5
2B1
330
17
100
AcDbEntity
  8
LOGO_ENGRAVE
100
AcDbLine
 10
6.9282
 20
-4.0
 30
0.0
 11
6.857336
 21
-4.120304
 31
0.0
  0
LINE
  5
2B2
330
17
100
AcDbEntity
  8
LOGO_ENGRAVE
100
AcDbLine
 10
6.857336
 20
-4.120304
 30
0.0
 11
6.784384
 21
-4.239352
 31
0.0
  0
LINE
  5
2B3
330
17
100
AcDbEntity
  8
LOGO_ENGRAVE
100
AcDbLine
 10
6.784384
 20
-4.239352
 30
0.0
 11
6.709368
 21
-4.357112
 31
0.0
  0
LINE
  5
2B4
330
17
100
AcDbEntity
  8
LOGO_ENGRAVE
100
AcDbLine
 10
6.709368
 20
-4.357112
 30
0.0
 11
6.632304
 21
-4.473544
 31
0.0
  0
LINE
  5
2B5
330
17
100
AcDbEntity
  8
LOGO_ENGRAVE
100
AcDbLine
 10
6.632304
 20
-4.473544
 30
0.0
 11
6.553216
 21
-4.588608
 31
0.0
  0
LINE
  5
2B6
330
17
100
AcDbEntity
  8
LOGO_ENGRAVE
100
AcDbLine
 10
6.553216
 20
-4.588608
 30
0.0
 11
6.472136
 21
-4.70228
 31
0.0
  0
LINE
  5
2B7
330
17
100
AcDbEntity
  8
LOGO_ENGRAVE
100
AcDbLine
 10
6.472136
 20
-4.70228
 30
0.0
 11
6.389088
 21
-4.81452
 31
0.0
  0
LINE
  5
2B8
330
17
100
AcDbEntity
  8
LOGO_ENGRAVE
100
AcDbLine
 10
6.389088
 20
-4.81452
 30
0.0
 11
6.304088
 21
-4.925288
 31
0.0
  0
LINE
  5
2B9
330
17
100
AcDbEntity
  8
LOGO_ENGRAVE
100
AcDbLine
 10
6.304088
 20
-4.925288
 30
0.0
 11
6.298552
 21
-4.932248
 31
0.0
  0
LINE
  5
2BA
330
17
100
AcDbEntity
  8
LOGO_ENGRAVE
100
AcDbLine
 10
6.298552
 20
-4.932248
 30
0.0
 11
6.222656
 21
-4.917584
 31
0.0
  0
LINE
  5
2BB
330
17
100
AcDbEntity
  8
LOGO_ENGRAVE
100
AcDbLine
 10
6.222656
 20
-4.917584
 30
0.0
 11
6.08788
 21
-4.887448
 31
0.0
  0
LINE
  5
2BC
330
17
100
AcDbEntity
  8
LOGO_ENGRAVE
100
AcDbLine
 10
6.08788
 20
-4.887448
 30
0.0
 11
5.95248
 21
-4.853288
 31
0.0
  0
LINE
  5
2BD
330
17
100
AcDbEntity
  8
LOGO_ENGRAVE
100
AcDbLine
 10
5.95248
 20
-4.853288
 30
0.0
 11
5.816336
 21
-4.815368
 31
0.0
  0
LINE
  5
2BE
330
17
100
AcDbEntity
  8
LOGO_ENGRAVE
100
AcDbLine
 10
5.816336
 20
-4.815368
 30
0.0
 11
5.67932
 21
-4.774016
 31
0.0
  0
LINE
  5
2BF
330
17
100
AcDbEntity
  8
LOGO_ENGRAVE
100
AcDbLine
 10
5.67932
 20
-4.774016
 30
0.0
 11
5.541328
 21
-4.729672
 31
0.0
  0
LINE
  5
2C0
330
17
100
AcDbEntity
  8
LOGO_ENGRAVE
100
AcDbLine
 10
5.541328
 20
-4.729672
 30
0.0
 11
5.402256
 21
-4.682872
 31
0.0
  0
LINE
  5
2C1
330
17
100
AcDbEntity
  8
LOGO_ENGRAVE
100
AcDbLine
 10
5.402256
 20
-4.682872
 30
0.0
 11
5.261984
 21
-4.634256
 31
0.0
  0
LINE
  5
2C2
330
17
100
AcDbEntity
  8
LOGO_ENGRAVE
100
AcDbLine
 10
5.261984
 20
-4.634256
 30
0.0
 11
5.120432
 21
-4.584568
 31
0.0
  0
LINE
  5
2C3
330
17
100
AcDbEntity
  8
LOGO_ENGRAVE
100
AcDbLine
 10
5.120432
 20
-4.584568
 30
0.0
 11
4.977504
 21
-4.534648
 31
0.0
  0
LINE
  5
2C4
330
17
100
AcDbEntity
  8
LOGO_ENGRAVE
100
AcDbLine
 10
4.977504
 20
-4.534648
 30
0.0
 11
4.833112
 21
-4.485424
 31
0.0
  0
LINE
  5
2C5
330
17
100
AcDbEntity
  8
LOGO_ENGRAVE
100
AcDbLine
 10
4.833112
 20
-4.485424
 30
0.0
 11
4.687192
 21
-4.437864
 31
0.0
  0
LINE
  5
2C6
330
17
100
AcDbEntity
  8
LOGO_ENGRAVE
100
AcDbLine
 10
4.687192
 20
-4.437864
 30
0.0
 11
4.539704
 21
-4.393016
 31
0.0
  0
LINE
  5
2C7
330
17
100
AcDbEntity
  8
LOGO_ENGRAVE
100
AcDbLine
 10
4.539704
 20
-4.393016
 30
0.0
 11
4.390616
 21
-4.351904
 31
0.0
  0
LINE
  5
2C8
330
17
100
AcDbEntity
  8
LOGO_ENGRAVE
100
AcDbLine
 10
4.390616
 20
-4.351904
 30
0.0
 11
4.239968
 21
-4.31556
 31
0.0
  0
LINE
  5
2C9
330
17
100
AcDbEntity
  8
LOGO_ENGRAVE
100
AcDbLine
 10
4.239968
 20
-4.31556
 30
0.0
 11
4.087856
 21
-4.284944
 31
0.0
  0
LINE
  5
2CA
330
17
100
AcDbEntity
  8
LOGO_ENGRAVE
100
AcDbLine
 10
4.087856
 20
-4.284944
 30
0.0
 11
3.934456
 21
-4.260928
 31
0.0
  0
LINE
  5
2CB
330
17
100
AcDbEntity
  8
LOGO_ENGRAVE
100
AcDbLine
 10
3.934456
 20
-4.260928
 30
0.0
 11
3.78004
 21
-4.244232
 31
0.0
  0
LINE
  5
2CC
330
17
100
AcDbEntity
  8
LOGO_ENGRAVE
100
AcDbLine
 10
3.78004
 20
-4.244232
 30
0.0
 11
3.62496
 21
-4.235384
 31
0.0
  0
LINE
  5
2CD
330
17
100
AcDbEntity
  8
LOGO_ENGRAVE
100
AcDbLine
 10
3.62496
 20
-4.235384
 30
0.0
 11
3.469624
 21
-4.234656
 31
0.0
  0
LINE
  5
2CE
330
17
100
AcDbEntity
  8
LOGO_ENGRAVE
100
AcDbLine
 10
3.469624
 20
-4.234656
 30
0.0
 11
3.314464
 21
-4.24208
 31
0.0
  0
LINE
  5
2CF
330
17
100
AcDbEntity
  8
LOGO_ENGRAVE
100
AcDbLine
 10
3.314464
 20
-4.24208
 30
0.0
 11
3.159904
 21
-4.257416
 31
0.0
  0
LINE
  5
2D0
330
17
100
AcDbEntity
  8
LOGO_ENGRAVE
100
AcDbLine
 10
3.159904
 20
-4.257416
 30
0.0
 11
3.006304
 21
-4.280176
 31
0.0
  0
LINE
  5
2D1
330
17
100
AcDbEntity
  8
LOGO_ENGRAVE
100
AcDbLine
 10
3.006304
 20
-4.280176
 30
0.0
 11
2.853952
 21
-4.30968
 31
0.0
  0
LINE
  5
2D2
330
17
100
AcDbEntity
  8
LOGO_ENGRAVE
100
AcDbLine
 10
2.853952
 20
-4.30968
 30
0.0
 11
2.703032
 21
-4.34508
 31
0.0
  0
LINE
  5
2D3
330
17
100
AcDbEntity
  8
LOGO_ENGRAVE
100
AcDbLine
 10
2.703032
 20
-4.34508
 30
0.0
 11
2.553664
 21
-4.385416
 31
0.0
  0
LINE
  5
2D4
330
17
100
AcDbEntity
  8
LOGO_ENGRAVE
100
AcDbLine
 10
2.553664
 20
-4.385416
 30
0.0
 11
2.405888
 21
-4.42968
 31
0.0
  0
LINE
  5
2D5
330
17
100
AcDbEntity
  8
LOGO_ENGRAVE
100
AcDbLine
 10
2.405888
 20
-4.42968
 30
0.0
 11
2.259696
 21
-4.476832
 31
0.0
  0
LINE
  5
2D6
330
17
100
AcDbEntity
  8
LOGO_ENGRAVE
100
AcDbLine
 10
2.259696
 20
-4.476832
 30
0.0
 11
2.11504
 21
-4.525832
 31
0.0
  0
LINE
  5
2D7
330
17
100
AcDbEntity
  8
LOGO_ENGRAVE
100
AcDbLine
 10
2.11504
 20
-4.525832
 30
0.0
 11
1.971856
 21
-4.575704
 31
0.0
  0
LINE
  5
2D8
330
17
100
AcDbEntity
  8
LOGO_ENGRAVE
100
AcDbLine
 10
1.971856
 20
-4.575704
 30
0.0
 11
1.830064
 21
-4.625496
 31
0.0
  0
LINE
  5
2D9
330
17
100
AcDbEntity
  8
LOGO_ENGRAVE
100
AcDbLine
 10
1.830064
 20
-4.625496
 30
0.0
 11
1.689576
 21
-4.674352
 31
0.0
  0
LINE
  5
2DA
330
17
100
AcDbEntity
  8
LOGO_ENGRAVE
100
AcDbLine
 10
1.689576
 20
-4.674352
 30
0.0
 11
1.550296
 21
-4.721528
 31
0.0
  0
LINE
  5
2DB
330
17
100
AcDbEntity
  8
LOGO_ENGRAVE
100
AcDbLine
 10
1.550296
 20
-4.721528
 30
0.0
 11
1.41212
 21
-4.766352
 31
0.0
  0
LINE
  5
2DC
330
17
100
AcDbEntity
  8
LOGO_ENGRAVE
100
AcDbLine
 10
1.41212
 20
-4.766352
 30
0.0
 11
1.274944
 21
-4.808272
 31
0.0
  0
LINE
  5
2DD
330
17
100
AcDbEntity
  8
LOGO_ENGRAVE
100
AcDbLine
 10
1.274944
 20
-4.808272
 30
0.0
 11
1.138648
 21
-4.846832
 31
0.0
  0
LINE
  5
2DE
330
17
100
AcDbEntity
  8
LOGO_ENGRAVE
100
AcDbLine
 10
1.138648
 20
-4.846832
 30
0.0
 11
1.003128
 21
-4.881672
 31
0.0
  0
LINE
  5
2DF
330
17
100
AcDbEntity
  8
LOGO_ENGRAVE
100
AcDbLine
 10
1.003128
 20
-4.881672
 30
0.0
 11
0.868248
 21
-4.912544
 31
0.0
  0
LINE
  5
2E0
330
17
100
AcDbEntity
  8
LOGO_ENGRAVE
100
AcDbLine
 10
0.868248
 20
-4.912544
 30
0.0
 11
0.733896
 21
-4.939232
 31
0.0
  0
LINE
  5
2E1
330
17
100
AcDbEntity
  8
LOGO_ENGRAVE
100
AcDbLine
 10
0.733896
 20
-4.939232
 30
0.0
 11
0.59996
 21
-4.961608
 31
0.0
  0
LINE
  5
2E2
330
17
100
AcDbEntity
  8
LOGO_ENGRAVE
100
AcDbLine
 10
0.59996
 20
-4.961608
 30
0.0
 11
0.466344
 21
-4.979576
 31
0.0
  0
LINE
  5
2E3
330
17
100
AcDbEntity
  8
LOGO_ENGRAVE
100
AcDbLine
 10
0.466344
 20
-4.979576
 30
0.0
 11
0.33296
 21
-4.993088
 31
0.0
  0
LINE
  5
2E4
330
17
100
AcDbEntity
  8
LOGO_ENGRAVE
100
AcDbLine
 10
0.33296
 20
-4.993088
 30
0.0
 11
0.19972
 21
-5.002112
 31
0.0
  0
LINE
  5
2E5
330
17
100
AcDbEntity
  8
LOGO_ENGRAVE
100
AcDbLine
 10
0.19972
 20
-5.002112
 30
0.0
 11
0.06656000000000001
 21
-5.006632
 31
0.0
  0
LINE
  5
2E6
330
17
100
AcDbEntity
  8
LOGO_ENGRAVE
100
AcDbLine
 10
0.06656
 20
-5.006632
 30
0.0
 11
-0.06656
 21
-5.006632
 31
0.0
  0
LINE
  5
2E7
330
17
100
AcDbEntity
  8
LOGO_ENGRAVE
100
AcDbLine
 10
-0.06656
 20
-5.006632
 30
0.0
 11
-0.19972
 21
-5.002112
 31
0.0
  0
LINE
  5
2E8
330
17
100
AcDbEntity
  8
LOGO_ENGRAVE
100
AcDbLine
 10
-0.19972
 20
-5.002112
 30
0.0
 11
-0.33296
 21
-4.993088
 31
0.0
  0
LINE
  5
2E9
330
17
100
AcDbEntity
  8
LOGO_ENGRAVE
100
AcDbLine
 10
-0.33296
 20
-4.993088
 30
0.0
 11
-0.466344
 21
-4.979576
 31
0.0
  0
LINE
  5
2EA
330
17
100
AcDbEntity
  8
LOGO_ENGRAVE
100
AcDbLine
 10
-0.466344
 20
-4.979576
 30
0.0
 11
-0.59996
 21
-4.961608
 31
0.0
  0
LINE
  5
2EB
330
17
100
AcDbEntity
  8
LOGO_ENGRAVE
100
AcDbLine
 10
-0.59996
 20
-4.961608
 30
0.0
 11
-0.733896
 21
-4.939232
 31
0.0
  0
LINE
  5
2EC
330
17
100
AcDbEntity
  8
LOGO_ENGRAVE
100
AcDbLine
 10
-0.733896
 20
-4.939232
 30
0.0
 11
-0.868248
 21
-4.912544
 31
0.0
  0
LINE
  5
2ED
330
17
100
AcDbEntity
  8
LOGO_ENGRAVE
100
AcDbLine
 10
-0.868248
 20
-4.912544
 30
0.0
 11
-1.003128
 21
-4.881672
 31
0.0
  0
LINE
  5
2EE
330
17
100
AcDbEntity
  8
LOGO_ENGRAVE
100
AcDbLine
 10
-1.003128
 20
-4.881672
 30
0.0
 11
-1.138648
 21
-4.846832
 31
0.0
  0
LINE
  5
2EF
330
17
100
AcDbEntity
  8
LOGO_ENGRAVE
100
AcDbLine
 10
-1.138648
 20
-4.846832
 30
0.0
 11
-1.274944
 21
-4.808272
 31
0.0
  0
LINE
  5
2F0
330
17
100
AcDbEntity
  8
LOGO_ENGRAVE
100
AcDbLine
 10
-1.274944
 20
-4.808272
 30
0.0
 11
-1.41212
 21
-4.766352
 31
0.0
  0
LINE
  5
2F1
330
17
100
AcDbEntity
  8
LOGO_ENGRAVE
100
AcDbLine
 10
-1.41212
 20
-4.766352
 30
0.0
 11
-1.550296
 21
-4.721528
 31
0.0
  0
LINE
  5
2F2
330
17
100
AcDbEntity
  8
LOGO_ENGRAVE
100
AcDbLine
 10
-1.550296
 20
-4.721528
 30
0.0
 11
-1.689576
 21
-4.674352
 31
0.0
  0
LINE
  5
2F3
330
17
100
AcDbEntity
  8
LOGO_ENGRAVE
100
AcDbLine
 10
-1.689576
 20
-4.674352
 30
0.0
 11
-1.830064
 21
-4.625496
 31
0.0
  0
LINE
  5
2F4
330
17
100
AcDbEntity
  8
LOGO_ENGRAVE
100
AcDbLine
 10
-1.830064
 20
-4.625496
 30
0.0
 11
-1.971856
 21
-4.575704
 31
0.0
  0
LINE
  5
2F5
330
17
100
AcDbEntity
  8
LOGO_ENGRAVE
100
AcDbLine
 10
-1.971856
 20
-4.575704
 30
0.0
 11
-2.11504
 21
-4.525832
 31
0.0
  0
LINE
  5
2F6
330
17
100
AcDbEntity
  8
LOGO_ENGRAVE
100
AcDbLine
 10
-2.11504
 20
-4.525832
 30
0.0
 11
-2.259696
 21
-4.476832
 31
0.0
  0
LINE
  5
2F7
330
17
100
AcDbEntity
  8
LOGO_ENGRAVE
100
AcDbLine
 10
-2.259696
 20
-4.476832
 30
0.0
 11
-2.405888
 21
-4.42968
 31
0.0
  0
LINE
  5
2F8
330
17
100
AcDbEntity
  8
LOGO_ENGRAVE
100
AcDbLine
 10
-2.405888
 20
-4.42968
 30
0.0
 11
-2.553664
 21
-4.385416
 31
0.0
  0
LINE
  5
2F9
330
17
100
AcDbEntity
  8
LOGO_ENGRAVE
100
AcDbLine
 10
-2.553664
 20
-4.385416
 30
0.0
 11
-2.703032
 21
-4.34508
 31
0.0
  0
LINE
  5
2FA
330
17
100
AcDbEntity
  8
LOGO_ENGRAVE
100
AcDbLine
 10
-2.703032
 20
-4.34508
 30
0.0
 11
-2.853952
 21
-4.30968
 31
0.0
  0
LINE
  5
2FB
330
17
100
AcDbEntity
  8
LOGO_ENGRAVE
100
AcDbLine
 10
-2.853952
 20
-4.30968
 30
0.0
 11
-3.006304
 21
-4.280176
 31
0.0
  0
LINE
  5
2FC
330
17
100
AcDbEntity
  8
LOGO_ENGRAVE
100
AcDbLine
 10
-3.006304
 20
-4.280176
 30
0.0
 11
-3.159904
 21
-4.257416
 31
0.0
  0
LINE
  5
2FD
330
17
100
AcDbEntity
  8
LOGO_ENGRAVE
100
AcDbLine
 10
-3.159904
 20
-4.257416
 30
0.0
 11
-3.314464
 21
-4.24208
 31
0.0
  0
LINE
  5
2FE
330
17
100
AcDbEntity
  8
LOGO_ENGRAVE
100
AcDbLine
 10
-3.314464
 20
-4.24208
 30
0.0
 11
-3.469624
 21
-4.234656
 31
0.0
  0
LINE
  5
2FF
330
17
100
AcDbEntity
  8
LOGO_ENGRAVE
100
AcDbLine
 10
-3.469624
 20
-4.234656
 30
0.0
 11
-3.62496
 21
-4.235384
 31
0.0
  0
LINE
  5
300
330
17
100
AcDbEntity
  8
LOGO_ENGRAVE
100
AcDbLine
 10
-3.62496
 20
-4.235384
 30
0.0
 11
-3.78004
 21
-4.244232
 31
0.0
  0
LINE
  5
301
330
17
100
AcDbEntity
  8
LOGO_ENGRAVE
100
AcDbLine
 10
-3.78004
 20
-4.244232
 30
0.0
 11
-3.934456
 21
-4.260928
 31
0.0
  0
LINE
  5
302
330
17
100
AcDbEntity
  8
LOGO_ENGRAVE
100
AcDbLine
 10
-3.934456
 20
-4.260928
 30
0.0
 11
-4.087856
 21
-4.284944
 31
0.0
  0
LINE
  5
303
330
17
100
AcDbEntity
  8
LOGO_ENGRAVE
100
AcDbLine
 10
-4.087856
 20
-4.284944
 30
0.0
 11
-4.239968
 21
-4.31556
 31
0.0
  0
LINE
  5
304
330
17
100
AcDbEntity
  8
LOGO_ENGRAVE
100
AcDbLine
 10
-4.239968
 20
-4.31556
 30
0.0
 11
-4.390616
 21
-4.351904
 31
0.0
  0
LINE
  5
305
330
17
100
AcDbEntity
  8
LOGO_ENGRAVE
100
AcDbLine
 10
-4.390616
 20
-4.351904
 30
0.0
 11
-4.539704
 21
-4.393016
 31
0.0
  0
LINE
  5
306
330
17
100
AcDbEntity
  8
LOGO_ENGRAVE
100
AcDbLine
 10
-4.539704
 20
-4.393016
 30
0.0
 11
-4.687192
 21
-4.437864
 31
0.0
  0
LINE
  5
307
330
17
100
AcDbEntity
  8
LOGO_ENGRAVE
100
AcDbLine
 10
-4.687192
 20
-4.437864
 30
0.0
 11
-4.833112
 21
-4.485424
 31
0.0
  0
LINE
  5
308
330
17
100
AcDbEntity
  8
LOGO_ENGRAVE
100
AcDbLine
 10
-4.833112
 20
-4.485424
 30
0.0
 11
-4.977504
 21
-4.534648
 31
0.0
  0
LINE
  5
309
330
17
100
AcDbEntity
  8
LOGO_ENGRAVE
100
AcDbLine
 10
-4.977504
 20
-4.534648
 30
0.0
 11
-5.120432
 21
-4.584568
 31
0.0
  0
LINE
  5
30A
330
17
100
AcDbEntity
  8
LOGO_ENGRAVE
100
AcDbLine
 10
-5.120432
 20
-4.584568
 30
0.0
 11
-5.261984
 21
-4.634256
 31
0.0
  0
LINE
  5
30B
330
17
100
AcDbEntity
  8
LOGO_ENGRAVE
100
AcDbLine
 10
-5.261984
 20
-4.634256
 30
0.0
 11
-5.402256
 21
-4.682872
 31
0.0
  0
LINE
  5
30C
330
17
100
AcDbEntity
  8
LOGO_ENGRAVE
100
AcDbLine
 10
-5.402256
 20
-4.682872
 30
0.0
 11
-5.541328
 21
-4.729672
 31
0.0
  0
LINE
  5
30D
330
17
100
AcDbEntity
  8
LOGO_ENGRAVE
100
AcDbLine
 10
-5.541328
 20
-4.729672
 30
0.0
 11
-5.67932
 21
-4.774016
 31
0.0
  0
LINE
  5
30E
330
17
100
AcDbEntity
  8
LOGO_ENGRAVE
100
AcDbLine
 10
-5.67932
 20
-4.774016
 30
0.0
 11
-5.816336
 21
-4.815368
 31
0.0
  0
LINE
  5
30F
330
17
100
AcDbEntity
  8
LOGO_ENGRAVE
100
AcDbLine
 10
-5.816336
 20
-4.815368
 30
0.0
 11
-5.95248
 21
-4.853288
 31
0.0
  0
LINE
  5
310
330
17
100
AcDbEntity
  8
LOGO_ENGRAVE
100
AcDbLine
 10
-5.95248
 20
-4.853288
 30
0.0
 11
-6.08788
 21
-4.887448
 31
0.0
  0
LINE
  5
311
330
17
100
AcDbEntity
  8
LOGO_ENGRAVE
100
AcDbLine
 10
-6.08788
 20
-4.887448
 30
0.0
 11
-6.222656
 21
-4.917584
 31
0.0
  0
LINE
  5
312
330
17
100
AcDbEntity
  8
LOGO_ENGRAVE
100
AcDbLine
 10
-6.222656
 20
-4.917584
 30
0.0
 11
-6.298552
 21
-4.932248
 31
0.0
  0
LINE
  5
313
330
17
100
AcDbEntity
  8
LOGO_ENGRAVE
100
AcDbLine
 10
-6.298552
 20
-4.932248
 30
0.0
 11
-6.304088
 21
-4.925288
 31
0.0
  0
LINE
  5
314
330
17
100
AcDbEntity
  8
LOGO_ENGRAVE
100
AcDbLine
 10
-6.304088
 20
-4.925288
 30
0.0
 11
-6.389088
 21
-4.81452
 31
0.0
  0
LINE
  5
315
330
17
100
AcDbEntity
  8
LOGO_ENGRAVE
100
AcDbLine
 10
-6.389088
 20
-4.81452
 30
0.0
 11
-6.472136
 21
-4.70228
 31
0.0
  0
LINE
  5
316
330
17
100
AcDbEntity
  8
LOGO_ENGRAVE
100
AcDbLine
 10
-6.472136
 20
-4.70228
 30
0.0
 11
-6.553216
 21
-4.588608
 31
0.0
  0
LINE
  5
317
330
17
100
AcDbEntity
  8
LOGO_ENGRAVE
100
AcDbLine
 10
-6.553216
 20
-4.588608
 30
0.0
 11
-6.632304
 21
-4.473544
 31
0.0
  0
LINE
  5
318
330
17
100
AcDbEntity
  8
LOGO_ENGRAVE
100
AcDbLine
 10
-6.632304
 20
-4.473544
 30
0.0
 11
-6.709368
 21
-4.357112
 31
0.0
  0
LINE
  5
319
330
17
100
AcDbEntity
  8
LOGO_ENGRAVE
100
AcDbLine
 10
-6.709368
 20
-4.357112
 30
0.0
 11
-6.784384
 21
-4.239352
 31
0.0
  0
LINE
  5
31A
330
17
100
AcDbEntity
  8
LOGO_ENGRAVE
100
AcDbLine
 10
-6.784384
 20
-4.239352
 30
0.0
 11
-6.857336
 21
-4.120304
 31
0.0
  0
LINE
  5
31B
330
17
100
AcDbEntity
  8
LOGO_ENGRAVE
100
AcDbLine
 10
-6.857336
 20
-4.120304
 30
0.0
 11
-6.9282
 21
-4.0
 31
0.0
  0
LINE
  5
31C
330
17
100
AcDbEntity
  8
LOGO_ENGRAVE
100
AcDbLine
 10
-6.9282
 20
-4.0
 30
0.0
 11
-6.99024
 21
-3.890344
 31
0.0
  0
LINE
  5
31D
330
17
100
AcDbEntity
  8
LOGO_ENGRAVE
100
AcDbLine
 10
-6.99024
 20
-3.890344
 30
0.0
 11
-6.84268
 21
-3.872952
 31
0.0
  0
LINE
  5
31E
330
17
100
AcDbEntity
  8
LOGO_ENGRAVE
100
AcDbLine
 10
-6.84268
 20
-3.872952
 30
0.0
 11
-6.692336
 21
-3.85032
 31
0.0
  0
LINE
  5
31F
330
17
100
AcDbEntity
  8
LOGO_ENGRAVE
100
AcDbLine
 10
-6.692336
 20
-3.85032
 30
0.0
 11
-6.542584
 21
-3.823128
 31
0.0
  0
LINE
  5
320
330
17
100
AcDbEntity
  8
LOGO_ENGRAVE
100
AcDbLine
 10
-6.542584
 20
-3.823128
 30
0.0
 11
-6.39352
 21
-3.791736
 31
0.0
  0
LINE
  5
321
330
17
100
AcDbEntity
  8
LOGO_ENGRAVE
100
AcDbLine
 10
-6.39352
 20
-3.791736
 30
0.0
 11
-6.24524
 21
-3.756544
 31
0.0
  0
LINE
  5
322
330
17
100
AcDbEntity
  8
LOGO_ENGRAVE
100
AcDbLine
 10
-6.24524
 20
-3.756544
 30
0.0
 11
-6.0978
 21
-3.718024
 31
0.0
  0
LINE
  5
323
330
17
100
AcDbEntity
  8
LOGO_ENGRAVE
100
AcDbLine
 10
-6.0978
 20
-3.718024
 30
0.0
 11
-5.951272
 21
-3.676704
 31
0.0
  0
LINE
  5
324
330
17
100
AcDbEntity
  8
LOGO_ENGRAVE
100
AcDbLine
 10
-5.951272
 20
-3.676704
 30
0.0
 11
-5.80572
 21
-3.633144
 31
0.0
  0
LINE
  5
325
330
17
100
AcDbEntity
  8
LOGO_ENGRAVE
100
AcDbLine
 10
-5.80572
 20
-3.633144
 30
0.0
 11
-5.661176
 21
-3.587968
 31
0.0
  0
LINE
  5
326
330
17
100
AcDbEntity
  8
LOGO_ENGRAVE
100
AcDbLine
 10
-5.661176
 20
-3.587968
 30
0.0
 11
-5.517704
 21
-3.541816
 31
0.0
  0
LINE
  5
327
330
17
100
AcDbEntity
  8
LOGO_ENGRAVE
100
AcDbLine
 10
-5.517704
 20
-3.541816
 30
0.0
 11
-5.375328
 21
-3.49536
 31
0.0
  0
LINE
  5
328
330
17
100
AcDbEntity
  8
LOGO_ENGRAVE
100
AcDbLine
 10
-5.375328
 20
-3.49536
 30
0.0
 11
-5.234104
 21
-3.449304
 31
0.0
  0
LINE
  5
329
330
17
100
AcDbEntity
  8
LOGO_ENGRAVE
100
AcDbLine
 10
-5.234104
 20
-3.449304
 30
0.0
 11
-5.094048
 21
-3.404328
 31
0.0
  0
LINE
  5
32A
330
17
100
AcDbEntity
  8
LOGO_ENGRAVE
100
AcDbLine
 10
-5.094048
 20
-3.404328
 30
0.0
 11
-4.955208
 21
-3.361128
 31
0.0
  0
LINE
  5
32B
330
17
100
AcDbEntity
  8
LOGO_ENGRAVE
100
AcDbLine
 10
-4.955208
 20
-3.361128
 30
0.0
 11
-4.817584
 21
-3.32036
 31
0.0
  0
LINE
  5
32C
330
17
100
AcDbEntity
  8
LOGO_ENGRAVE
100
AcDbLine
 10
-4.817584
 20
-3.32036
 30
0.0
 11
-4.681192
 21
-3.282648
 31
0.0
  0
LINE
  5
32D
330
17
100
AcDbEntity
  8
LOGO_ENGRAVE
100
AcDbLine
 10
-4.681192
 20
-3.282648
 30
0.0
 11
-4.546024
 21
-3.24856
 31
0.0
  0
LINE
  5
32E
330
17
100
AcDbEntity
  8
LOGO_ENGRAVE
100
AcDbLine
 10
-4.546024
 20
-3.24856
 30
0.0
 11
-4.412024
 21
-3.218608
 31
0.0
  0
LINE
  5
32F
330
17
100
AcDbEntity
  8
LOGO_ENGRAVE
100
AcDbLine
 10
-4.412024
 20
-3.218608
 30
0.0
 11
-4.27912
 21
-3.193208
 31
0.0
  0
LINE
  5
330
330
17
100
AcDbEntity
  8
LOGO_ENGRAVE
100
AcDbLine
 10
-4.27912
 20
-3.193208
 30
0.0
 11
-4.147184
 21
-3.17272
 31
0.0
  0
LINE
  5
331
330
17
100
AcDbEntity
  8
LOGO_ENGRAVE
100
AcDbLine
 10
-4.147184
 20
-3.17272
 30
0.0
 11
-4.016056
 21
-3.157408
 31
0.0
  0
LINE
  5
332
330
17
100
AcDbEntity
  8
LOGO_ENGRAVE
100
AcDbLine
 10
-4.016056
 20
-3.157408
 30
0.0
 11
-3.885528
 21
-3.14748
 31
0.0
  0
LINE
  5
333
330
17
100
AcDbEntity
  8
LOGO_ENGRAVE
100
AcDbLine
 10
-3.885528
 20
-3.14748
 30
0.0
 11
-3.755344
 21
-3.14304
 31
0.0
  0
LINE
  5
334
330
17
100
AcDbEntity
  8
LOGO_ENGRAVE
100
AcDbLine
 10
-3.755344
 20
-3.14304
 30
0.0
 11
-3.625248
 21
-3.14416
 31
0.0
  0
LINE
  5
335
330
17
100
AcDbEntity
  8
LOGO_ENGRAVE
100
AcDbLine
 10
-3.625248
 20
-3.14416
 30
0.0
 11
-3.49496
 21
-3.150808
 31
0.0
  0
LINE
  5
336
330
17
100
AcDbEntity
  8
LOGO_ENGRAVE
100
AcDbLine
 10
-3.49496
 20
-3.150808
 30
0.0
 11
-3.364216
 21
-3.16292
 31
0.0
  0
LINE
  5
337
330
17
100
AcDbEntity
  8
LOGO_ENGRAVE
100
AcDbLine
 10
-3.364216
 20
-3.16292
 30
0.0
 11
-3.232792
 21
-3.180328
 31
0.0
  0
LINE
  5
338
330
17
100
AcDbEntity
  8
LOGO_ENGRAVE
100
AcDbLine
 10
-3.232792
 20
-3.180328
 30
0.0
 11
-3.10048
 21
-3.202824
 31
0.0
  0
LINE
  5
339
330
17
100
AcDbEntity
  8
LOGO_ENGRAVE
100
AcDbLine
 10
-3.10048
 20
-3.202824
 30
0.0
 11
-2.967152
 21
-3.230104
 31
0.0
  0
LINE
  5
33A
330
17
100
AcDbEntity
  8
LOGO_ENGRAVE
100
AcDbLine
 10
-2.967152
 20
-3.230104
 30
0.0
 11
-2.832688
 21
-3.261776
 31
0.0
  0
LINE
  5
33B
330
17
100
AcDbEntity
  8
LOGO_ENGRAVE
100
AcDbLine
 10
-2.832688
 20
-3.261776
 30
0.0
 11
-2.697024
 21
-3.297384
 31
0.0
  0
LINE
  5
33C
330
17
100
AcDbEntity
  8
LOGO_ENGRAVE
100
AcDbLine
 10
-2.697024
 20
-3.297384
 30
0.0
 11
-2.560144
 21
-3.336392
 31
0.0
  0
LINE
  5
33D
330
17
100
AcDbEntity
  8
LOGO_ENGRAVE
100
AcDbLine
 10
-2.560144
 20
-3.336392
 30
0.0
 11
-2.422032
 21
-3.378208
 31
0.0
  0
LINE
  5
33E
330
17
100
AcDbEntity
  8
LOGO_ENGRAVE
100
AcDbLine
 10
-2.422032
 20
-3.378208
 30
0.0
 11
-2.282696
 21
-3.4222
 31
0.0
  0
LINE
  5
33F
330
17
100
AcDbEntity
  8
LOGO_ENGRAVE
100
AcDbLine
 10
-2.282696
 20
-3.4222
 30
0.0
 11
-2.142168
 21
-3.467696
 31
0.0
  0
LINE
  5
340
330
17
100
AcDbEntity
  8
LOGO_ENGRAVE
100
AcDbLine
 10
-2.142168
 20
-3.467696
 30
0.0
 11
-2.00048
 21
-3.513992
 31
0.0
  0
LINE
  5
341
330
17
100
AcDbEntity
  8
LOGO_ENGRAVE
100
AcDbLine
 10
-2.00048
 20
-3.513992
 30
0.0
 11
-1.857656
 21
-3.560408
 31
0.0
  0
LINE
  5
342
330
17
100
AcDbEntity
  8
LOGO_ENGRAVE
100
AcDbLine
 10
-1.857656
 20
-3.560408
 30
0.0
 11
-1.713752
 21
-3.606248
 31
0.0
  0
LINE
  5
343
330
17
100
AcDbEntity
  8
LOGO_ENGRAVE
100
AcDbLine
 10
-1.713752
 20
-3.606248
 30
0.0
 11
-1.5688
 21
-3.650856
 31
0.0
  0
LINE
  5
344
330
17
100
AcDbEntity
  8
LOGO_ENGRAVE
100
AcDbLine
 10
-1.5688
 20
-3.650856
 30
0.0
 11
-1.422848
 21
-3.693584
 31
0.0
  0
LINE
  5
345
330
17
100
AcDbEntity
  8
LOGO_ENGRAVE
100
AcDbLine
 10
-1.422848
 20
-3.693584
 30
0.0
 11
-1.275952
 21
-3.733848
 31
0.0
  0
LINE
  5
346
330
17
100
AcDbEntity
  8
LOGO_ENGRAVE
100
AcDbLine
 10
-1.275952
 20
-3.733848
 30
0.0
 11
-1.12816
 21
-3.771088
 31
0.0
  0
LINE
  5
347
330
17
100
AcDbEntity
  8
LOGO_ENGRAVE
100
AcDbLine
 10
-1.12816
 20
-3.771088
 30
0.0
 11
-0.979552
 21
-3.804816
 31
0.0
  0
LINE
  5
348
330
17
100
AcDbEntity
  8
LOGO_ENGRAVE
100
AcDbLine
 10
-0.979552
 20
-3.804816
 30
0.0
 11
-0.830208
 21
-3.834568
 31
0.0
  0
LINE
  5
349
330
17
100
AcDbEntity
  8
LOGO_ENGRAVE
100
AcDbLine
 10
-0.830208
 20
-3.834568
 30
0.0
 11
-0.6802
 21
-3.859968
 31
0.0
  0
LINE
  5
34A
330
17
100
AcDbEntity
  8
LOGO_ENGRAVE
100
AcDbLine
 10
-0.6802
 20
-3.859968
 30
0.0
 11
-0.529648
 21
-3.88068
 31
0.0
  0
LINE
  5
34B
330
17
100
AcDbEntity
  8
LOGO_ENGRAVE
100
AcDbLine
 10
-0.529648
 20
-3.88068
 30
0.0
 11
-0.378648
 21
-3.896456
 31
0.0
  0
LINE
  5
34C
330
17
100
AcDbEntity
  8
LOGO_ENGRAVE
100
AcDbLine
 10
-0.378648
 20
-3.896456
 30
0.0
 11
-0.22732
 21
-3.90708
 31
0.0
  0
LINE
  5
34D
330
17
100
AcDbEntity
  8
LOGO_ENGRAVE
100
AcDbLine
 10
-0.22732
 20
-3.90708
 30
0.0
 11
-0.075792
 21
-3.912424
 31
0.0
  0
LINE
  5
34E
330
17
100
AcDbEntity
  8
LOGO_ENGRAVE
100
AcDbLine
 10
-0.075792
 20
-3.912424
 30
0.0
 11
0.075792
 21
-3.912424
 31
0.0
  0
LINE
  5
34F
330
17
100
AcDbEntity
  8
LOGO_ENGRAVE
100
AcDbLine
 10
0.075792
 20
-3.912424
 30
0.0
 11
0.22732
 21
-3.90708
 31
0.0
  0
LINE
  5
350
330
17
100
AcDbEntity
  8
LOGO_ENGRAVE
100
AcDbLine
 10
0.22732
 20
-3.90708
 30
0.0
 11
0.378648
 21
-3.896456
 31
0.0
  0
LINE
  5
351
330
17
100
AcDbEntity
  8
LOGO_ENGRAVE
100
AcDbLine
 10
0.378648
 20
-3.896456
 30
0.0
 11
0.529648
 21
-3.88068
 31
0.0
  0
LINE
  5
352
330
17
100
AcDbEntity
  8
LOGO_ENGRAVE
100
AcDbLine
 10
0.529648
 20
-3.88068
 30
0.0
 11
0.6802
 21
-3.859968
 31
0.0
  0
LINE
  5
353
330
17
100
AcDbEntity
  8
LOGO_ENGRAVE
100
AcDbLine
 10
0.6802
 20
-3.859968
 30
0.0
 11
0.830208
 21
-3.834568
 31
0.0
  0
LINE
  5
354
330
17
100
AcDbEntity
  8
LOGO_ENGRAVE
100
AcDbLine
 10
0.830208
 20
-3.834568
 30
0.0
 11
0.979552
 21
-3.804816
 31
0.0
  0
LINE
  5
355
330
17
100
AcDbEntity
  8
LOGO_ENGRAVE
100
AcDbLine
 10
0.979552
 20
-3.804816
 30
0.0
 11
1.12816
 21
-3.771088
 31
0.0
  0
LINE
  5
356
330
17
100
AcDbEntity
  8
LOGO_ENGRAVE
100
AcDbLine
 10
1.12816
 20
-3.771088
 30
0.0
 11
1.275952
 21
-3.733848
 31
0.0
  0
LINE
  5
357
330
17
100
AcDbEntity
  8
LOGO_ENGRAVE
100
AcDbLine
 10
1.275952
 20
-3.733848
 30
0.0
 11
1.422848
 21
-3.693584
 31
0.0
  0
LINE
  5
358
330
17
100
AcDbEntity
  8
LOGO_ENGRAVE
100
AcDbLine
 10
1.422848
 20
-3.693584
 30
0.0
 11
1.5688
 21
-3.650856
 31
0.0
  0
LINE
  5
359
330
17
100
AcDbEntity
  8
LOGO_ENGRAVE
100
AcDbLine
 10
1.5688
 20
-3.650856
 30
0.0
 11
1.713752
 21
-3.606248
 31
0.0
  0
LINE
  5
35A
330
17
100
AcDbEntity
  8
LOGO_ENGRAVE
100
AcDbLine
 10
1.713752
 20
-3.606248
 30
0.0
 11
1.857656
 21
-3.560408
 31
0.0
  0
LINE
  5
35B
330
17
100
AcDbEntity
  8
LOGO_ENGRAVE
100
AcDbLine
 10
1.857656
 20
-3.560408
 30
0.0
 11
2.00048
 21
-3.513992
 31
0.0
  0
LINE
  5
35C
330
17
100
AcDbEntity
  8
LOGO_ENGRAVE
100
AcDbLine
 10
2.00048
 20
-3.513992
 30
0.0
 11
2.142168
 21
-3.467696
 31
0.0
  0
LINE
  5
35D
330
17
100
AcDbEntity
  8
LOGO_ENGRAVE
100
AcDbLine
 10
2.142168
 20
-3.467696
 30
0.0
 11
2.282696
 21
-3.4222
 31
0.0
  0
LINE
  5
35E
330
17
100
AcDbEntity
  8
LOGO_ENGRAVE
100
AcDbLine
 10
2.282696
 20
-3.4222
 30
0.0
 11
2.422032
 21
-3.378208
 31
0.0
  0
LINE
  5
35F
330
17
100
AcDbEntity
  8
LOGO_ENGRAVE
100
AcDbLine
 10
2.422032
 20
-3.378208
 30
0.0
 11
2.560144
 21
-3.336392
 31
0.0
  0
LINE
  5
360
330
17
100
AcDbEntity
  8
LOGO_ENGRAVE
100
AcDbLine
 10
2.560144
 20
-3.336392
 30
0.0
 11
2.697024
 21
-3.297384
 31
0.0
  0
LINE
  5
361
330
17
100
AcDbEntity
  8
LOGO_ENGRAVE
100
AcDbLine
 10
2.697024
 20
-3.297384
 30
0.0
 11
2.832688
 21
-3.261776
 31
0.0
  0
LINE
  5
362
330
17
100
AcDbEntity
  8
LOGO_ENGRAVE
100
AcDbLine
 10
2.832688
 20
-3.261776
 30
0.0
 11
2.967152
 21
-3.230104
 31
0.0
  0
LINE
  5
363
330
17
100
AcDbEntity
  8
LOGO_ENGRAVE
100
AcDbLine
 10
2.967152
 20
-3.230104
 30
0.0
 11
3.10048
 21
-3.202824
 31
0.0
  0
LINE
  5
364
330
17
100
AcDbEntity
  8
LOGO_ENGRAVE
100
AcDbLine
 10
3.10048
 20
-3.202824
 30
0.0
 11
3.232792
 21
-3.180328
 31
0.0
  0
LINE
  5
365
330
17
100
AcDbEntity
  8
LOGO_ENGRAVE
100
AcDbLine
 10
3.232792
 20
-3.180328
 30
0.0
 11
3.364216
 21
-3.16292
 31
0.0
  0
LINE
  5
366
330
17
100
AcDbEntity
  8
LOGO_ENGRAVE
100
AcDbLine
 10
3.364216
 20
-3.16292
 30
0.0
 11
3.49496
 21
-3.150808
 31
0.0
  0
LINE
  5
367
330
17
100
AcDbEntity
  8
LOGO_ENGRAVE
100
AcDbLine
 10
3.49496
 20
-3.150808
 30
0.0
 11
3.625248
 21
-3.14416
 31
0.0
  0
LINE
  5
368
330
17
100
AcDbEntity
  8
LOGO_ENGRAVE
100
AcDbLine
 10
3.625248
 20
-3.14416
 30
0.0
 11
3.755344
 21
-3.14304
 31
0.0
  0
LINE
  5
369
330
17
100
AcDbEntity
  8
LOGO_ENGRAVE
100
AcDbLine
 10
3.755344
 20
-3.14304
 30
0.0
 11
3.885528
 21
-3.14748
 31
0.0
  0
LINE
  5
36A
330
17
100
AcDbEntity
  8
LOGO_ENGRAVE
100
AcDbLine
 10
3.885528
 20
-3.14748
 30
0.0
 11
4.016056
 21
-3.157408
 31
0.0
  0
LINE
  5
36B
330
17
100
AcDbEntity
  8
LOGO_ENGRAVE
100
AcDbLine
 10
4.016056
 20
-3.157408
 30
0.0
 11
4.147184
 21
-3.17272
 31
0.0
  0
LINE
  5
36C
330
17
100
AcDbEntity
  8
LOGO_ENGRAVE
100
AcDbLine
 10
4.147184
 20
-3.17272
 30
0.0
 11
4.27912
 21
-3.193208
 31
0.0
  0
LINE
  5
36D
330
17
100
AcDbEntity
  8
LOGO_ENGRAVE
100
AcDbLine
 10
4.27912
 20
-3.193208
 30
0.0
 11
4.412024
 21
-3.218608
 31
0.0
  0
LINE
  5
36E
330
17
100
AcDbEntity
  8
LOGO_ENGRAVE
100
AcDbLine
 10
4.412024
 20
-3.218608
 30
0.0
 11
4.546024
 21
-3.24856
 31
0.0
  0
LINE
  5
36F
330
17
100
AcDbEntity
  8
LOGO_ENGRAVE
100
AcDbLine
 10
4.546024
 20
-3.24856
 30
0.0
 11
4.681192
 21
-3.282648
 31
0.0
  0
LINE
  5
370
330
17
100
AcDbEntity
  8
LOGO_ENGRAVE
100
AcDbLine
 10
4.681192
 20
-3.282648
 30
0.0
 11
4.817584
 21
-3.32036
 31
0.0
  0
LINE
  5
371
330
17
100
AcDbEntity
  8
LOGO_ENGRAVE
100
AcDbLine
 10
4.817584
 20
-3.32036
 30
0.0
 11
4.955208
 21
-3.361128
 31
0.0
  0
LINE
  5
372
330
17
100
AcDbEntity
  8
LOGO_ENGRAVE
100
AcDbLine
 10
4.955208
 20
-3.361128
 30
0.0
 11
5.094048
 21
-3.404328
 31
0.0
  0
LINE
  5
373
330
17
100
AcDbEntity
  8
LOGO_ENGRAVE
100
AcDbLine
 10
5.094048
 20
-3.404328
 30
0.0
 11
5.234104
 21
-3.449304
 31
0.0
  0
LINE
  5
374
330
17
100
AcDbEntity
  8
LOGO_ENGRAVE
100
AcDbLine
 10
5.234104
 20
-3.449304
 30
0.0
 11
5.375328
 21
-3.49536
 31
0.0
  0
LINE
  5
375
330
17
100
AcDbEntity
  8
LOGO_ENGRAVE
100
AcDbLine
 10
5.375328
 20
-3.49536
 30
0.0
 11
5.517704
 21
-3.541816
 31
0.0
  0
LINE
  5
376
330
17
100
AcDbEntity
  8
LOGO_ENGRAVE
100
AcDbLine
 10
5.517704
 20
-3.541816
 30
0.0
 11
5.661176
 21
-3.587968
 31
0.0
  0
LINE
  5
377
330
17
100
AcDbEntity
  8
LOGO_ENGRAVE
100
AcDbLine
 10
5.661176
 20
-3.587968
 30
0.0
 11
5.80572
 21
-3.633144
 31
0.0
  0
LINE
  5
378
330
17
100
AcDbEntity
  8
LOGO_ENGRAVE
100
AcDbLine
 10
5.80572
 20
-3.633144
 30
0.0
 11
5.951272
 21
-3.676704
 31
0.0
  0
LINE
  5
379
330
17
100
AcDbEntity
  8
LOGO_ENGRAVE
100
AcDbLine
 10
5.951272
 20
-3.676704
 30
0.0
 11
6.0978
 21
-3.718024
 31
0.0
  0
LINE
  5
37A
330
17
100
AcDbEntity
  8
LOGO_ENGRAVE
100
AcDbLine
 10
6.0978
 20
-3.718024
 30
0.0
 11
6.24524
 21
-3.756544
 31
0.0
  0
LINE
  5
37B
330
17
100
AcDbEntity
  8
LOGO_ENGRAVE
100
AcDbLine
 10
6.24524
 20
-3.756544
 30
0.0
 11
6.39352
 21
-3.791736
 31
0.0
  0
LINE
  5
37C
330
17
100
AcDbEntity
  8
LOGO_ENGRAVE
100
AcDbLine
 10
6.39352
 20
-3.791736
 30
0.0
 11
6.542584
 21
-3.823128
 31
0.0
  0
LINE
  5
37D
330
17
100
AcDbEntity
  8
LOGO_ENGRAVE
100
AcDbLine
 10
6.542584
 20
-3.823128
 30
0.0
 11
6.692336
 21
-3.85032
 31
0.0
  0
LINE
  5
37E
330
17
100
AcDbEntity
  8
LOGO_ENGRAVE
100
AcDbLine
 10
6.692336
 20
-3.85032
 30
0.0
 11
6.84268
 21
-3.872952
 31
0.0
  0
LINE
  5
37F
330
17
100
AcDbEntity
  8
LOGO_ENGRAVE
100
AcDbLine
 10
6.84268
 20
-3.872952
 30
0.0
 11
6.99024
 21
-3.890344
 31
0.0
  0
LINE
  5
380
330
17
100
AcDbEntity
  8
LOGO_ENGRAVE
100
AcDbLine
 10
7.741456
 20
-2.016232
 30
0.0
 11
7.727408
 21
-2.070552
 31
0.0
  0
LINE
  5
381
330
17
100
AcDbEntity
  8
LOGO_ENGRAVE
100
AcDbLine
 10
7.727408
 20
-2.070552
 30
0.0
 11
7.690096
 21
-2.205096
 31
0.0
  0
LINE
  5
382
330
17
100
AcDbEntity
  8
LOGO_ENGRAVE
100
AcDbLine
 10
7.690096
 20
-2.205096
 30
0.0
 11
7.65044
 21
-2.338976
 31
0.0
  0
LINE
  5
383
330
17
100
AcDbEntity
  8
LOGO_ENGRAVE
100
AcDbLine
 10
7.65044
 20
-2.338976
 30
0.0
 11
7.608456
 21
-2.472136
 31
0.0
  0
LINE
  5
384
330
17
100
AcDbEntity
  8
LOGO_ENGRAVE
100
AcDbLine
 10
7.608456
 20
-2.472136
 30
0.0
 11
7.564152
 21
-2.604544
 31
0.0
  0
LINE
  5
385
330
17
100
AcDbEntity
  8
LOGO_ENGRAVE
100
AcDbLine
 10
7.564152
 20
-2.604544
 30
0.0
 11
7.517544
 21
-2.73616
 31
0.0
  0
LINE
  5
386
330
17
100
AcDbEntity
  8
LOGO_ENGRAVE
100
AcDbLine
 10
7.517544
 20
-2.73616
 30
0.0
 11
7.46864
 21
-2.866944
 31
0.0
  0
LINE
  5
387
330
17
100
AcDbEntity
  8
LOGO_ENGRAVE
100
AcDbLine
 10
7.46864
 20
-2.866944
 30
0.0
 11
7.417472
 21
-2.996856
 31
0.0
  0
LINE
  5
388
330
17
100
AcDbEntity
  8
LOGO_ENGRAVE
100
AcDbLine
 10
7.417472
 20
-2.996856
 30
0.0
 11
7.36404
 21
-3.125848
 31
0.0
  0
LINE
  5
389
330
17
100
AcDbEntity
  8
LOGO_ENGRAVE
100
AcDbLine
 10
7.36404
 20
-3.125848
 30
0.0
 11
7.30836
 21
-3.253896
 31
0.0
  0
LINE
  5
38A
330
17
100
AcDbEntity
  8
LOGO_ENGRAVE
100
AcDbLine
 10
7.30836
 20
-3.253896
 30
0.0
 11
7.261744
 21
-3.356192
 31
0.0
  0
LINE
  5
38B
330
17
100
AcDbEntity
  8
LOGO_ENGRAVE
100
AcDbLine
 10
7.261744
 20
-3.356192
 30
0.0
 11
7.181512
 21
-3.352232
 31
0.0
  0
LINE
  5
38C
330
17
100
AcDbEntity
  8
LOGO_ENGRAVE
100
AcDbLine
 10
7.181512
 20
-3.352232
 30
0.0
 11
7.049032
 21
-3.341088
 31
0.0
  0
LINE
  5
38D
330
17
100
AcDbEntity
  8
LOGO_ENGRAVE
100
AcDbLine
 10
7.049032
 20
-3.341088
 30
0.0
 11
6.916184
 21
-3.325424
 31
0.0
  0
LINE
  5
38E
330
17
100
AcDbEntity
  8
LOGO_ENGRAVE
100
AcDbLine
 10
6.916184
 20
-3.325424
 30
0.0
 11
6.78284
 21
-3.305344
 31
0.0
  0
LINE
  5
38F
330
17
100
AcDbEntity
  8
LOGO_ENGRAVE
100
AcDbLine
 10
6.78284
 20
-3.305344
 30
0.0
 11
6.648904
 21
-3.281016
 31
0.0
  0
LINE
  5
390
330
17
100
AcDbEntity
  8
LOGO_ENGRAVE
100
AcDbLine
 10
6.648904
 20
-3.281016
 30
0.0
 11
6.51428
 21
-3.252656
 31
0.0
  0
LINE
  5
391
330
17
100
AcDbEntity
  8
LOGO_ENGRAVE
100
AcDbLine
 10
6.51428
 20
-3.252656
 30
0.0
 11
6.37888
 21
-3.220512
 31
0.0
  0
LINE
  5
392
330
17
100
AcDbEntity
  8
LOGO_ENGRAVE
100
AcDbLine
 10
6.37888
 20
-3.220512
 30
0.0
 11
6.242624
 21
-3.184904
 31
0.0
  0
LINE
  5
393
330
17
100
AcDbEntity
  8
LOGO_ENGRAVE
100
AcDbLine
 10
6.242624
 20
-3.184904
 30
0.0
 11
6.105464
 21
-3.146216
 31
0.0
  0
LINE
  5
394
330
17
100
AcDbEntity
  8
LOGO_ENGRAVE
100
AcDbLine
 10
6.105464
 20
-3.146216
 30
0.0
 11
5.967336
 21
-3.104872
 31
0.0
  0
LINE
  5
395
330
17
100
AcDbEntity
  8
LOGO_ENGRAVE
100
AcDbLine
 10
5.967336
 20
-3.104872
 30
0.0
 11
5.828184
 21
-3.061376
 31
0.0
  0
LINE
  5
396
330
17
100
AcDbEntity
  8
LOGO_ENGRAVE
100
AcDbLine
 10
5.828184
 20
-3.061376
 30
0.0
 11
5.687968
 21
-3.016264
 31
0.0
  0
LINE
  5
397
330
17
100
AcDbEntity
  8
LOGO_ENGRAVE
100
AcDbLine
 10
5.687968
 20
-3.016264
 30
0.0
 11
5.546656
 21
-2.97016
 31
0.0
  0
LINE
  5
398
330
17
100
AcDbEntity
  8
LOGO_ENGRAVE
100
AcDbLine
 10
5.546656
 20
-2.97016
 30
0.0
 11
5.404192
 21
-2.923696
 31
0.0
  0
LINE
  5
399
330
17
100
AcDbEntity
  8
LOGO_ENGRAVE
100
AcDbLine
 10
5.404192
 20
-2.923696
 30
0.0
 11
5.26056
 21
-2.877576
 31
0.0
  0
LINE
  5
39A
330
17
100
AcDbEntity
  8
LOGO_ENGRAVE
100
AcDbLine
 10
5.26056
 20
-2.877576
 30
0.0
 11
5.11572
 21
-2.83252
 31
0.0
  0
LINE
  5
39B
330
17
100
AcDbEntity
  8
LOGO_ENGRAVE
100
AcDbLine
 10
5.11572
 20
-2.83252
 30
0.0
 11
4.969648
 21
-2.789264
 31
0.0
  0
LINE
  5
39C
330
17
100
AcDbEntity
  8
LOGO_ENGRAVE
100
AcDbLine
 10
4.969648
 20
-2.789264
 30
0.0
 11
4.822352
 21
-2.748552
 31
0.0
  0
LINE
  5
39D
330
17
100
AcDbEntity
  8
LOGO_ENGRAVE
100
AcDbLine
 10
4.822352
 20
-2.748552
 30
0.0
 11
4.673832
 21
-2.711112
 31
0.0
  0
LINE
  5
39E
330
17
100
AcDbEntity
  8
LOGO_ENGRAVE
100
AcDbLine
 10
4.673832
 20
-2.711112
 30
0.0
 11
4.524144
 21
-2.677664
 31
0.0
  0
LINE
  5
39F
330
17
100
AcDbEntity
  8
LOGO_ENGRAVE
100
AcDbLine
 10
4.524144
 20
-2.677664
 30
0.0
 11
4.373368
 21
-2.648864
 31
0.0
  0
LINE
  5
3A0
330
17
100
AcDbEntity
  8
LOGO_ENGRAVE
100
AcDbLine
 10
4.373368
 20
-2.648864
 30
0.0
 11
4.221608
 21
-2.625312
 31
0.0
  0
LINE
  5
3A1
330
17
100
AcDbEntity
  8
LOGO_ENGRAVE
100
AcDbLine
 10
4.221608
 20
-2.625312
 30
0.0
 11
4.069048
 21
-2.60752
 31
0.0
  0
LINE
  5
3A2
330
17
100
AcDbEntity
  8
LOGO_ENGRAVE
100
AcDbLine
 10
4.069048
 20
-2.60752
 30
0.0
 11
3.915896
 21
-2.595872
 31
0.0
  0
LINE
  5
3A3
330
17
100
AcDbEntity
  8
LOGO_ENGRAVE
100
AcDbLine
 10
3.915896
 20
-2.595872
 30
0.0
 11
3.762384
 21
-2.590648
 31
0.0
  0
LINE
  5
3A4
330
17
100
AcDbEntity
  8
LOGO_ENGRAVE
100
AcDbLine
 10
3.762384
 20
-2.590648
 30
0.0
 11
3.608792
 21
-2.59196
 31
0.0
  0
LINE
  5
3A5
330
17
100
AcDbEntity
  8
LOGO_ENGRAVE
100
AcDbLine
 10
3.608792
 20
-2.59196
 30
0.0
 11
3.4554
 21
-2.599784
 31
0.0
  0
LINE
  5
3A6
330
17
100
AcDbEntity
  8
LOGO_ENGRAVE
100
AcDbLine
 10
3.4554
 20
-2.599784
 30
0.0
 11
3.302448
 21
-2.613944
 31
0.0
  0
LINE
  5
3A7
330
17
100
AcDbEntity
  8
LOGO_ENGRAVE
100
AcDbLine
 10
3.302448
 20
-2.613944
 30
0.0
 11
3.150192
 21
-2.634104
 31
0.0
  0
LINE
  5
3A8
330
17
100
AcDbEntity
  8
LOGO_ENGRAVE
100
AcDbLine
 10
3.150192
 20
-2.634104
 30
0.0
 11
2.998808
 21
-2.659824
 31
0.0
  0
LINE
  5
3A9
330
17
100
AcDbEntity
  8
LOGO_ENGRAVE
100
AcDbLine
 10
2.998808
 20
-2.659824
 30
0.0
 11
2.848456
 21
-2.690568
 31
0.0
  0
LINE
  5
3AA
330
17
100
AcDbEntity
  8
LOGO_ENGRAVE
100
AcDbLine
 10
2.848456
 20
-2.690568
 30
0.0
 11
2.699232
 21
-2.725696
 31
0.0
  0
LINE
  5
3AB
330
17
100
AcDbEntity
  8
LOGO_ENGRAVE
100
AcDbLine
 10
2.699232
 20
-2.725696
 30
0.0
 11
2.5512
 21
-2.764536
 31
0.0
  0
LINE
  5
3AC
330
17
100
AcDbEntity
  8
LOGO_ENGRAVE
100
AcDbLine
 10
2.5512
 20
-2.764536
 30
0.0
 11
2.404392
 21
-2.80636
 31
0.0
  0
LINE
  5
3AD
330
17
100
AcDbEntity
  8
LOGO_ENGRAVE
100
AcDbLine
 10
2.404392
 20
-2.80636
 30
0.0
 11
2.258824
 21
-2.850432
 31
0.0
  0
LINE
  5
3AE
330
17
100
AcDbEntity
  8
LOGO_ENGRAVE
100
AcDbLine
 10
2.258824
 20
-2.850432
 30
0.0
 11
2.114464
 21
-2.896
 31
0.0
  0
LINE
  5
3AF
330
17
100
AcDbEntity
  8
LOGO_ENGRAVE
100
AcDbLine
 10
2.114464
 20
-2.896
 30
0.0
 11
1.971304
 21
-2.942344
 31
0.0
  0
LINE
  5
3B0
330
17
100
AcDbEntity
  8
LOGO_ENGRAVE
100
AcDbLine
 10
1.971304
 20
-2.942344
 30
0.0
 11
1.829312
 21
-2.988744
 31
0.0
  0
LINE
  5
3B1
330
17
100
AcDbEntity
  8
LOGO_ENGRAVE
100
AcDbLine
 10
1.829312
 20
-2.988744
 30
0.0
 11
1.68844
 21
-3.034528
 31
0.0
  0
LINE
  5
3B2
330
17
100
AcDbEntity
  8
LOGO_ENGRAVE
100
AcDbLine
 10
1.68844
 20
-3.034528
 30
0.0
 11
1.548656
 21
-3.079056
 31
0.0
  0
LINE
  5
3B3
330
17
100
AcDbEntity
  8
LOGO_ENGRAVE
100
AcDbLine
 10
1.548656
 20
-3.079056
 30
0.0
 11
1.409928
 21
-3.121752
 31
0.0
  0
LINE
  5
3B4
330
17
100
AcDbEntity
  8
LOGO_ENGRAVE
100
AcDbLine
 10
1.409928
 20
-3.121752
 30
0.0
 11
1.272192
 21
-3.162088
 31
0.0
  0
LINE
  5
3B5
330
17
100
AcDbEntity
  8
LOGO_ENGRAVE
100
AcDbLine
 10
1.272192
 20
-3.162088
 30
0.0
 11
1.1354
 21
-3.199592
 31
0.0
  0
LINE
  5
3B6
330
17
100
AcDbEntity
  8
LOGO_ENGRAVE
100
AcDbLine
 10
1.1354
 20
-3.199592
 30
0.0
 11
0.999496
 21
-3.233848
 31
0.0
  0
LINE
  5
3B7
330
17
100
AcDbEntity
  8
LOGO_ENGRAVE
100
AcDbLine
 10
0.999496
 20
-3.233848
 30
0.0
 11
0.864416
 21
-3.264504
 31
0.0
  0
LINE
  5
3B8
330
17
100
AcDbEntity
  8
LOGO_ENGRAVE
100
AcDbLine
 10
0.864416
 20
-3.264504
 30
0.0
 11
0.73008
 21
-3.29128
 31
0.0
  0
LINE
  5
3B9
330
17
100
AcDbEntity
  8
LOGO_ENGRAVE
100
AcDbLine
 10
0.73008
 20
-3.29128
 30
0.0
 11
0.596392
 21
-3.31392
 31
0.0
  0
LINE
  5
3BA
330
17
100
AcDbEntity
  8
LOGO_ENGRAVE
100
AcDbLine
 10
0.596392
 20
-3.31392
 30
0.0
 11
0.463264
 21
-3.332248
 31
0.0
  0
LINE
  5
3BB
330
17
100
AcDbEntity
  8
LOGO_ENGRAVE
100
AcDbLine
 10
0.463264
 20
-3.332248
 30
0.0
 11
0.330576
 21
-3.346112
 31
0.0
  0
LINE
  5
3BC
330
17
100
AcDbEntity
  8
LOGO_ENGRAVE
100
AcDbLine
 10
0.330576
 20
-3.346112
 30
0.0
 11
0.198216
 21
-3.355408
 31
0.0
  0
LINE
  5
3BD
330
17
100
AcDbEntity
  8
LOGO_ENGRAVE
100
AcDbLine
 10
0.198216
 20
-3.355408
 30
0.0
 11
0.066048
 21
-3.360072
 31
0.0
  0
LINE
  5
3BE
330
17
100
AcDbEntity
  8
LOGO_ENGRAVE
100
AcDbLine
 10
0.066048
 20
-3.360072
 30
0.0
 11
-0.066048
 21
-3.360072
 31
0.0
  0
LINE
  5
3BF
330
17
100
AcDbEntity
  8
LOGO_ENGRAVE
100
AcDbLine
 10
-0.066048
 20
-3.360072
 30
0.0
 11
-0.198216
 21
-3.355408
 31
0.0
  0
LINE
  5
3C0
330
17
100
AcDbEntity
  8
LOGO_ENGRAVE
100
AcDbLine
 10
-0.198216
 20
-3.355408
 30
0.0
 11
-0.330576
 21
-3.346112
 31
0.0
  0
LINE
  5
3C1
330
17
100
AcDbEntity
  8
LOGO_ENGRAVE
100
AcDbLine
 10
-0.330576
 20
-3.346112
 30
0.0
 11
-0.463264
 21
-3.332248
 31
0.0
  0
LINE
  5
3C2
330
17
100
AcDbEntity
  8
LOGO_ENGRAVE
100
AcDbLine
 10
-0.463264
 20
-3.332248
 30
0.0
 11
-0.596392
 21
-3.31392
 31
0.0
  0
LINE
  5
3C3
330
17
100
AcDbEntity
  8
LOGO_ENGRAVE
100
AcDbLine
 10
-0.596392
 20
-3.31392
 30
0.0
 11
-0.73008
 21
-3.29128
 31
0.0
  0
LINE
  5
3C4
330
17
100
AcDbEntity
  8
LOGO_ENGRAVE
100
AcDbLine
 10
-0.73008
 20
-3.29128
 30
0.0
 11
-0.864416
 21
-3.264504
 31
0.0
  0
LINE
  5
3C5
330
17
100
AcDbEntity
  8
LOGO_ENGRAVE
100
AcDbLine
 10
-0.864416
 20
-3.264504
 30
0.0
 11
-0.999496
 21
-3.233848
 31
0.0
  0
LINE
  5
3C6
330
17
100
AcDbEntity
  8
LOGO_ENGRAVE
100
AcDbLine
 10
-0.999496
 20
-3.233848
 30
0.0
 11
-1.1354
 21
-3.199592
 31
0.0
  0
LINE
  5
3C7
330
17
100
AcDbEntity
  8
LOGO_ENGRAVE
100
AcDbLine
 10
-1.1354
 20
-3.199592
 30
0.0
 11
-1.272192
 21
-3.162088
 31
0.0
  0
LINE
  5
3C8
330
17
100
AcDbEntity
  8
LOGO_ENGRAVE
100
AcDbLine
 10
-1.272192
 20
-3.162088
 30
0.0
 11
-1.409928
 21
-3.121752
 31
0.0
  0
LINE
  5
3C9
330
17
100
AcDbEntity
  8
LOGO_ENGRAVE
100
AcDbLine
 10
-1.409928
 20
-3.121752
 30
0.0
 11
-1.548656
 21
-3.079056
 31
0.0
  0
LINE
  5
3CA
330
17
100
AcDbEntity
  8
LOGO_ENGRAVE
100
AcDbLine
 10
-1.548656
 20
-3.079056
 30
0.0
 11
-1.68844
 21
-3.034528
 31
0.0
  0
LINE
  5
3CB
330
17
100
AcDbEntity
  8
LOGO_ENGRAVE
100
AcDbLine
 10
-1.68844
 20
-3.034528
 30
0.0
 11
-1.829312
 21
-2.988744
 31
0.0
  0
LINE
  5
3CC
330
17
100
AcDbEntity
  8
LOGO_ENGRAVE
100
AcDbLine
 10
-1.829312
 20
-2.988744
 30
0.0
 11
-1.971304
 21
-2.942344
 31
0.0
  0
LINE
  5
3CD
330
17
100
AcDbEntity
  8
LOGO_ENGRAVE
100
AcDbLine
 10
-1.971304
 20
-2.942344
 30
0.0
 11
-2.114464
 21
-2.896
 31
0.0
  0
LINE
  5
3CE
330
17
100
AcDbEntity
  8
LOGO_ENGRAVE
100
AcDbLine
 10
-2.114464
 20
-2.896
 30
0.0
 11
-2.258824
 21
-2.850432
 31
0.0
  0
LINE
  5
3CF
330
17
100
AcDbEntity
  8
LOGO_ENGRAVE
100
AcDbLine
 10
-2.258824
 20
-2.850432
 30
0.0
 11
-2.404392
 21
-2.80636
 31
0.0
  0
LINE
  5
3D0
330
17
100
AcDbEntity
  8
LOGO_ENGRAVE
100
AcDbLine
 10
-2.404392
 20
-2.80636
 30
0.0
 11
-2.5512
 21
-2.764536
 31
0.0
  0
LINE
  5
3D1
330
17
100
AcDbEntity
  8
LOGO_ENGRAVE
100
AcDbLine
 10
-2.5512
 20
-2.764536
 30
0.0
 11
-2.699232
 21
-2.725696
 31
0.0
  0
LINE
  5
3D2
330
17
100
AcDbEntity
  8
LOGO_ENGRAVE
100
AcDbLine
 10
-2.699232
 20
-2.725696
 30
0.0
 11
-2.848456
 21
-2.690568
 31
0.0
  0
LINE
  5
3D3
330
17
100
AcDbEntity
  8
LOGO_ENGRAVE
100
AcDbLine
 10
-2.848456
 20
-2.690568
 30
0.0
 11
-2.998808
 21
-2.659824
 31
0.0
  0
LINE
  5
3D4
330
17
100
AcDbEntity
  8
LOGO_ENGRAVE
100
AcDbLine
 10
-2.998808
 20
-2.659824
 30
0.0
 11
-3.150192
 21
-2.634104
 31
0.0
  0
LINE
  5
3D5
330
17
100
AcDbEntity
  8
LOGO_ENGRAVE
100
AcDbLine
 10
-3.150192
 20
-2.634104
 30
0.0
 11
-3.302448
 21
-2.613944
 31
0.0
  0
LINE
  5
3D6
330
17
100
AcDbEntity
  8
LOGO_ENGRAVE
100
AcDbLine
 10
-3.302448
 20
-2.613944
 30
0.0
 11
-3.4554
 21
-2.599784
 31
0.0
  0
LINE
  5
3D7
330
17
100
AcDbEntity
  8
LOGO_ENGRAVE
100
AcDbLine
 10
-3.4554
 20
-2.599784
 30
0.0
 11
-3.608792
 21
-2.59196
 31
0.0
  0
LINE
  5
3D8
330
17
100
AcDbEntity
  8
LOGO_ENGRAVE
100
AcDbLine
 10
-3.608792
 20
-2.59196
 30
0.0
 11
-3.762384
 21
-2.590648
 31
0.0
  0
LINE
  5
3D9
330
17
100
AcDbEntity
  8
LOGO_ENGRAVE
100
AcDbLine
 10
-3.762384
 20
-2.590648
 30
0.0
 11
-3.915896
 21
-2.595872
 31
0.0
  0
LINE
  5
3DA
330
17
100
AcDbEntity
  8
LOGO_ENGRAVE
100
AcDbLine
 10
-3.915896
 20
-2.595872
 30
0.0
 11
-4.069048
 21
-2.60752
 31
0.0
  0
LINE
  5
3DB
330
17
100
AcDbEntity
  8
LOGO_ENGRAVE
100
AcDbLine
 10
-4.069048
 20
-2.60752
 30
0.0
 11
-4.221608
 21
-2.625312
 31
0.0
  0
LINE
  5
3DC
330
17
100
AcDbEntity
  8
LOGO_ENGRAVE
100
AcDbLine
 10
-4.221608
 20
-2.625312
 30
0.0
 11
-4.373368
 21
-2.648864
 31
0.0
  0
LINE
  5
3DD
330
17
100
AcDbEntity
  8
LOGO_ENGRAVE
100
AcDbLine
 10
-4.373368
 20
-2.648864
 30
0.0
 11
-4.524144
 21
-2.677664
 31
0.0
  0
LINE
  5
3DE
330
17
100
AcDbEntity
  8
LOGO_ENGRAVE
100
AcDbLine
 10
-4.524144
 20
-2.677664
 30
0.0
 11
-4.673832
 21
-2.711112
 31
0.0
  0
LINE
  5
3DF
330
17
100
AcDbEntity
  8
LOGO_ENGRAVE
100
AcDbLine
 10
-4.673832
 20
-2.711112
 30
0.0
 11
-4.822352
 21
-2.748552
 31
0.0
  0
LINE
  5
3E0
330
17
100
AcDbEntity
  8
LOGO_ENGRAVE
100
AcDbLine
 10
-4.822352
 20
-2.748552
 30
0.0
 11
-4.969648
 21
-2.789264
 31
0.0
  0
LINE
  5
3E1
330
17
100
AcDbEntity
  8
LOGO_ENGRAVE
100
AcDbLine
 10
-4.969648
 20
-2.789264
 30
0.0
 11
-5.11572
 21
-2.83252
 31
0.0
  0
LINE
  5
3E2
330
17
100
AcDbEntity
  8
LOGO_ENGRAVE
100
AcDbLine
 10
-5.11572
 20
-2.83252
 30
0.0
 11
-5.26056
 21
-2.877576
 31
0.0
  0
LINE
  5
3E3
330
17
100
AcDbEntity
  8
LOGO_ENGRAVE
100
AcDbLine
 10
-5.26056
 20
-2.877576
 30
0.0
 11
-5.404192
 21
-2.923696
 31
0.0
  0
LINE
  5
3E4
330
17
100
AcDbEntity
  8
LOGO_ENGRAVE
100
AcDbLine
 10
-5.404192
 20
-2.923696
 30
0.0
 11
-5.546656
 21
-2.97016
 31
0.0
  0
LINE
  5
3E5
330
17
100
AcDbEntity
  8
LOGO_ENGRAVE
100
AcDbLine
 10
-5.546656
 20
-2.97016
 30
0.0
 11
-5.687968
 21
-3.016264
 31
0.0
  0
LINE
  5
3E6
330
17
100
AcDbEntity
  8
LOGO_ENGRAVE
100
AcDbLine
 10
-5.687968
 20
-3.016264
 30
0.0
 11
-5.828184
 21
-3.061376
 31
0.0
  0
LINE
  5
3E7
330
17
100
AcDbEntity
  8
LOGO_ENGRAVE
100
AcDbLine
 10
-5.828184
 20
-3.061376
 30
0.0
 11
-5.967336
 21
-3.104872
 31
0.0
  0
LINE
  5
3E8
330
17
100
AcDbEntity
  8
LOGO_ENGRAVE
100
AcDbLine
 10
-5.967336
 20
-3.104872
 30
0.0
 11
-6.105464
 21
-3.146216
 31
0.0
  0
LINE
  5
3E9
330
17
100
AcDbEntity
  8
LOGO_ENGRAVE
100
AcDbLine
 10
-6.105464
 20
-3.146216
 30
0.0
 11
-6.242624
 21
-3.184904
 31
0.0
  0
LINE
  5
3EA
330
17
100
AcDbEntity
  8
LOGO_ENGRAVE
100
AcDbLine
 10
-6.242624
 20
-3.184904
 30
0.0
 11
-6.37888
 21
-3.220512
 31
0.0
  0
LINE
  5
3EB
330
17
100
AcDbEntity
  8
LOGO_ENGRAVE
100
AcDbLine
 10
-6.37888
 20
-3.220512
 30
0.0
 11
-6.51428
 21
-3.252656
 31
0.0
  0
LINE
  5
3EC
330
17
100
AcDbEntity
  8
LOGO_ENGRAVE
100
AcDbLine
 10
-6.51428
 20
-3.252656
 30
0.0
 11
-6.648904
 21
-3.281016
 31
0.0
  0
LINE
  5
3ED
330
17
100
AcDbEntity
  8
LOGO_ENGRAVE
100
AcDbLine
 10
-6.648904
 20
-3.281016
 30
0.0
 11
-6.78284
 21
-3.305344
 31
0.0
  0
LINE
  5
3EE
330
17
100
AcDbEntity
  8
LOGO_ENGRAVE
100
AcDbLine
 10
-6.78284
 20
-3.305344
 30
0.0
 11
-6.916184
 21
-3.325424
 31
0.0
  0
LINE
  5
3EF
330
17
100
AcDbEntity
  8
LOGO_ENGRAVE
100
AcDbLine
 10
-6.916184
 20
-3.325424
 30
0.0
 11
-7.049032
 21
-3.341088
 31
0.0
  0
LINE
  5
3F0
330
17
100
AcDbEntity
  8
LOGO_ENGRAVE
100
AcDbLine
 10
-7.049032
 20
-3.341088
 30
0.0
 11
-7.181512
 21
-3.352232
 31
0.0
  0
LINE
  5
3F1
330
17
100
AcDbEntity
  8
LOGO_ENGRAVE
100
AcDbLine
 10
-7.181512
 20
-3.352232
 30
0.0
 11
-7.261744
 21
-3.356192
 31
0.0
  0
LINE
  5
3F2
330
17
100
AcDbEntity
  8
LOGO_ENGRAVE
100
AcDbLine
 10
-7.261744
 20
-3.356192
 30
0.0
 11
-7.30836
 21
-3.253896
 31
0.0
  0
LINE
  5
3F3
330
17
100
AcDbEntity
  8
LOGO_ENGRAVE
100
AcDbLine
 10
-7.30836
 20
-3.253896
 30
0.0
 11
-7.36404
 21
-3.125848
 31
0.0
  0
LINE
  5
3F4
330
17
100
AcDbEntity
  8
LOGO_ENGRAVE
100
AcDbLine
 10
-7.36404
 20
-3.125848
 30
0.0
 11
-7.417472
 21
-2.996856
 31
0.0
  0
LINE
  5
3F5
330
17
100
AcDbEntity
  8
LOGO_ENGRAVE
100
AcDbLine
 10
-7.417472
 20
-2.996856
 30
0.0
 11
-7.46864
 21
-2.866944
 31
0.0
  0
LINE
  5
3F6
330
17
100
AcDbEntity
  8
LOGO_ENGRAVE
100
AcDbLine
 10
-7.46864
 20
-2.866944
 30
0.0
 11
-7.517544
 21
-2.73616
 31
0.0
  0
LINE
  5
3F7
330
17
100
AcDbEntity
  8
LOGO_ENGRAVE
100
AcDbLine
 10
-7.517544
 20
-2.73616
 30
0.0
 11
-7.564152
 21
-2.604544
 31
0.0
  0
LINE
  5
3F8
330
17
100
AcDbEntity
  8
LOGO_ENGRAVE
100
AcDbLine
 10
-7.564152
 20
-2.604544
 30
0.0
 11
-7.608456
 21
-2.472136
 31
0.0
  0
LINE
  5
3F9
330
17
100
AcDbEntity
  8
LOGO_ENGRAVE
100
AcDbLine
 10
-7.608456
 20
-2.472136
 30
0.0
 11
-7.65044
 21
-2.338976
 31
0.0
  0
LINE
  5
3FA
330
17
100
AcDbEntity
  8
LOGO_ENGRAVE
100
AcDbLine
 10
-7.65044
 20
-2.338976
 30
0.0
 11
-7.690096
 21
-2.205096
 31
0.0
  0
LINE
  5
3FB
330
17
100
AcDbEntity
  8
LOGO_ENGRAVE
100
AcDbLine
 10
-7.690096
 20
-2.205096
 30
0.0
 11
-7.727408
 21
-2.070552
 31
0.0
  0
LINE
  5
3FC
330
17
100
AcDbEntity
  8
LOGO_ENGRAVE
100
AcDbLine
 10
-7.727408
 20
-2.070552
 30
0.0
 11
-7.741456
 21
-2.016232
 31
0.0
  0
LINE
  5
3FD
330
17
100
AcDbEntity
  8
LOGO_ENGRAVE
100
AcDbLine
 10
-7.741456
 20
-2.016232
 30
0.0
 11
-7.730496
 21
-2.016456
 31
0.0
  0
LINE
  5
3FE
330
17
100
AcDbEntity
  8
LOGO_ENGRAVE
100
AcDbLine
 10
-7.730496
 20
-2.016456
 30
0.0
 11
-7.588656
 21
-2.019328
 31
0.0
  0
LINE
  5
3FF
330
17
100
AcDbEntity
  8
LOGO_ENGRAVE
100
AcDbLine
 10
-7.588656
 20
-2.019328
 30
0.0
 11
-7.446808
 21
-2.022144
 31
0.0
  0
LINE
  5
400
330
17
100
AcDbEntity
  8
LOGO_ENGRAVE
100
AcDbLine
 10
-7.446808
 20
-2.022144
 30
0.0
 11
-7.304968
 21
-2.024904
 31
0.0
  0
LINE
  5
401
330
17
100
AcDbEntity
  8
LOGO_ENGRAVE
100
AcDbLine
 10
-7.304968
 20
-2.024904
 30
0.0
 11
-7.16312
 21
-2.027608
 31
0.0
  0
LINE
  5
402
330
17
100
AcDbEntity
  8
LOGO_ENGRAVE
100
AcDbLine
 10
-7.16312
 20
-2.027608
 30
0.0
 11
-7.02128
 21
-2.030264
 31
0.0
  0
LINE
  5
403
330
17
100
AcDbEntity
  8
LOGO_ENGRAVE
100
AcDbLine
 10
-7.02128
 20
-2.030264
 30
0.0
 11
-6.879432
 21
-2.032872
 31
0.0
  0
LINE
  5
404
330
17
100
AcDbEntity
  8
LOGO_ENGRAVE
100
AcDbLine
 10
-6.879432
 20
-2.032872
 30
0.0
 11
-6.737592
 21
-2.035416
 31
0.0
  0
LINE
  5
405
330
17
100
AcDbEntity
  8
LOGO_ENGRAVE
100
AcDbLine
 10
-6.737592
 20
-2.035416
 30
0.0
 11
-6.595744
 21
-2.037912
 31
0.0
  0
LINE
  5
406
330
17
100
AcDbEntity
  8
LOGO_ENGRAVE
100
AcDbLine
 10
-6.595744
 20
-2.037912
 30
0.0
 11
-6.453904
 21
-2.04036
 31
0.0
  0
LINE
  5
407
330
17
100
AcDbEntity
  8
LOGO_ENGRAVE
100
AcDbLine
 10
-6.453904
 20
-2.04036
 30
0.0
 11
-6.312056
 21
-2.042744
 31
0.0
  0
LINE
  5
408
330
17
100
AcDbEntity
  8
LOGO_ENGRAVE
100
AcDbLine
 10
-6.312056
 20
-2.042744
 30
0.0
 11
-6.170216
 21
-2.04508
 31
0.0
  0
LINE
  5
409
330
17
100
AcDbEntity
  8
LOGO_ENGRAVE
100
AcDbLine
 10
-6.170216
 20
-2.04508
 30
0.0
 11
-6.028368
 21
-2.047368
 31
0.0
  0
LINE
  5
40A
330
17
100
AcDbEntity
  8
LOGO_ENGRAVE
100
AcDbLine
 10
-6.028368
 20
-2.047368
 30
0.0
 11
-5.886528
 21
-2.0496
 31
0.0
  0
LINE
  5
40B
330
17
100
AcDbEntity
  8
LOGO_ENGRAVE
100
AcDbLine
 10
-5.886528
 20
-2.0496
 30
0.0
 11
-5.74468
 21
-2.051776
 31
0.0
  0
LINE
  5
40C
330
17
100
AcDbEntity
  8
LOGO_ENGRAVE
100
AcDbLine
 10
-5.74468
 20
-2.051776
 30
0.0
 11
-5.60284
 21
-2.053896
 31
0.0
  0
LINE
  5
40D
330
17
100
AcDbEntity
  8
LOGO_ENGRAVE
100
AcDbLine
 10
-5.60284
 20
-2.053896
 30
0.0
 11
-5.460992
 21
-2.055968
 31
0.0
  0
LINE
  5
40E
330
17
100
AcDbEntity
  8
LOGO_ENGRAVE
100
AcDbLine
 10
-5.460992
 20
-2.055968
 30
0.0
 11
-5.319152
 21
-2.057984
 31
0.0
  0
LINE
  5
40F
330
17
100
AcDbEntity
  8
LOGO_ENGRAVE
100
AcDbLine
 10
-5.319152
 20
-2.057984
 30
0.0
 11
-5.177304
 21
-2.059952
 31
0.0
  0
LINE
  5
410
330
17
100
AcDbEntity
  8
LOGO_ENGRAVE
100
AcDbLine
 10
-5.177304
 20
-2.059952
 30
0.0
 11
-5.035464
 21
-2.061864
 31
0.0
  0
LINE
  5
411
330
17
100
AcDbEntity
  8
LOGO_ENGRAVE
100
AcDbLine
 10
-5.035464
 20
-2.061864
 30
0.0
 11
-4.893616
 21
-2.06372
 31
0.0
  0
LINE
  5
412
330
17
100
AcDbEntity
  8
LOGO_ENGRAVE
100
AcDbLine
 10
-4.893616
 20
-2.06372
 30
0.0
 11
-4.751776
 21
-2.065528
 31
0.0
  0
LINE
  5
413
330
17
100
AcDbEntity
  8
LOGO_ENGRAVE
100
AcDbLine
 10
-4.751776
 20
-2.065528
 30
0.0
 11
-4.609928
 21
-2.06728
 31
0.0
  0
LINE
  5
414
330
17
100
AcDbEntity
  8
LOGO_ENGRAVE
100
AcDbLine
 10
-4.609928
 20
-2.06728
 30
0.0
 11
-4.468088
 21
-2.068976
 31
0.0
  0
LINE
  5
415
330
17
100
AcDbEntity
  8
LOGO_ENGRAVE
100
AcDbLine
 10
-4.468088
 20
-2.068976
 30
0.0
 11
-4.32624
 21
-2.070624
 31
0.0
  0
LINE
  5
416
330
17
100
AcDbEntity
  8
LOGO_ENGRAVE
100
AcDbLine
 10
-4.32624
 20
-2.070624
 30
0.0
 11
-4.1844
 21
-2.072216
 31
0.0
  0
LINE
  5
417
330
17
100
AcDbEntity
  8
LOGO_ENGRAVE
100
AcDbLine
 10
-4.1844
 20
-2.072216
 30
0.0
 11
-4.042552
 21
-2.07376
 31
0.0
  0
LINE
  5
418
330
17
100
AcDbEntity
  8
LOGO_ENGRAVE
100
AcDbLine
 10
-4.042552
 20
-2.07376
 30
0.0
 11
-3.900712
 21
-2.075248
 31
0.0
  0
LINE
  5
419
330
17
100
AcDbEntity
  8
LOGO_ENGRAVE
100
AcDbLine
 10
-3.900712
 20
-2.075248
 30
0.0
 11
-3.758864
 21
-2.07668
 31
0.0
  0
LINE
  5
41A
330
17
100
AcDbEntity
  8
LOGO_ENGRAVE
100
AcDbLine
 10
-3.758864
 20
-2.07668
 30
0.0
 11
-3.617024
 21
-2.078064
 31
0.0
  0
LINE
  5
41B
330
17
100
AcDbEntity
  8
LOGO_ENGRAVE
100
AcDbLine
 10
-3.617024
 20
-2.078064
 30
0.0
 11
-3.475176
 21
-2.079392
 31
0.0
  0
LINE
  5
41C
330
17
100
AcDbEntity
  8
LOGO_ENGRAVE
100
AcDbLine
 10
-3.475176
 20
-2.079392
 30
0.0
 11
-3.333336
 21
-2.080664
 31
0.0
  0
LINE
  5
41D
330
17
100
AcDbEntity
  8
LOGO_ENGRAVE
100
AcDbLine
 10
-3.333336
 20
-2.080664
 30
0.0
 11
-3.191488
 21
-2.081888
 31
0.0
  0
LINE
  5
41E
330
17
100
AcDbEntity
  8
LOGO_ENGRAVE
100
AcDbLine
 10
-3.191488
 20
-2.081888
 30
0.0
 11
-3.049648
 21
-2.083056
 31
0.0
  0
LINE
  5
41F
330
17
100
AcDbEntity
  8
LOGO_ENGRAVE
100
AcDbLine
 10
-3.049648
 20
-2.083056
 30
0.0
 11
-2.9078
 21
-2.084168
 31
0.0
  0
LINE
  5
420
330
17
100
AcDbEntity
  8
LOGO_ENGRAVE
100
AcDbLine
 10
-2.9078
 20
-2.084168
 30
0.0
 11
-2.76596
 21
-2.085232
 31
0.0
  0
LINE
  5
421
330
17
100
AcDbEntity
  8
LOGO_ENGRAVE
100
AcDbLine
 10
-2.76596
 20
-2.085232
 30
0.0
 11
-2.624112
 21
-2.08624
 31
0.0
  0
LINE
  5
422
330
17
100
AcDbEntity
  8
LOGO_ENGRAVE
100
AcDbLine
 10
-2.624112
 20
-2.08624
 30
0.0
 11
-2.482272
 21
-2.087192
 31
0.0
  0
LINE
  5
423
330
17
100
AcDbEntity
  8
LOGO_ENGRAVE
100
AcDbLine
 10
-2.482272
 20
-2.087192
 30
0.0
 11
-2.340424
 21
-2.088096
 31
0.0
  0
LINE
  5
424
330
17
100
AcDbEntity
  8
LOGO_ENGRAVE
100
AcDbLine
 10
-2.340424
 20
-2.088096
 30
0.0
 11
-2.198584
 21
-2.088944
 31
0.0
  0
LINE
  5
425
330
17
100
AcDbEntity
  8
LOGO_ENGRAVE
100
AcDbLine
 10
-2.198584
 20
-2.088944
 30
0.0
 11
-2.056736
 21
-2.089744
 31
0.0
  0
LINE
  5
426
330
17
100
AcDbEntity
  8
LOGO_ENGRAVE
100
AcDbLine
 10
-2.056736
 20
-2.089744
 30
0.0
 11
-1.914896
 21
-2.090488
 31
0.0
  0
LINE
  5
427
330
17
100
AcDbEntity
  8
LOGO_ENGRAVE
100
AcDbLine
 10
-1.914896
 20
-2.090488
 30
0.0
 11
-1.773048
 21
-2.091176
 31
0.0
  0
LINE
  5
428
330
17
100
AcDbEntity
  8
LOGO_ENGRAVE
100
AcDbLine
 10
-1.773048
 20
-2.091176
 30
0.0
 11
-1.631208
 21
-2.091816
 31
0.0
  0
LINE
  5
429
330
17
100
AcDbEntity
  8
LOGO_ENGRAVE
100
AcDbLine
 10
-1.631208
 20
-2.091816
 30
0.0
 11
-1.48936
 21
-2.0924
 31
0.0
  0
LINE
  5
42A
330
17
100
AcDbEntity
  8
LOGO_ENGRAVE
100
AcDbLine
 10
-1.48936
 20
-2.0924
 30
0.0
 11
-1.34752
 21
-2.092928
 31
0.0
  0
LINE
  5
42B
330
17
100
AcDbEntity
  8
LOGO_ENGRAVE
100
AcDbLine
 10
-1.34752
 20
-2.092928
 30
0.0
 11
-1.205672
 21
-2.093408
 31
0.0
  0
LINE
  5
42C
330
17
100
AcDbEntity
  8
LOGO_ENGRAVE
100
AcDbLine
 10
-1.205672
 20
-2.093408
 30
0.0
 11
-1.063832
 21
-2.093832
 31
0.0
  0
LINE
  5
42D
330
17
100
AcDbEntity
  8
LOGO_ENGRAVE
100
AcDbLine
 10
-1.063832
 20
-2.093832
 30
0.0
 11
-0.921984
 21
-2.094208
 31
0.0
  0
LINE
  5
42E
330
17
100
AcDbEntity
  8
LOGO_ENGRAVE
100
AcDbLine
 10
-0.921984
 20
-2.094208
 30
0.0
 11
-0.780144
 21
-2.09452
 31
0.0
  0
LINE
  5
42F
330
17
100
AcDbEntity
  8
LOGO_ENGRAVE
100
AcDbLine
 10
-0.780144
 20
-2.09452
 30
0.0
 11
-0.638296
 21
-2.094792
 31
0.0
  0
LINE
  5
430
330
17
100
AcDbEntity
  8
LOGO_ENGRAVE
100
AcDbLine
 10
-0.638296
 20
-2.094792
 30
0.0
 11
-0.496456
 21
-2.095
 31
0.0
  0
LINE
  5
431
330
17
100
AcDbEntity
  8
LOGO_ENGRAVE
100
AcDbLine
 10
-0.496456
 20
-2.095
 30
0.0
 11
-0.354608
 21
-2.09516
 31
0.0
  0
LINE
  5
432
330
17
100
AcDbEntity
  8
LOGO_ENGRAVE
100
AcDbLine
 10
-0.354608
 20
-2.09516
 30
0.0
 11
-0.212768
 21
-2.095264
 31
0.0
  0
LINE
  5
433
330
17
100
AcDbEntity
  8
LOGO_ENGRAVE
100
AcDbLine
 10
-0.212768
 20
-2.095264
 30
0.0
 11
-0.07091999999999998
 21
-2.09532
 31
0.0
  0
LINE
  5
434
330
17
100
AcDbEntity
  8
LOGO_ENGRAVE
100
AcDbLine
 10
-0.07092
 20
-2.09532
 30
0.0
 11
0.07092
 21
-2.09532
 31
0.0
  0
LINE
  5
435
330
17
100
AcDbEntity
  8
LOGO_ENGRAVE
100
AcDbLine
 10
0.07092
 20
-2.09532
 30
0.0
 11
0.212768
 21
-2.095264
 31
0.0
  0
LINE
  5
436
330
17
100
AcDbEntity
  8
LOGO_ENGRAVE
100
AcDbLine
 10
0.212768
 20
-2.095264
 30
0.0
 11
0.354608
 21
-2.09516
 31
0.0
  0
LINE
  5
437
330
17
100
AcDbEntity
  8
LOGO_ENGRAVE
100
AcDbLine
 10
0.354608
 20
-2.09516
 30
0.0
 11
0.496456
 21
-2.095
 31
0.0
  0
LINE
  5
438
330
17
100
AcDbEntity
  8
LOGO_ENGRAVE
100
AcDbLine
 10
0.496456
 20
-2.095
 30
0.0
 11
0.638296
 21
-2.094792
 31
0.0
  0
LINE
  5
439
330
17
100
AcDbEntity
  8
LOGO_ENGRAVE
100
AcDbLine
 10
0.638296
 20
-2.094792
 30
0.0
 11
0.780144
 21
-2.09452
 31
0.0
  0
LINE
  5
43A
330
17
100
AcDbEntity
  8
LOGO_ENGRAVE
100
AcDbLine
 10
0.780144
 20
-2.09452
 30
0.0
 11
0.921984
 21
-2.094208
 31
0.0
  0
LINE
  5
43B
330
17
100
AcDbEntity
  8
LOGO_ENGRAVE
100
AcDbLine
 10
0.921984
 20
-2.094208
 30
0.0
 11
1.063832
 21
-2.093832
 31
0.0
  0
LINE
  5
43C
330
17
100
AcDbEntity
  8
LOGO_ENGRAVE
100
AcDbLine
 10
1.063832
 20
-2.093832
 30
0.0
 11
1.205672
 21
-2.093408
 31
0.0
  0
LINE
  5
43D
330
17
100
AcDbEntity
  8
LOGO_ENGRAVE
100
AcDbLine
 10
1.205672
 20
-2.093408
 30
0.0
 11
1.34752
 21
-2.092928
 31
0.0
  0
LINE
  5
43E
330
17
100
AcDbEntity
  8
LOGO_ENGRAVE
100
AcDbLine
 10
1.34752
 20
-2.092928
 30
0.0
 11
1.48936
 21
-2.0924
 31
0.0
  0
LINE
  5
43F
330
17
100
AcDbEntity
  8
LOGO_ENGRAVE
100
AcDbLine
 10
1.48936
 20
-2.0924
 30
0.0
 11
1.631208
 21
-2.091816
 31
0.0
  0
LINE
  5
440
330
17
100
AcDbEntity
  8
LOGO_ENGRAVE
100
AcDbLine
 10
1.631208
 20
-2.091816
 30
0.0
 11
1.773048
 21
-2.091176
 31
0.0
  0
LINE
  5
441
330
17
100
AcDbEntity
  8
LOGO_ENGRAVE
100
AcDbLine
 10
1.773048
 20
-2.091176
 30
0.0
 11
1.914896
 21
-2.090488
 31
0.0
  0
LINE
  5
442
330
17
100
AcDbEntity
  8
LOGO_ENGRAVE
100
AcDbLine
 10
1.914896
 20
-2.090488
 30
0.0
 11
2.056736
 21
-2.089744
 31
0.0
  0
LINE
  5
443
330
17
100
AcDbEntity
  8
LOGO_ENGRAVE
100
AcDbLine
 10
2.056736
 20
-2.089744
 30
0.0
 11
2.198584
 21
-2.088944
 31
0.0
  0
LINE
  5
444
330
17
100
AcDbEntity
  8
LOGO_ENGRAVE
100
AcDbLine
 10
2.198584
 20
-2.088944
 30
0.0
 11
2.340424
 21
-2.088096
 31
0.0
  0
LINE
  5
445
330
17
100
AcDbEntity
  8
LOGO_ENGRAVE
100
AcDbLine
 10
2.340424
 20
-2.088096
 30
0.0
 11
2.482272
 21
-2.087192
 31
0.0
  0
LINE
  5
446
330
17
100
AcDbEntity
  8
LOGO_ENGRAVE
100
AcDbLine
 10
2.482272
 20
-2.087192
 30
0.0
 11
2.624112
 21
-2.08624
 31
0.0
  0
LINE
  5
447
330
17
100
AcDbEntity
  8
LOGO_ENGRAVE
100
AcDbLine
 10
2.624112
 20
-2.08624
 30
0.0
 11
2.76596
 21
-2.085232
 31
0.0
  0
LINE
  5
448
330
17
100
AcDbEntity
  8
LOGO_ENGRAVE
100
AcDbLine
 10
2.76596
 20
-2.085232
 30
0.0
 11
2.9078
 21
-2.084168
 31
0.0
  0
LINE
  5
449
330
17
100
AcDbEntity
  8
LOGO_ENGRAVE
100
AcDbLine
 10
2.9078
 20
-2.084168
 30
0.0
 11
3.049648
 21
-2.083056
 31
0.0
  0
LINE
  5
44A
330
17
100
AcDbEntity
  8
LOGO_ENGRAVE
100
AcDbLine
 10
3.049648
 20
-2.083056
 30
0.0
 11
3.191488
 21
-2.081888
 31
0.0
  0
LINE
  5
44B
330
17
100
AcDbEntity
  8
LOGO_ENGRAVE
100
AcDbLine
 10
3.191488
 20
-2.081888
 30
0.0
 11
3.333336
 21
-2.080664
 31
0.0
  0
LINE
  5
44C
330
17
100
AcDbEntity
  8
LOGO_ENGRAVE
100
AcDbLine
 10
3.333336
 20
-2.080664
 30
0.0
 11
3.475176
 21
-2.079392
 31
0.0
  0
LINE
  5
44D
330
17
100
AcDbEntity
  8
LOGO_ENGRAVE
100
AcDbLine
 10
3.475176
 20
-2.079392
 30
0.0
 11
3.617024
 21
-2.078064
 31
0.0
  0
LINE
  5
44E
330
17
100
AcDbEntity
  8
LOGO_ENGRAVE
100
AcDbLine
 10
3.617024
 20
-2.078064
 30
0.0
 11
3.758864
 21
-2.07668
 31
0.0
  0
LINE
  5
44F
330
17
100
AcDbEntity
  8
LOGO_ENGRAVE
100
AcDbLine
 10
3.758864
 20
-2.07668
 30
0.0
 11
3.900712
 21
-2.075248
 31
0.0
  0
LINE
  5
450
330
17
100
AcDbEntity
  8
LOGO_ENGRAVE
100
AcDbLine
 10
3.900712
 20
-2.075248
 30
0.0
 11
4.042552
 21
-2.07376
 31
0.0
  0
LINE
  5
451
330
17
100
AcDbEntity
  8
LOGO_ENGRAVE
100
AcDbLine
 10
4.042552
 20
-2.07376
 30
0.0
 11
4.1844
 21
-2.072216
 31
0.0
  0
LINE
  5
452
330
17
100
AcDbEntity
  8
LOGO_ENGRAVE
100
AcDbLine
 10
4.1844
 20
-2.072216
 30
0.0
 11
4.32624
 21
-2.070624
 31
0.0
  0
LINE
  5
453
330
17
100
AcDbEntity
  8
LOGO_ENGRAVE
100
AcDbLine
 10
4.32624
 20
-2.070624
 30
0.0
 11
4.468088
 21
-2.068976
 31
0.0
  0
LINE
  5
454
330
17
100
AcDbEntity
  8
LOGO_ENGRAVE
100
AcDbLine
 10
4.468088
 20
-2.068976
 30
0.0
 11
4.609928
 21
-2.06728
 31
0.0
  0
LINE
  5
455
330
17
100
AcDbEntity
  8
LOGO_ENGRAVE
100
AcDbLine
 10
4.609928
 20
-2.06728
 30
0.0
 11
4.751776
 21
-2.065528
 31
0.0
  0
LINE
  5
456
330
17
100
AcDbEntity
  8
LOGO_ENGRAVE
100
AcDbLine
 10
4.751776
 20
-2.065528
 30
0.0
 11
4.893616
 21
-2.06372
 31
0.0
  0
LINE
  5
457
330
17
100
AcDbEntity
  8
LOGO_ENGRAVE
100
AcDbLine
 10
4.893616
 20
-2.06372
 30
0.0
 11
5.035464
 21
-2.061864
 31
0.0
  0
LINE
  5
458
330
17
100
AcDbEntity
  8
LOGO_ENGRAVE
100
AcDbLine
 10
5.035464
 20
-2.061864
 30
0.0
 11
5.177304
 21
-2.059952
 31
0.0
  0
LINE
  5
459
330
17
100
AcDbEntity
  8
LOGO_ENGRAVE
100
AcDbLine
 10
5.177304
 20
-2.059952
 30
0.0
 11
5.319152
 21
-2.057984
 31
0.0
  0
LINE
  5
45A
330
17
100
AcDbEntity
  8
LOGO_ENGRAVE
100
AcDbLine
 10
5.319152
 20
-2.057984
 30
0.0
 11
5.460992
 21
-2.055968
 31
0.0
  0
LINE
  5
45B
330
17
100
AcDbEntity
  8
LOGO_ENGRAVE
100
AcDbLine
 10
5.460992
 20
-2.055968
 30
0.0
 11
5.60284
 21
-2.053896
 31
0.0
  0
LINE
  5
45C
330
17
100
AcDbEntity
  8
LOGO_ENGRAVE
100
AcDbLine
 10
5.60284
 20
-2.053896
 30
0.0
 11
5.74468
 21
-2.051776
 31
0.0
  0
LINE
  5
45D
330
17
100
AcDbEntity
  8
LOGO_ENGRAVE
100
AcDbLine
 10
5.74468
 20
-2.051776
 30
0.0
 11
5.886528
 21
-2.0496
 31
0.0
  0
LINE
  5
45E
330
17
100
AcDbEntity
  8
LOGO_ENGRAVE
100
AcDbLine
 10
5.886528
 20
-2.0496
 30
0.0
 11
6.028368
 21
-2.047368
 31
0.0
  0
LINE
  5
45F
330
17
100
AcDbEntity
  8
LOGO_ENGRAVE
100
AcDbLine
 10
6.028368
 20
-2.047368
 30
0.0
 11
6.170216
 21
-2.04508
 31
0.0
  0
LINE
  5
460
330
17
100
AcDbEntity
  8
LOGO_ENGRAVE
100
AcDbLine
 10
6.170216
 20
-2.04508
 30
0.0
 11
6.312056
 21
-2.042744
 31
0.0
  0
LINE
  5
461
330
17
100
AcDbEntity
  8
LOGO_ENGRAVE
100
AcDbLine
 10
6.312056
 20
-2.042744
 30
0.0
 11
6.453904
 21
-2.04036
 31
0.0
  0
LINE
  5
462
330
17
100
AcDbEntity
  8
LOGO_ENGRAVE
100
AcDbLine
 10
6.453904
 20
-2.04036
 30
0.0
 11
6.595744
 21
-2.037912
 31
0.0
  0
LINE
  5
463
330
17
100
AcDbEntity
  8
LOGO_ENGRAVE
100
AcDbLine
 10
6.595744
 20
-2.037912
 30
0.0
 11
6.737592
 21
-2.035416
 31
0.0
  0
LINE
  5
464
330
17
100
AcDbEntity
  8
LOGO_ENGRAVE
100
AcDbLine
 10
6.737592
 20
-2.035416
 30
0.0
 11
6.879432
 21
-2.032872
 31
0.0
  0
LINE
  5
465
330
17
100
AcDbEntity
  8
LOGO_ENGRAVE
100
AcDbLine
 10
6.879432
 20
-2.032872
 30
0.0
 11
7.02128
 21
-2.030264
 31
0.0
  0
LINE
  5
466
330
17
100
AcDbEntity
  8
LOGO_ENGRAVE
100
AcDbLine
 10
7.02128
 20
-2.030264
 30
0.0
 11
7.16312
 21
-2.027608
 31
0.0
  0
LINE
  5
467
330
17
100
AcDbEntity
  8
LOGO_ENGRAVE
100
AcDbLine
 10
7.16312
 20
-2.027608
 30
0.0
 11
7.304968
 21
-2.024904
 31
0.0
  0
LINE
  5
468
330
17
100
AcDbEntity
  8
LOGO_ENGRAVE
100
AcDbLine
 10
7.304968
 20
-2.024904
 30
0.0
 11
7.446808
 21
-2.022144
 31
0.0
  0
LINE
  5
469
330
17
100
AcDbEntity
  8
LOGO_ENGRAVE
100
AcDbLine
 10
7.446808
 20
-2.022144
 30
0.0
 11
7.588656
 21
-2.019328
 31
0.0
  0
LINE
  5
46A
330
17
100
AcDbEntity
  8
LOGO_ENGRAVE
100
AcDbLine
 10
7.588656
 20
-2.019328
 30
0.0
 11
7.730496
 21
-2.016456
 31
0.0
  0
LINE
  5
46B
330
17
100
AcDbEntity
  8
LOGO_ENGRAVE
100
AcDbLine
 10
7.730496
 20
-2.016456
 30
0.0
 11
7.741456
 21
-2.016232
 31
0.0
  0
LINE
  5
46C
330
17
100
AcDbEntity
  8
LOGO_ENGRAVE
100
AcDbLine
 10
3.56764
 20
-1.77848
 30
0.0
 11
-3.56764
 21
-1.77848
 31
0.0
  0
LINE
  5
46D
330
17
100
AcDbEntity
  8
LOGO_ENGRAVE
100
AcDbLine
 10
-3.56764
 20
-1.77848
 30
0.0
 11
-3.556008
 21
-1.691856
 31
0.0
  0
LINE
  5
46E
330
17
100
AcDbEntity
  8
LOGO_ENGRAVE
100
AcDbLine
 10
-3.556008
 20
-1.691856
 30
0.0
 11
-3.53684
 21
-1.577304
 31
0.0
  0
LINE
  5
46F
330
17
100
AcDbEntity
  8
LOGO_ENGRAVE
100
AcDbLine
 10
-3.53684
 20
-1.577304
 30
0.0
 11
-3.513984
 21
-1.463424
 31
0.0
  0
LINE
  5
470
330
17
100
AcDbEntity
  8
LOGO_ENGRAVE
100
AcDbLine
 10
-3.513984
 20
-1.463424
 30
0.0
 11
-3.487456
 21
-1.350344
 31
0.0
  0
LINE
  5
471
330
17
100
AcDbEntity
  8
LOGO_ENGRAVE
100
AcDbLine
 10
-3.487456
 20
-1.350344
 30
0.0
 11
-3.457296
 21
-1.238184
 31
0.0
  0
LINE
  5
472
330
17
100
AcDbEntity
  8
LOGO_ENGRAVE
100
AcDbLine
 10
-3.457296
 20
-1.238184
 30
0.0
 11
-3.423528
 21
-1.127048
 31
0.0
  0
LINE
  5
473
330
17
100
AcDbEntity
  8
LOGO_ENGRAVE
100
AcDbLine
 10
-3.423528
 20
-1.127048
 30
0.0
 11
-3.386192
 21
-1.017064
 31
0.0
  0
LINE
  5
474
330
17
100
AcDbEntity
  8
LOGO_ENGRAVE
100
AcDbLine
 10
-3.386192
 20
-1.017064
 30
0.0
 11
-3.34532
 21
-0.908344
 31
0.0
  0
LINE
  5
475
330
17
100
AcDbEntity
  8
LOGO_ENGRAVE
100
AcDbLine
 10
-3.34532
 20
-0.908344
 30
0.0
 11
-3.30096
 21
-0.801
 31
0.0
  0
LINE
  5
476
330
17
100
AcDbEntity
  8
LOGO_ENGRAVE
100
AcDbLine
 10
-3.30096
 20
-0.801
 30
0.0
 11
-3.25316
 21
-0.695144
 31
0.0
  0
LINE
  5
477
330
17
100
AcDbEntity
  8
LOGO_ENGRAVE
100
AcDbLine
 10
-3.25316
 20
-0.695144
 30
0.0
 11
-3.20196
 21
-0.590888
 31
0.0
  0
LINE
  5
478
330
17
100
AcDbEntity
  8
LOGO_ENGRAVE
100
AcDbLine
 10
-3.20196
 20
-0.590888
 30
0.0
 11
-3.147424
 21
-0.488344
 31
0.0
  0
LINE
  5
479
330
17
100
AcDbEntity
  8
LOGO_ENGRAVE
100
AcDbLine
 10
-3.147424
 20
-0.488344
 30
0.0
 11
-3.0896
 21
-0.387608
 31
0.0
  0
LINE
  5
47A
330
17
100
AcDbEntity
  8
LOGO_ENGRAVE
100
AcDbLine
 10
-3.0896
 20
-0.387608
 30
0.0
 11
-3.02856
 21
-0.288792
 31
0.0
  0
LINE
  5
47B
330
17
100
AcDbEntity
  8
LOGO_ENGRAVE
100
AcDbLine
 10
-3.02856
 20
-0.288792
 30
0.0
 11
-2.96436
 21
-0.192008
 31
0.0
  0
LINE
  5
47C
330
17
100
AcDbEntity
  8
LOGO_ENGRAVE
100
AcDbLine
 10
-2.96436
 20
-0.192008
 30
0.0
 11
-2.897064
 21
-0.097336
 31
0.0
  0
LINE
  5
47D
330
17
100
AcDbEntity
  8
LOGO_ENGRAVE
100
AcDbLine
 10
-2.897064
 20
-0.097336
 30
0.0
 11
-2.826744
 21
-0.004895999999999998
 31
0.0
  0
LINE
  5
47E
330
17
100
AcDbEntity
  8
LOGO_ENGRAVE
100
AcDbLine
 10
-2.826744
 20
-0.004896
 30
0.0
 11
-2.75348
 21
0.085232
 31
0.0
  0
LINE
  5
47F
330
17
100
AcDbEntity
  8
LOGO_ENGRAVE
100
AcDbLine
 10
-2.75348
 20
0.085232
 30
0.0
 11
-2.677344
 21
0.172944
 31
0.0
  0
LINE
  5
480
330
17
100
AcDbEntity
  8
LOGO_ENGRAVE
100
AcDbLine
 10
-2.677344
 20
0.172944
 30
0.0
 11
-2.598408
 21
0.258152
 31
0.0
  0
LINE
  5
481
330
17
100
AcDbEntity
  8
LOGO_ENGRAVE
100
AcDbLine
 10
-2.598408
 20
0.258152
 30
0.0
 11
-2.516768
 21
0.340768
 31
0.0
  0
LINE
  5
482
330
17
100
AcDbEntity
  8
LOGO_ENGRAVE
100
AcDbLine
 10
-2.516768
 20
0.340768
 30
0.0
 11
-2.432504
 21
0.420704
 31
0.0
  0
LINE
  5
483
330
17
100
AcDbEntity
  8
LOGO_ENGRAVE
100
AcDbLine
 10
-2.432504
 20
0.420704
 30
0.0
 11
-2.345696
 21
0.49788
 31
0.0
  0
LINE
  5
484
330
17
100
AcDbEntity
  8
LOGO_ENGRAVE
100
AcDbLine
 10
-2.345696
 20
0.49788
 30
0.0
 11
-2.256448
 21
0.572208
 31
0.0
  0
LINE
  5
485
330
17
100
AcDbEntity
  8
LOGO_ENGRAVE
100
AcDbLine
 10
-2.256448
 20
0.572208
 30
0.0
 11
-2.16484
 21
0.643616
 31
0.0
  0
LINE
  5
486
330
17
100
AcDbEntity
  8
LOGO_ENGRAVE
100
AcDbLine
 10
-2.16484
 20
0.643616
 30
0.0
 11
-2.070984
 21
0.712024
 31
0.0
  0
LINE
  5
487
330
17
100
AcDbEntity
  8
LOGO_ENGRAVE
100
AcDbLine
 10
-2.070984
 20
0.712024
 30
0.0
 11
-1.97496
 21
0.777368
 31
0.0
  0
LINE
  5
488
330
17
100
AcDbEntity
  8
LOGO_ENGRAVE
100
AcDbLine
 10
-1.97496
 20
0.777368
 30
0.0
 11
-1.876872
 21
0.839584
 31
0.0
  0
LINE
  5
489
330
17
100
AcDbEntity
  8
LOGO_ENGRAVE
100
AcDbLine
 10
-1.876872
 20
0.839584
 30
0.0
 11
-1.776832
 21
0.898592
 31
0.0
  0
LINE
  5
48A
330
17
100
AcDbEntity
  8
LOGO_ENGRAVE
100
AcDbLine
 10
-1.776832
 20
0.898592
 30
0.0
 11
-1.674936
 21
0.954344
 31
0.0
  0
LINE
  5
48B
330
17
100
AcDbEntity
  8
LOGO_ENGRAVE
100
AcDbLine
 10
-1.674936
 20
0.954344
 30
0.0
 11
-1.571296
 21
1.006768
 31
0.0
  0
LINE
  5
48C
330
17
100
AcDbEntity
  8
LOGO_ENGRAVE
100
AcDbLine
 10
-1.571296
 20
1.006768
 30
0.0
 11
-1.466016
 21
1.055824
 31
0.0
  0
LINE
  5
48D
330
17
100
AcDbEntity
  8
LOGO_ENGRAVE
100
AcDbLine
 10
-1.466016
 20
1.055824
 30
0.0
 11
-1.359208
 21
1.101456
 31
0.0
  0
LINE
  5
48E
330
17
100
AcDbEntity
  8
LOGO_ENGRAVE
100
AcDbLine
 10
-1.359208
 20
1.101456
 30
0.0
 11
-1.250976
 21
1.143616
 31
0.0
  0
LINE
  5
48F
330
17
100
AcDbEntity
  8
LOGO_ENGRAVE
100
AcDbLine
 10
-1.250976
 20
1.143616
 30
0.0
 11
-1.141448
 21
1.182256
 31
0.0
  0
LINE
  5
490
330
17
100
AcDbEntity
  8
LOGO_ENGRAVE
100
AcDbLine
 10
-1.141448
 20
1.182256
 30
0.0
 11
-1.03072
 21
1.217336
 31
0.0
  0
LINE
  5
491
330
17
100
AcDbEntity
  8
LOGO_ENGRAVE
100
AcDbLine
 10
-1.03072
 20
1.217336
 30
0.0
 11
-0.91892
 21
1.248824
 31
0.0
  0
LINE
  5
492
330
17
100
AcDbEntity
  8
LOGO_ENGRAVE
100
AcDbLine
 10
-0.91892
 20
1.248824
 30
0.0
 11
-0.806168
 21
1.276688
 31
0.0
  0
LINE
  5
493
330
17
100
AcDbEntity
  8
LOGO_ENGRAVE
100
AcDbLine
 10
-0.806168
 20
1.276688
 30
0.0
 11
-0.692568
 21
1.300896
 31
0.0
  0
LINE
  5
494
330
17
100
AcDbEntity
  8
LOGO_ENGRAVE
100
AcDbLine
 10
-0.692568
 20
1.300896
 30
0.0
 11
-0.578248
 21
1.321416
 31
0.0
  0
LINE
  5
495
330
17
100
AcDbEntity
  8
LOGO_ENGRAVE
100
AcDbLine
 10
-0.578248
 20
1.321416
 30
0.0
 11
-0.46332
 21
1.33824
 31
0.0
  0
LINE
  5
496
330
17
100
AcDbEntity
  8
LOGO_ENGRAVE
100
AcDbLine
 10
-0.46332
 20
1.33824
 30
0.0
 11
-0.347912
 21
1.351344
 31
0.0
  0
LINE
  5
497
330
17
100
AcDbEntity
  8
LOGO_ENGRAVE
100
AcDbLine
 10
-0.347912
 20
1.351344
 30
0.0
 11
-0.232144
 21
1.360712
 31
0.0
  0
LINE
  5
498
330
17
100
AcDbEntity
  8
LOGO_ENGRAVE
100
AcDbLine
 10
-0.232144
 20
1.360712
 30
0.0
 11
-0.116136
 21
1.366336
 31
0.0
  0
LINE
  5
499
330
17
100
AcDbEntity
  8
LOGO_ENGRAVE
100
AcDbLine
 10
-0.116136
 20
1.366336
 30
0.0
 11
0.0
 21
1.368208
 31
0.0
  0
LINE
  5
49A
330
17
100
AcDbEntity
  8
LOGO_ENGRAVE
100
AcDbLine
 10
0.0
 20
1.368208
 30
0.0
 11
0.116136
 21
1.366336
 31
0.0
  0
LINE
  5
49B
330
17
100
AcDbEntity
  8
LOGO_ENGRAVE
100
AcDbLine
 10
0.116136
 20
1.366336
 30
0.0
 11
0.232144
 21
1.360712
 31
0.0
  0
LINE
  5
49C
330
17
100
AcDbEntity
  8
LOGO_ENGRAVE
100
AcDbLine
 10
0.232144
 20
1.360712
 30
0.0
 11
0.347912
 21
1.351344
 31
0.0
  0
LINE
  5
49D
330
17
100
AcDbEntity
  8
LOGO_ENGRAVE
100
AcDbLine
 10
0.347912
 20
1.351344
 30
0.0
 11
0.46332
 21
1.33824
 31
0.0
  0
LINE
  5
49E
330
17
100
AcDbEntity
  8
LOGO_ENGRAVE
100
AcDbLine
 10
0.46332
 20
1.33824
 30
0.0
 11
0.578248
 21
1.321416
 31
0.0
  0
LINE
  5
49F
330
17
100
AcDbEntity
  8
LOGO_ENGRAVE
100
AcDbLine
 10
0.578248
 20
1.321416
 30
0.0
 11
0.692568
 21
1.300896
 31
0.0
  0
LINE
  5
4A0
330
17
100
AcDbEntity
  8
LOGO_ENGRAVE
100
AcDbLine
 10
0.692568
 20
1.300896
 30
0.0
 11
0.806168
 21
1.276688
 31
0.0
  0
LINE
  5
4A1
330
17
100
AcDbEntity
  8
LOGO_ENGRAVE
100
AcDbLine
 10
0.806168
 20
1.276688
 30
0.0
 11
0.91892
 21
1.248824
 31
0.0
  0
LINE
  5
4A2
330
17
100
AcDbEntity
  8
LOGO_ENGRAVE
100
AcDbLine
 10
0.91892
 20
1.248824
 30
0.0
 11
1.03072
 21
1.217336
 31
0.0
  0
LINE
  5
4A3
330
17
100
AcDbEntity
  8
LOGO_ENGRAVE
100
AcDbLine
 10
1.03072
 20
1.217336
 30
0.0
 11
1.141448
 21
1.182256
 31
0.0
  0
LINE
  5
4A4
330
17
100
AcDbEntity
  8
LOGO_ENGRAVE
100
AcDbLine
 10
1.141448
 20
1.182256
 30
0.0
 11
1.250976
 21
1.143616
 31
0.0
  0
LINE
  5
4A5
330
17
100
AcDbEntity
  8
LOGO_ENGRAVE
100
AcDbLine
 10
1.250976
 20
1.143616
 30
0.0
 11
1.359208
 21
1.101456
 31
0.0
  0
LINE
  5
4A6
330
17
100
AcDbEntity
  8
LOGO_ENGRAVE
100
AcDbLine
 10
1.359208
 20
1.101456
 30
0.0
 11
1.466016
 21
1.055824
 31
0.0
  0
LINE
  5
4A7
330
17
100
AcDbEntity
  8
LOGO_ENGRAVE
100
AcDbLine
 10
1.466016
 20
1.055824
 30
0.0
 11
1.571296
 21
1.006768
 31
0.0
  0
LINE
  5
4A8
330
17
100
AcDbEntity
  8
LOGO_ENGRAVE
100
AcDbLine
 10
1.571296
 20
1.006768
 30
0.0
 11
1.674936
 21
0.954344
 31
0.0
  0
LINE
  5
4A9
330
17
100
AcDbEntity
  8
LOGO_ENGRAVE
100
AcDbLine
 10
1.674936
 20
0.954344
 30
0.0
 11
1.776832
 21
0.898592
 31
0.0
  0
LINE
  5
4AA
330
17
100
AcDbEntity
  8
LOGO_ENGRAVE
100
AcDbLine
 10
1.776832
 20
0.898592
 30
0.0
 11
1.876872
 21
0.839584
 31
0.0
  0
LINE
  5
4AB
330
17
100
AcDbEntity
  8
LOGO_ENGRAVE
100
AcDbLine
 10
1.876872
 20
0.839584
 30
0.0
 11
1.97496
 21
0.777368
 31
0.0
  0
LINE
  5
4AC
330
17
100
AcDbEntity
  8
LOGO_ENGRAVE
100
AcDbLine
 10
1.97496
 20
0.777368
 30
0.0
 11
2.070984
 21
0.712024
 31
0.0
  0
LINE
  5
4AD
330
17
100
AcDbEntity
  8
LOGO_ENGRAVE
100
AcDbLine
 10
2.070984
 20
0.712024
 30
0.0
 11
2.16484
 21
0.643616
 31
0.0
  0
LINE
  5
4AE
330
17
100
AcDbEntity
  8
LOGO_ENGRAVE
100
AcDbLine
 10
2.16484
 20
0.643616
 30
0.0
 11
2.256448
 21
0.572208
 31
0.0
  0
LINE
  5
4AF
330
17
100
AcDbEntity
  8
LOGO_ENGRAVE
100
AcDbLine
 10
2.256448
 20
0.572208
 30
0.0
 11
2.345696
 21
0.49788
 31
0.0
  0
LINE
  5
4B0
330
17
100
AcDbEntity
  8
LOGO_ENGRAVE
100
AcDbLine
 10
2.345696
 20
0.49788
 30
0.0
 11
2.432504
 21
0.420704
 31
0.0
  0
LINE
  5
4B1
330
17
100
AcDbEntity
  8
LOGO_ENGRAVE
100
AcDbLine
 10
2.432504
 20
0.420704
 30
0.0
 11
2.516768
 21
0.340768
 31
0.0
  0
LINE
  5
4B2
330
17
100
AcDbEntity
  8
LOGO_ENGRAVE
100
AcDbLine
 10
2.516768
 20
0.340768
 30
0.0
 11
2.598408
 21
0.258152
 31
0.0
  0
LINE
  5
4B3
330
17
100
AcDbEntity
  8
LOGO_ENGRAVE
100
AcDbLine
 10
2.598408
 20
0.258152
 30
0.0
 11
2.677344
 21
0.172944
 31
0.0
  0
LINE
  5
4B4
330
17
100
AcDbEntity
  8
LOGO_ENGRAVE
100
AcDbLine
 10
2.677344
 20
0.172944
 30
0.0
 11
2.75348
 21
0.085232
 31
0.0
  0
LINE
  5
4B5
330
17
100
AcDbEntity
  8
LOGO_ENGRAVE
100
AcDbLine
 10
2.75348
 20
0.085232
 30
0.0
 11
2.826744
 21
-0.004895999999999998
 31
0.0
  0
LINE
  5
4B6
330
17
100
AcDbEntity
  8
LOGO_ENGRAVE
100
AcDbLine
 10
2.826744
 20
-0.004896
 30
0.0
 11
2.897064
 21
-0.097336
 31
0.0
  0
LINE
  5
4B7
330
17
100
AcDbEntity
  8
LOGO_ENGRAVE
100
AcDbLine
 10
2.897064
 20
-0.097336
 30
0.0
 11
2.96436
 21
-0.192008
 31
0.0
  0
LINE
  5
4B8
330
17
100
AcDbEntity
  8
LOGO_ENGRAVE
100
AcDbLine
 10
2.96436
 20
-0.192008
 30
0.0
 11
3.02856
 21
-0.288792
 31
0.0
  0
LINE
  5
4B9
330
17
100
AcDbEntity
  8
LOGO_ENGRAVE
100
AcDbLine
 10
3.02856
 20
-0.288792
 30
0.0
 11
3.0896
 21
-0.387608
 31
0.0
  0
LINE
  5
4BA
330
17
100
AcDbEntity
  8
LOGO_ENGRAVE
100
AcDbLine
 10
3.0896
 20
-0.387608
 30
0.0
 11
3.147424
 21
-0.488344
 31
0.0
  0
LINE
  5
4BB
330
17
100
AcDbEntity
  8
LOGO_ENGRAVE
100
AcDbLine
 10
3.147424
 20
-0.488344
 30
0.0
 11
3.20196
 21
-0.590888
 31
0.0
  0
LINE
  5
4BC
330
17
100
AcDbEntity
  8
LOGO_ENGRAVE
100
AcDbLine
 10
3.20196
 20
-0.590888
 30
0.0
 11
3.25316
 21
-0.695144
 31
0.0
  0
LINE
  5
4BD
330
17
100
AcDbEntity
  8
LOGO_ENGRAVE
100
AcDbLine
 10
3.25316
 20
-0.695144
 30
0.0
 11
3.30096
 21
-0.801
 31
0.0
  0
LINE
  5
4BE
330
17
100
AcDbEntity
  8
LOGO_ENGRAVE
100
AcDbLine
 10
3.30096
 20
-0.801
 30
0.0
 11
3.34532
 21
-0.908344
 31
0.0
  0
LINE
  5
4BF
330
17
100
AcDbEntity
  8
LOGO_ENGRAVE
100
AcDbLine
 10
3.34532
 20
-0.908344
 30
0.0
 11
3.386192
 21
-1.017064
 31
0.0
  0
LINE
  5
4C0
330
17
100
AcDbEntity
  8
LOGO_ENGRAVE
100
AcDbLine
 10
3.386192
 20
-1.017064
 30
0.0
 11
3.423528
 21
-1.127048
 31
0.0
  0
LINE
  5
4C1
330
17
100
AcDbEntity
  8
LOGO_ENGRAVE
100
AcDbLine
 10
3.423528
 20
-1.127048
 30
0.0
 11
3.457296
 21
-1.238184
 31
0.0
  0
LINE
  5
4C2
330
17
100
AcDbEntity
  8
LOGO_ENGRAVE
100
AcDbLine
 10
3.457296
 20
-1.238184
 30
0.0
 11
3.487456
 21
-1.350344
 31
0.0
  0
LINE
  5
4C3
330
17
100
AcDbEntity
  8
LOGO_ENGRAVE
100
AcDbLine
 10
3.487456
 20
-1.350344
 30
0.0
 11
3.513984
 21
-1.463424
 31
0.0
  0
LINE
  5
4C4
330
17
100
AcDbEntity
  8
LOGO_ENGRAVE
100
AcDbLine
 10
3.513984
 20
-1.463424
 30
0.0
 11
3.53684
 21
-1.577304
 31
0.0
  0
LINE
  5
4C5
330
17
100
AcDbEntity
  8
LOGO_ENGRAVE
100
AcDbLine
 10
3.53684
 20
-1.577304
 30
0.0
 11
3.556008
 21
-1.691856
 31
0.0
  0
LINE
  5
4C6
330
17
100
AcDbEntity
  8
LOGO_ENGRAVE
100
AcDbLine
 10
3.556008
 20
-1.691856
 30
0.0
 11
3.56764
 21
-1.77848
 31
0.0
  0
LINE
  5
4C7
330
17
100
AcDbEntity
  8
LOGO_ENGRAVE
100
AcDbLine
 10
8.0
 20
0.0
 30
0.0
 11
7.998784
 21
-0.139616
 31
0.0
  0
LINE
  5
4C8
330
17
100
AcDbEntity
  8
LOGO_ENGRAVE
100
AcDbLine
 10
7.998784
 20
-0.139616
 30
0.0
 11
7.995128
 21
-0.279192
 31
0.0
  0
LINE
  5
4C9
330
17
100
AcDbEntity
  8
LOGO_ENGRAVE
100
AcDbLine
 10
7.995128
 20
-0.279192
 30
0.0
 11
7.98904
 21
-0.418688
 31
0.0
  0
LINE
  5
4CA
330
17
100
AcDbEntity
  8
LOGO_ENGRAVE
100
AcDbLine
 10
7.98904
 20
-0.418688
 30
0.0
 11
7.980512
 21
-0.558048
 31
0.0
  0
LINE
  5
4CB
330
17
100
AcDbEntity
  8
LOGO_ENGRAVE
100
AcDbLine
 10
7.980512
 20
-0.558048
 30
0.0
 11
7.96956
 21
-0.697248
 31
0.0
  0
LINE
  5
4CC
330
17
100
AcDbEntity
  8
LOGO_ENGRAVE
100
AcDbLine
 10
7.96956
 20
-0.697248
 30
0.0
 11
7.956176
 21
-0.836224
 31
0.0
  0
LINE
  5
4CD
330
17
100
AcDbEntity
  8
LOGO_ENGRAVE
100
AcDbLine
 10
7.956176
 20
-0.836224
 30
0.0
 11
7.940368
 21
-0.974952
 31
0.0
  0
LINE
  5
4CE
330
17
100
AcDbEntity
  8
LOGO_ENGRAVE
100
AcDbLine
 10
7.940368
 20
-0.974952
 30
0.0
 11
7.922144
 21
-1.113384
 31
0.0
  0
LINE
  5
4CF
330
17
100
AcDbEntity
  8
LOGO_ENGRAVE
100
AcDbLine
 10
7.922144
 20
-1.113384
 30
0.0
 11
7.901504
 21
-1.251472
 31
0.0
  0
LINE
  5
4D0
330
17
100
AcDbEntity
  8
LOGO_ENGRAVE
100
AcDbLine
 10
7.901504
 20
-1.251472
 30
0.0
 11
7.878464
 21
-1.389184
 31
0.0
  0
LINE
  5
4D1
330
17
100
AcDbEntity
  8
LOGO_ENGRAVE
100
AcDbLine
 10
7.878464
 20
-1.389184
 30
0.0
 11
7.8644
 21
-1.465048
 31
0.0
  0
LINE
  5
4D2
330
17
100
AcDbEntity
  8
LOGO_ENGRAVE
100
AcDbLine
 10
7.8644
 20
-1.465048
 30
0.0
 11
7.762568
 21
-1.419704
 31
0.0
  0
LINE
  5
4D3
330
17
100
AcDbEntity
  8
LOGO_ENGRAVE
100
AcDbLine
 10
7.762568
 20
-1.419704
 30
0.0
 11
7.622728
 21
-1.360056
 31
0.0
  0
LINE
  5
4D4
330
17
100
AcDbEntity
  8
LOGO_ENGRAVE
100
AcDbLine
 10
7.622728
 20
-1.360056
 30
0.0
 11
7.482888
 21
-1.308
 31
0.0
  0
LINE
  5
4D5
330
17
100
AcDbEntity
  8
LOGO_ENGRAVE
100
AcDbLine
 10
7.482888
 20
-1.308
 30
0.0
 11
7.343048
 21
-1.263432
 31
0.0
  0
LINE
  5
4D6
330
17
100
AcDbEntity
  8
LOGO_ENGRAVE
100
AcDbLine
 10
7.343048
 20
-1.263432
 30
0.0
 11
7.203208
 21
-1.226104
 31
0.0
  0
LINE
  5
4D7
330
17
100
AcDbEntity
  8
LOGO_ENGRAVE
100
AcDbLine
 10
7.203208
 20
-1.226104
 30
0.0
 11
7.063368
 21
-1.195784
 31
0.0
  0
LINE
  5
4D8
330
17
100
AcDbEntity
  8
LOGO_ENGRAVE
100
AcDbLine
 10
7.063368
 20
-1.195784
 30
0.0
 11
6.923528
 21
-1.172208
 31
0.0
  0
LINE
  5
4D9
330
17
100
AcDbEntity
  8
LOGO_ENGRAVE
100
AcDbLine
 10
6.923528
 20
-1.172208
 30
0.0
 11
6.783688
 21
-1.155128
 31
0.0
  0
LINE
  5
4DA
330
17
100
AcDbEntity
  8
LOGO_ENGRAVE
100
AcDbLine
 10
6.783688
 20
-1.155128
 30
0.0
 11
6.643848
 21
-1.14428
 31
0.0
  0
LINE
  5
4DB
330
17
100
AcDbEntity
  8
LOGO_ENGRAVE
100
AcDbLine
 10
6.643848
 20
-1.14428
 30
0.0
 11
6.504008
 21
-1.1394
 31
0.0
  0
LINE
  5
4DC
330
17
100
AcDbEntity
  8
LOGO_ENGRAVE
100
AcDbLine
 10
6.504008
 20
-1.1394
 30
0.0
 11
6.364168
 21
-1.140216
 31
0.0
  0
LINE
  5
4DD
330
17
100
AcDbEntity
  8
LOGO_ENGRAVE
100
AcDbLine
 10
6.364168
 20
-1.140216
 30
0.0
 11
6.224328
 21
-1.146464
 31
0.0
  0
LINE
  5
4DE
330
17
100
AcDbEntity
  8
LOGO_ENGRAVE
100
AcDbLine
 10
6.224328
 20
-1.146464
 30
0.0
 11
6.084488
 21
-1.157864
 31
0.0
  0
LINE
  5
4DF
330
17
100
AcDbEntity
  8
LOGO_ENGRAVE
100
AcDbLine
 10
6.084488
 20
-1.157864
 30
0.0
 11
5.944648
 21
-1.174136
 31
0.0
  0
LINE
  5
4E0
330
17
100
AcDbEntity
  8
LOGO_ENGRAVE
100
AcDbLine
 10
5.944648
 20
-1.174136
 30
0.0
 11
5.804816
 21
-1.194984
 31
0.0
  0
LINE
  5
4E1
330
17
100
AcDbEntity
  8
LOGO_ENGRAVE
100
AcDbLine
 10
5.804816
 20
-1.194984
 30
0.0
 11
5.664976
 21
-1.22012
 31
0.0
  0
LINE
  5
4E2
330
17
100
AcDbEntity
  8
LOGO_ENGRAVE
100
AcDbLine
 10
5.664976
 20
-1.22012
 30
0.0
 11
5.525136
 21
-1.249256
 31
0.0
  0
LINE
  5
4E3
330
17
100
AcDbEntity
  8
LOGO_ENGRAVE
100
AcDbLine
 10
5.525136
 20
-1.249256
 30
0.0
 11
5.385296
 21
-1.28208
 31
0.0
  0
LINE
  5
4E4
330
17
100
AcDbEntity
  8
LOGO_ENGRAVE
100
AcDbLine
 10
5.385296
 20
-1.28208
 30
0.0
 11
5.245456
 21
-1.318304
 31
0.0
  0
LINE
  5
4E5
330
17
100
AcDbEntity
  8
LOGO_ENGRAVE
100
AcDbLine
 10
5.245456
 20
-1.318304
 30
0.0
 11
5.105616
 21
-1.3576
 31
0.0
  0
LINE
  5
4E6
330
17
100
AcDbEntity
  8
LOGO_ENGRAVE
100
AcDbLine
 10
5.105616
 20
-1.3576
 30
0.0
 11
4.965776
 21
-1.399672
 31
0.0
  0
LINE
  5
4E7
330
17
100
AcDbEntity
  8
LOGO_ENGRAVE
100
AcDbLine
 10
4.965776
 20
-1.399672
 30
0.0
 11
4.825936
 21
-1.444192
 31
0.0
  0
LINE
  5
4E8
330
17
100
AcDbEntity
  8
LOGO_ENGRAVE
100
AcDbLine
 10
4.825936
 20
-1.444192
 30
0.0
 11
4.686096
 21
-1.49084
 31
0.0
  0
LINE
  5
4E9
330
17
100
AcDbEntity
  8
LOGO_ENGRAVE
100
AcDbLine
 10
4.686096
 20
-1.49084
 30
0.0
 11
4.546256
 21
-1.539288
 31
0.0
  0
LINE
  5
4EA
330
17
100
AcDbEntity
  8
LOGO_ENGRAVE
100
AcDbLine
 10
4.546256
 20
-1.539288
 30
0.0
 11
4.406416
 21
-1.589208
 31
0.0
  0
LINE
  5
4EB
330
17
100
AcDbEntity
  8
LOGO_ENGRAVE
100
AcDbLine
 10
4.406416
 20
-1.589208
 30
0.0
 11
4.266576
 21
-1.640264
 31
0.0
  0
LINE
  5
4EC
330
17
100
AcDbEntity
  8
LOGO_ENGRAVE
100
AcDbLine
 10
4.266576
 20
-1.640264
 30
0.0
 11
4.126736
 21
-1.692112
 31
0.0
  0
LINE
  5
4ED
330
17
100
AcDbEntity
  8
LOGO_ENGRAVE
100
AcDbLine
 10
4.126736
 20
-1.692112
 30
0.0
 11
4.01428
 21
-1.734168
 31
0.0
  0
LINE
  5
4EE
330
17
100
AcDbEntity
  8
LOGO_ENGRAVE
100
AcDbLine
 10
4.01428
 20
-1.734168
 30
0.0
 11
4.00632
 21
-1.677896
 31
0.0
  0
LINE
  5
4EF
330
17
100
AcDbEntity
  8
LOGO_ENGRAVE
100
AcDbLine
 10
4.00632
 20
-1.677896
 30
0.0
 11
3.983936
 21
-1.549464
 31
0.0
  0
LINE
  5
4F0
330
17
100
AcDbEntity
  8
LOGO_ENGRAVE
100
AcDbLine
 10
3.983936
 20
-1.549464
 30
0.0
 11
3.957432
 21
-1.421824
 31
0.0
  0
LINE
  5
4F1
330
17
100
AcDbEntity
  8
LOGO_ENGRAVE
100
AcDbLine
 10
3.957432
 20
-1.421824
 30
0.0
 11
3.926848
 21
-1.295104
 31
0.0
  0
LINE
  5
4F2
330
17
100
AcDbEntity
  8
LOGO_ENGRAVE
100
AcDbLine
 10
3.926848
 20
-1.295104
 30
0.0
 11
3.8922
 21
-1.169424
 31
0.0
  0
LINE
  5
4F3
330
17
100
AcDbEntity
  8
LOGO_ENGRAVE
100
AcDbLine
 10
3.8922
 20
-1.169424
 30
0.0
 11
3.853536
 21
-1.044928
 31
0.0
  0
LINE
  5
4F4
330
17
100
AcDbEntity
  8
LOGO_ENGRAVE
100
AcDbLine
 10
3.853536
 20
-1.044928
 30
0.0
 11
3.810888
 21
-0.921736
 31
0.0
  0
LINE
  5
4F5
330
17
100
AcDbEntity
  8
LOGO_ENGRAVE
100
AcDbLine
 10
3.810888
 20
-0.921736
 30
0.0
 11
3.764304
 21
-0.799984
 31
0.0
  0
LINE
  5
4F6
330
17
100
AcDbEntity
  8
LOGO_ENGRAVE
100
AcDbLine
 10
3.764304
 20
-0.799984
 30
0.0
 11
3.713824
 21
-0.679784
 31
0.0
  0
LINE
  5
4F7
330
17
100
AcDbEntity
  8
LOGO_ENGRAVE
100
AcDbLine
 10
3.713824
 20
-0.679784
 30
0.0
 11
3.65952
 21
-0.561272
 31
0.0
  0
LINE
  5
4F8
330
17
100
AcDbEntity
  8
LOGO_ENGRAVE
100
AcDbLine
 10
3.65952
 20
-0.561272
 30
0.0
 11
3.639624
 21
-0.521304
 31
0.0
  0
LINE
  5
4F9
330
17
100
AcDbEntity
  8
LOGO_ENGRAVE
100
AcDbLine
 10
3.639624
 20
-0.521304
 30
0.0
 11
3.64188
 21
-0.519728
 31
0.0
  0
LINE
  5
4FA
330
17
100
AcDbEntity
  8
LOGO_ENGRAVE
100
AcDbLine
 10
3.64188
 20
-0.519728
 30
0.0
 11
3.760064
 21
-0.43716
 31
0.0
  0
LINE
  5
4FB
330
17
100
AcDbEntity
  8
LOGO_ENGRAVE
100
AcDbLine
 10
3.760064
 20
-0.43716
 30
0.0
 11
3.877944
 21
-0.355008
 31
0.0
  0
LINE
  5
4FC
330
17
100
AcDbEntity
  8
LOGO_ENGRAVE
100
AcDbLine
 10
3.877944
 20
-0.355008
 30
0.0
 11
3.995624
 21
-0.2734
 31
0.0
  0
LINE
  5
4FD
330
17
100
AcDbEntity
  8
LOGO_ENGRAVE
100
AcDbLine
 10
3.995624
 20
-0.2734
 30
0.0
 11
4.113176
 21
-0.192432
 31
0.0
  0
LINE
  5
4FE
330
17
100
AcDbEntity
  8
LOGO_ENGRAVE
100
AcDbLine
 10
4.113176
 20
-0.192432
 30
0.0
 11
4.230696
 21
-0.112216
 31
0.0
  0
LINE
  5
4FF
330
17
100
AcDbEntity
  8
LOGO_ENGRAVE
100
AcDbLine
 10
4.230696
 20
-0.112216
 30
0.0
 11
4.348256
 21
-0.032832
 31
0.0
  0
LINE
  5
500
330
17
100
AcDbEntity
  8
LOGO_ENGRAVE
100
AcDbLine
 10
4.348256
 20
-0.032832
 30
0.0
 11
4.465928
 21
0.04562400000000001
 31
0.0
  0
LINE
  5
501
330
17
100
AcDbEntity
  8
LOGO_ENGRAVE
100
AcDbLine
 10
4.465928
 20
0.045624
 30
0.0
 11
4.583792
 21
0.12308
 31
0.0
  0
LINE
  5
502
330
17
100
AcDbEntity
  8
LOGO_ENGRAVE
100
AcDbLine
 10
4.583792
 20
0.12308
 30
0.0
 11
4.701904
 21
0.199456
 31
0.0
  0
LINE
  5
503
330
17
100
AcDbEntity
  8
LOGO_ENGRAVE
100
AcDbLine
 10
4.701904
 20
0.199456
 30
0.0
 11
4.820344
 21
0.27468
 31
0.0
  0
LINE
  5
504
330
17
100
AcDbEntity
  8
LOGO_ENGRAVE
100
AcDbLine
 10
4.820344
 20
0.27468
 30
0.0
 11
4.93916
 21
0.348704
 31
0.0
  0
LINE
  5
505
330
17
100
AcDbEntity
  8
LOGO_ENGRAVE
100
AcDbLine
 10
4.93916
 20
0.348704
 30
0.0
 11
5.058408
 21
0.421464
 31
0.0
  0
LINE
  5
506
330
17
100
AcDbEntity
  8
LOGO_ENGRAVE
100
AcDbLine
 10
5.058408
 20
0.421464
 30
0.0
 11
5.178152
 21
0.492904
 31
0.0
  0
LINE
  5
507
330
17
100
AcDbEntity
  8
LOGO_ENGRAVE
100
AcDbLine
 10
5.178152
 20
0.492904
 30
0.0
 11
5.298424
 21
0.562992
 31
0.0
  0
LINE
  5
508
330
17
100
AcDbEntity
  8
LOGO_ENGRAVE
100
AcDbLine
 10
5.298424
 20
0.562992
 30
0.0
 11
5.41928
 21
0.63168
 31
0.0
  0
LINE
  5
509
330
17
100
AcDbEntity
  8
LOGO_ENGRAVE
100
AcDbLine
 10
5.41928
 20
0.63168
 30
0.0
 11
5.540752
 21
0.698928
 31
0.0
  0
LINE
  5
50A
330
17
100
AcDbEntity
  8
LOGO_ENGRAVE
100
AcDbLine
 10
5.540752
 20
0.698928
 30
0.0
 11
5.662888
 21
0.76472
 31
0.0
  0
LINE
  5
50B
330
17
100
AcDbEntity
  8
LOGO_ENGRAVE
100
AcDbLine
 10
5.662888
 20
0.76472
 30
0.0
 11
5.785712
 21
0.829024
 31
0.0
  0
LINE
  5
50C
330
17
100
AcDbEntity
  8
LOGO_ENGRAVE
100
AcDbLine
 10
5.785712
 20
0.829024
 30
0.0
 11
5.909248
 21
0.891824
 31
0.0
  0
LINE
  5
50D
330
17
100
AcDbEntity
  8
LOGO_ENGRAVE
100
AcDbLine
 10
5.909248
 20
0.891824
 30
0.0
 11
6.033528
 21
0.953104
 31
0.0
  0
LINE
  5
50E
330
17
100
AcDbEntity
  8
LOGO_ENGRAVE
100
AcDbLine
 10
6.033528
 20
0.953104
 30
0.0
 11
6.158576
 21
1.012848
 31
0.0
  0
LINE
  5
50F
330
17
100
AcDbEntity
  8
LOGO_ENGRAVE
100
AcDbLine
 10
6.158576
 20
1.012848
 30
0.0
 11
6.2844
 21
1.071064
 31
0.0
  0
LINE
  5
510
330
17
100
AcDbEntity
  8
LOGO_ENGRAVE
100
AcDbLine
 10
6.2844
 20
1.071064
 30
0.0
 11
6.411024
 21
1.127744
 31
0.0
  0
LINE
  5
511
330
17
100
AcDbEntity
  8
LOGO_ENGRAVE
100
AcDbLine
 10
6.411024
 20
1.127744
 30
0.0
 11
6.53844
 21
1.182896
 31
0.0
  0
LINE
  5
512
330
17
100
AcDbEntity
  8
LOGO_ENGRAVE
100
AcDbLine
 10
6.53844
 20
1.182896
 30
0.0
 11
6.666664
 21
1.236528
 31
0.0
  0
LINE
  5
513
330
17
100
AcDbEntity
  8
LOGO_ENGRAVE
100
AcDbLine
 10
6.666664
 20
1.236528
 30
0.0
 11
6.795704
 21
1.288656
 31
0.0
  0
LINE
  5
514
330
17
100
AcDbEntity
  8
LOGO_ENGRAVE
100
AcDbLine
 10
6.795704
 20
1.288656
 30
0.0
 11
6.925552
 21
1.339304
 31
0.0
  0
LINE
  5
515
330
17
100
AcDbEntity
  8
LOGO_ENGRAVE
100
AcDbLine
 10
6.925552
 20
1.339304
 30
0.0
 11
7.0562
 21
1.388496
 31
0.0
  0
LINE
  5
516
330
17
100
AcDbEntity
  8
LOGO_ENGRAVE
100
AcDbLine
 10
7.0562
 20
1.388496
 30
0.0
 11
7.18764
 21
1.436264
 31
0.0
  0
LINE
  5
517
330
17
100
AcDbEntity
  8
LOGO_ENGRAVE
100
AcDbLine
 10
7.18764
 20
1.436264
 30
0.0
 11
7.319872
 21
1.482648
 31
0.0
  0
LINE
  5
518
330
17
100
AcDbEntity
  8
LOGO_ENGRAVE
100
AcDbLine
 10
7.319872
 20
1.482648
 30
0.0
 11
7.452872
 21
1.527688
 31
0.0
  0
LINE
  5
519
330
17
100
AcDbEntity
  8
LOGO_ENGRAVE
100
AcDbLine
 10
7.452872
 20
1.527688
 30
0.0
 11
7.586616
 21
1.571424
 31
0.0
  0
LINE
  5
51A
330
17
100
AcDbEntity
  8
LOGO_ENGRAVE
100
AcDbLine
 10
7.586616
 20
1.571424
 30
0.0
 11
7.721104
 21
1.61392
 31
0.0
  0
LINE
  5
51B
330
17
100
AcDbEntity
  8
LOGO_ENGRAVE
100
AcDbLine
 10
7.721104
 20
1.61392
 30
0.0
 11
7.828544
 21
1.64676
 31
0.0
  0
LINE
  5
51C
330
17
100
AcDbEntity
  8
LOGO_ENGRAVE
100
AcDbLine
 10
7.828544
 20
1.64676
 30
0.0
 11
7.853016
 21
1.526472
 31
0.0
  0
LINE
  5
51D
330
17
100
AcDbEntity
  8
LOGO_ENGRAVE
100
AcDbLine
 10
7.853016
 20
1.526472
 30
0.0
 11
7.878464
 21
1.389184
 31
0.0
  0
LINE
  5
51E
330
17
100
AcDbEntity
  8
LOGO_ENGRAVE
100
AcDbLine
 10
7.878464
 20
1.389184
 30
0.0
 11
7.901504
 21
1.251472
 31
0.0
  0
LINE
  5
51F
330
17
100
AcDbEntity
  8
LOGO_ENGRAVE
100
AcDbLine
 10
7.901504
 20
1.251472
 30
0.0
 11
7.922144
 21
1.113384
 31
0.0
  0
LINE
  5
520
330
17
100
AcDbEntity
  8
LOGO_ENGRAVE
100
AcDbLine
 10
7.922144
 20
1.113384
 30
0.0
 11
7.940368
 21
0.974952
 31
0.0
  0
LINE
  5
521
330
17
100
AcDbEntity
  8
LOGO_ENGRAVE
100
AcDbLine
 10
7.940368
 20
0.974952
 30
0.0
 11
7.956176
 21
0.836224
 31
0.0
  0
LINE
  5
522
330
17
100
AcDbEntity
  8
LOGO_ENGRAVE
100
AcDbLine
 10
7.956176
 20
0.836224
 30
0.0
 11
7.96956
 21
0.697248
 31
0.0
  0
LINE
  5
523
330
17
100
AcDbEntity
  8
LOGO_ENGRAVE
100
AcDbLine
 10
7.96956
 20
0.697248
 30
0.0
 11
7.980512
 21
0.558048
 31
0.0
  0
LINE
  5
524
330
17
100
AcDbEntity
  8
LOGO_ENGRAVE
100
AcDbLine
 10
7.980512
 20
0.558048
 30
0.0
 11
7.98904
 21
0.418688
 31
0.0
  0
LINE
  5
525
330
17
100
AcDbEntity
  8
LOGO_ENGRAVE
100
AcDbLine
 10
7.98904
 20
0.418688
 30
0.0
 11
7.995128
 21
0.279192
 31
0.0
  0
LINE
  5
526
330
17
100
AcDbEntity
  8
LOGO_ENGRAVE
100
AcDbLine
 10
7.995128
 20
0.279192
 30
0.0
 11
7.998784
 21
0.139616
 31
0.0
  0
LINE
  5
527
330
17
100
AcDbEntity
  8
LOGO_ENGRAVE
100
AcDbLine
 10
7.998784
 20
0.139616
 30
0.0
 11
8.0
 21
0.0
 31
0.0
  0
LINE
  5
528
330
17
100
AcDbEntity
  8
LOGO_ENGRAVE
100
AcDbLine
 10
-7.66288
 20
2.296976
 30
0.0
 11
-7.65044
 21
2.338976
 31
0.0
  0
LINE
  5
529
330
17
100
AcDbEntity
  8
LOGO_ENGRAVE
100
AcDbLine
 10
-7.65044
 20
2.338976
 30
0.0
 11
-7.608456
 21
2.472136
 31
0.0
  0
LINE
  5
52A
330
17
100
AcDbEntity
  8
LOGO_ENGRAVE
100
AcDbLine
 10
-7.608456
 20
2.472136
 30
0.0
 11
-7.564152
 21
2.604544
 31
0.0
  0
LINE
  5
52B
330
17
100
AcDbEntity
  8
LOGO_ENGRAVE
100
AcDbLine
 10
-7.564152
 20
2.604544
 30
0.0
 11
-7.517544
 21
2.73616
 31
0.0
  0
LINE
  5
52C
330
17
100
AcDbEntity
  8
LOGO_ENGRAVE
100
AcDbLine
 10
-7.517544
 20
2.73616
 30
0.0
 11
-7.46864
 21
2.866944
 31
0.0
  0
LINE
  5
52D
330
17
100
AcDbEntity
  8
LOGO_ENGRAVE
100
AcDbLine
 10
-7.46864
 20
2.866944
 30
0.0
 11
-7.417472
 21
2.996856
 31
0.0
  0
LINE
  5
52E
330
17
100
AcDbEntity
  8
LOGO_ENGRAVE
100
AcDbLine
 10
-7.417472
 20
2.996856
 30
0.0
 11
-7.36404
 21
3.125848
 31
0.0
  0
LINE
  5
52F
330
17
100
AcDbEntity
  8
LOGO_ENGRAVE
100
AcDbLine
 10
-7.36404
 20
3.125848
 30
0.0
 11
-7.30836
 21
3.253896
 31
0.0
  0
LINE
  5
530
330
17
100
AcDbEntity
  8
LOGO_ENGRAVE
100
AcDbLine
 10
-7.30836
 20
3.253896
 30
0.0
 11
-7.250464
 21
3.380944
 31
0.0
  0
LINE
  5
531
330
17
100
AcDbEntity
  8
LOGO_ENGRAVE
100
AcDbLine
 10
-7.250464
 20
3.380944
 30
0.0
 11
-7.190352
 21
3.506968
 31
0.0
  0
LINE
  5
532
330
17
100
AcDbEntity
  8
LOGO_ENGRAVE
100
AcDbLine
 10
-7.190352
 20
3.506968
 30
0.0
 11
-7.128056
 21
3.63192
 31
0.0
  0
LINE
  5
533
330
17
100
AcDbEntity
  8
LOGO_ENGRAVE
100
AcDbLine
 10
-7.128056
 20
3.63192
 30
0.0
 11
-7.063584
 21
3.755776
 31
0.0
  0
LINE
  5
534
330
17
100
AcDbEntity
  8
LOGO_ENGRAVE
100
AcDbLine
 10
-7.063584
 20
3.755776
 30
0.0
 11
-6.99696
 21
3.87848
 31
0.0
  0
LINE
  5
535
330
17
100
AcDbEntity
  8
LOGO_ENGRAVE
100
AcDbLine
 10
-6.99696
 20
3.87848
 30
0.0
 11
-6.9282
 21
4.0
 31
0.0
  0
LINE
  5
536
330
17
100
AcDbEntity
  8
LOGO_ENGRAVE
100
AcDbLine
 10
-6.9282
 20
4.0
 30
0.0
 11
-6.857336
 21
4.120304
 31
0.0
  0
LINE
  5
537
330
17
100
AcDbEntity
  8
LOGO_ENGRAVE
100
AcDbLine
 10
-6.857336
 20
4.120304
 30
0.0
 11
-6.784384
 21
4.239352
 31
0.0
  0
LINE
  5
538
330
17
100
AcDbEntity
  8
LOGO_ENGRAVE
100
AcDbLine
 10
-6.784384
 20
4.239352
 30
0.0
 11
-6.709368
 21
4.357112
 31
0.0
  0
LINE
  5
539
330
17
100
AcDbEntity
  8
LOGO_ENGRAVE
100
AcDbLine
 10
-6.709368
 20
4.357112
 30
0.0
 11
-6.632304
 21
4.473544
 31
0.0
  0
LINE
  5
53A
330
17
100
AcDbEntity
  8
LOGO_ENGRAVE
100
AcDbLine
 10
-6.632304
 20
4.473544
 30
0.0
 11
-6.553216
 21
4.588608
 31
0.0
  0
LINE
  5
53B
330
17
100
AcDbEntity
  8
LOGO_ENGRAVE
100
AcDbLine
 10
-6.553216
 20
4.588608
 30
0.0
 11
-6.472136
 21
4.70228
 31
0.0
  0
LINE
  5
53C
330
17
100
AcDbEntity
  8
LOGO_ENGRAVE
100
AcDbLine
 10
-6.472136
 20
4.70228
 30
0.0
 11
-6.389088
 21
4.81452
 31
0.0
  0
LINE
  5
53D
330
17
100
AcDbEntity
  8
LOGO_ENGRAVE
100
AcDbLine
 10
-6.389088
 20
4.81452
 30
0.0
 11
-6.304088
 21
4.925288
 31
0.0
  0
LINE
  5
53E
330
17
100
AcDbEntity
  8
LOGO_ENGRAVE
100
AcDbLine
 10
-6.304088
 20
4.925288
 30
0.0
 11
-6.217168
 21
5.03456
 31
0.0
  0
LINE
  5
53F
330
17
100
AcDbEntity
  8
LOGO_ENGRAVE
100
AcDbLine
 10
-6.217168
 20
5.03456
 30
0.0
 11
-6.162504
 21
5.100872
 31
0.0
  0
LINE
  5
540
330
17
100
AcDbEntity
  8
LOGO_ENGRAVE
100
AcDbLine
 10
-6.162504
 20
5.100872
 30
0.0
 11
-6.076432
 21
5.013544
 31
0.0
  0
LINE
  5
541
330
17
100
AcDbEntity
  8
LOGO_ENGRAVE
100
AcDbLine
 10
-6.076432
 20
5.013544
 30
0.0
 11
-5.976256
 21
4.911808
 31
0.0
  0
LINE
  5
542
330
17
100
AcDbEntity
  8
LOGO_ENGRAVE
100
AcDbLine
 10
-5.976256
 20
4.911808
 30
0.0
 11
-5.876224
 21
4.810064
 31
0.0
  0
LINE
  5
543
330
17
100
AcDbEntity
  8
LOGO_ENGRAVE
100
AcDbLine
 10
-5.876224
 20
4.810064
 30
0.0
 11
-5.776344
 21
4.708272
 31
0.0
  0
LINE
  5
544
330
17
100
AcDbEntity
  8
LOGO_ENGRAVE
100
AcDbLine
 10
-5.776344
 20
4.708272
 30
0.0
 11
-5.676656
 21
4.606424
 31
0.0
  0
LINE
  5
545
330
17
100
AcDbEntity
  8
LOGO_ENGRAVE
100
AcDbLine
 10
-5.676656
 20
4.606424
 30
0.0
 11
-5.577168
 21
4.50448
 31
0.0
  0
LINE
  5
546
330
17
100
AcDbEntity
  8
LOGO_ENGRAVE
100
AcDbLine
 10
-5.577168
 20
4.50448
 30
0.0
 11
-5.477904
 21
4.402424
 31
0.0
  0
LINE
  5
547
330
17
100
AcDbEntity
  8
LOGO_ENGRAVE
100
AcDbLine
 10
-5.477904
 20
4.402424
 30
0.0
 11
-5.378888
 21
4.30024
 31
0.0
  0
LINE
  5
548
330
17
100
AcDbEntity
  8
LOGO_ENGRAVE
100
AcDbLine
 10
-5.378888
 20
4.30024
 30
0.0
 11
-5.280136
 21
4.197904
 31
0.0
  0
LINE
  5
549
330
17
100
AcDbEntity
  8
LOGO_ENGRAVE
100
AcDbLine
 10
-5.280136
 20
4.197904
 30
0.0
 11
-5.181664
 21
4.095392
 31
0.0
  0
LINE
  5
54A
330
17
100
AcDbEntity
  8
LOGO_ENGRAVE
100
AcDbLine
 10
-5.181664
 20
4.095392
 30
0.0
 11
-5.083496
 21
3.992688
 31
0.0
  0
LINE
  5
54B
330
17
100
AcDbEntity
  8
LOGO_ENGRAVE
100
AcDbLine
 10
-5.083496
 20
3.992688
 30
0.0
 11
-4.98564
 21
3.889776
 31
0.0
  0
LINE
  5
54C
330
17
100
AcDbEntity
  8
LOGO_ENGRAVE
100
AcDbLine
 10
-4.98564
 20
3.889776
 30
0.0
 11
-4.88812
 21
3.78664
 31
0.0
  0
LINE
  5
54D
330
17
100
AcDbEntity
  8
LOGO_ENGRAVE
100
AcDbLine
 10
-4.88812
 20
3.78664
 30
0.0
 11
-4.790936
 21
3.683256
 31
0.0
  0
LINE
  5
54E
330
17
100
AcDbEntity
  8
LOGO_ENGRAVE
100
AcDbLine
 10
-4.790936
 20
3.683256
 30
0.0
 11
-4.694112
 21
3.579624
 31
0.0
  0
LINE
  5
54F
330
17
100
AcDbEntity
  8
LOGO_ENGRAVE
100
AcDbLine
 10
-4.694112
 20
3.579624
 30
0.0
 11
-4.597656
 21
3.475728
 31
0.0
  0
LINE
  5
550
330
17
100
AcDbEntity
  8
LOGO_ENGRAVE
100
AcDbLine
 10
-4.597656
 20
3.475728
 30
0.0
 11
-4.501584
 21
3.371544
 31
0.0
  0
LINE
  5
551
330
17
100
AcDbEntity
  8
LOGO_ENGRAVE
100
AcDbLine
 10
-4.501584
 20
3.371544
 30
0.0
 11
-4.405904
 21
3.267072
 31
0.0
  0
LINE
  5
552
330
17
100
AcDbEntity
  8
LOGO_ENGRAVE
100
AcDbLine
 10
-4.405904
 20
3.267072
 30
0.0
 11
-4.310616
 21
3.162296
 31
0.0
  0
LINE
  5
553
330
17
100
AcDbEntity
  8
LOGO_ENGRAVE
100
AcDbLine
 10
-4.310616
 20
3.162296
 30
0.0
 11
-4.215736
 21
3.057208
 31
0.0
  0
LINE
  5
554
330
17
100
AcDbEntity
  8
LOGO_ENGRAVE
100
AcDbLine
 10
-4.215736
 20
3.057208
 30
0.0
 11
-4.121272
 21
2.9518
 31
0.0
  0
LINE
  5
555
330
17
100
AcDbEntity
  8
LOGO_ENGRAVE
100
AcDbLine
 10
-4.121272
 20
2.9518
 30
0.0
 11
-4.027232
 21
2.846072
 31
0.0
  0
LINE
  5
556
330
17
100
AcDbEntity
  8
LOGO_ENGRAVE
100
AcDbLine
 10
-4.027232
 20
2.846072
 30
0.0
 11
-3.933608
 21
2.74
 31
0.0
  0
LINE
  5
557
330
17
100
AcDbEntity
  8
LOGO_ENGRAVE
100
AcDbLine
 10
-3.933608
 20
2.74
 30
0.0
 11
-3.840416
 21
2.633592
 31
0.0
  0
LINE
  5
558
330
17
100
AcDbEntity
  8
LOGO_ENGRAVE
100
AcDbLine
 10
-3.840416
 20
2.633592
 30
0.0
 11
-3.747664
 21
2.52684
 31
0.0
  0
LINE
  5
559
330
17
100
AcDbEntity
  8
LOGO_ENGRAVE
100
AcDbLine
 10
-3.747664
 20
2.52684
 30
0.0
 11
-3.655336
 21
2.419744
 31
0.0
  0
LINE
  5
55A
330
17
100
AcDbEntity
  8
LOGO_ENGRAVE
100
AcDbLine
 10
-3.655336
 20
2.419744
 30
0.0
 11
-3.56344
 21
2.312296
 31
0.0
  0
LINE
  5
55B
330
17
100
AcDbEntity
  8
LOGO_ENGRAVE
100
AcDbLine
 10
-3.56344
 20
2.312296
 30
0.0
 11
-3.471984
 21
2.204496
 31
0.0
  0
LINE
  5
55C
330
17
100
AcDbEntity
  8
LOGO_ENGRAVE
100
AcDbLine
 10
-3.471984
 20
2.204496
 30
0.0
 11
-3.38096
 21
2.096336
 31
0.0
  0
LINE
  5
55D
330
17
100
AcDbEntity
  8
LOGO_ENGRAVE
100
AcDbLine
 10
-3.38096
 20
2.096336
 30
0.0
 11
-3.29036
 21
1.987824
 31
0.0
  0
LINE
  5
55E
330
17
100
AcDbEntity
  8
LOGO_ENGRAVE
100
AcDbLine
 10
-3.29036
 20
1.987824
 30
0.0
 11
-3.200192
 21
1.87896
 31
0.0
  0
LINE
  5
55F
330
17
100
AcDbEntity
  8
LOGO_ENGRAVE
100
AcDbLine
 10
-3.200192
 20
1.87896
 30
0.0
 11
-3.11044
 21
1.769744
 31
0.0
  0
LINE
  5
560
330
17
100
AcDbEntity
  8
LOGO_ENGRAVE
100
AcDbLine
 10
-3.11044
 20
1.769744
 30
0.0
 11
-3.021104
 21
1.660176
 31
0.0
  0
LINE
  5
561
330
17
100
AcDbEntity
  8
LOGO_ENGRAVE
100
AcDbLine
 10
-3.021104
 20
1.660176
 30
0.0
 11
-2.932184
 21
1.550264
 31
0.0
  0
LINE
  5
562
330
17
100
AcDbEntity
  8
LOGO_ENGRAVE
100
AcDbLine
 10
-2.932184
 20
1.550264
 30
0.0
 11
-2.843656
 21
1.440008
 31
0.0
  0
LINE
  5
563
330
17
100
AcDbEntity
  8
LOGO_ENGRAVE
100
AcDbLine
 10
-2.843656
 20
1.440008
 30
0.0
 11
-2.75552
 21
1.329416
 31
0.0
  0
LINE
  5
564
330
17
100
AcDbEntity
  8
LOGO_ENGRAVE
100
AcDbLine
 10
-2.75552
 20
1.329416
 30
0.0
 11
-2.667768
 21
1.218488
 31
0.0
  0
LINE
  5
565
330
17
100
AcDbEntity
  8
LOGO_ENGRAVE
100
AcDbLine
 10
-2.667768
 20
1.218488
 30
0.0
 11
-2.580384
 21
1.107232
 31
0.0
  0
LINE
  5
566
330
17
100
AcDbEntity
  8
LOGO_ENGRAVE
100
AcDbLine
 10
-2.580384
 20
1.107232
 30
0.0
 11
-2.49336
 21
0.995656
 31
0.0
  0
LINE
  5
567
330
17
100
AcDbEntity
  8
LOGO_ENGRAVE
100
AcDbLine
 10
-2.49336
 20
0.995656
 30
0.0
 11
-2.441368
 21
0.928552
 31
0.0
  0
LINE
  5
568
330
17
100
AcDbEntity
  8
LOGO_ENGRAVE
100
AcDbLine
 10
-2.441368
 20
0.928552
 30
0.0
 11
-2.534536
 21
0.856408
 31
0.0
  0
LINE
  5
569
330
17
100
AcDbEntity
  8
LOGO_ENGRAVE
100
AcDbLine
 10
-2.534536
 20
0.856408
 30
0.0
 11
-2.634992
 21
0.77332
 31
0.0
  0
LINE
  5
56A
330
17
100
AcDbEntity
  8
LOGO_ENGRAVE
100
AcDbLine
 10
-2.634992
 20
0.77332
 30
0.0
 11
-2.73272
 21
0.68704
 31
0.0
  0
LINE
  5
56B
330
17
100
AcDbEntity
  8
LOGO_ENGRAVE
100
AcDbLine
 10
-2.73272
 20
0.68704
 30
0.0
 11
-2.827624
 21
0.597672
 31
0.0
  0
LINE
  5
56C
330
17
100
AcDbEntity
  8
LOGO_ENGRAVE
100
AcDbLine
 10
-2.827624
 20
0.597672
 30
0.0
 11
-2.919616
 21
0.505296
 31
0.0
  0
LINE
  5
56D
330
17
100
AcDbEntity
  8
LOGO_ENGRAVE
100
AcDbLine
 10
-2.919616
 20
0.505296
 30
0.0
 11
-3.008584
 21
0.410016
 31
0.0
  0
LINE
  5
56E
330
17
100
AcDbEntity
  8
LOGO_ENGRAVE
100
AcDbLine
 10
-3.008584
 20
0.410016
 30
0.0
 11
-3.094448
 21
0.31192
 31
0.0
  0
LINE
  5
56F
330
17
100
AcDbEntity
  8
LOGO_ENGRAVE
100
AcDbLine
 10
-3.094448
 20
0.31192
 30
0.0
 11
-3.177112
 21
0.211112
 31
0.0
  0
LINE
  5
570
330
17
100
AcDbEntity
  8
LOGO_ENGRAVE
100
AcDbLine
 10
-3.177112
 20
0.211112
 30
0.0
 11
-3.256496
 21
0.107712
 31
0.0
  0
LINE
  5
571
330
17
100
AcDbEntity
  8
LOGO_ENGRAVE
100
AcDbLine
 10
-3.256496
 20
0.107712
 30
0.0
 11
-3.327352
 21
0.008984000000000006
 31
0.0
  0
LINE
  5
572
330
17
100
AcDbEntity
  8
LOGO_ENGRAVE
100
AcDbLine
 10
-3.327352
 20
0.008984
 30
0.0
 11
-3.405376
 21
0.064864
 31
0.0
  0
LINE
  5
573
330
17
100
AcDbEntity
  8
LOGO_ENGRAVE
100
AcDbLine
 10
-3.405376
 20
0.064864
 30
0.0
 11
-3.52316
 21
0.149
 31
0.0
  0
LINE
  5
574
330
17
100
AcDbEntity
  8
LOGO_ENGRAVE
100
AcDbLine
 10
-3.52316
 20
0.149
 30
0.0
 11
-3.641248
 21
0.232952
 31
0.0
  0
LINE
  5
575
330
17
100
AcDbEntity
  8
LOGO_ENGRAVE
100
AcDbLine
 10
-3.641248
 20
0.232952
 30
0.0
 11
-3.759704
 21
0.3166
 31
0.0
  0
LINE
  5
576
330
17
100
AcDbEntity
  8
LOGO_ENGRAVE
100
AcDbLine
 10
-3.759704
 20
0.3166
 30
0.0
 11
-3.878608
 21
0.399824
 31
0.0
  0
LINE
  5
577
330
17
100
AcDbEntity
  8
LOGO_ENGRAVE
100
AcDbLine
 10
-3.878608
 20
0.399824
 30
0.0
 11
-3.998008
 21
0.482504
 31
0.0
  0
LINE
  5
578
330
17
100
AcDbEntity
  8
LOGO_ENGRAVE
100
AcDbLine
 10
-3.998008
 20
0.482504
 30
0.0
 11
-4.117976
 21
0.564544
 31
0.0
  0
LINE
  5
579
330
17
100
AcDbEntity
  8
LOGO_ENGRAVE
100
AcDbLine
 10
-4.117976
 20
0.564544
 30
0.0
 11
-4.23856
 21
0.645832
 31
0.0
  0
LINE
  5
57A
330
17
100
AcDbEntity
  8
LOGO_ENGRAVE
100
AcDbLine
 10
-4.23856
 20
0.645832
 30
0.0
 11
-4.359808
 21
0.726272
 31
0.0
  0
LINE
  5
57B
330
17
100
AcDbEntity
  8
LOGO_ENGRAVE
100
AcDbLine
 10
-4.359808
 20
0.726272
 30
0.0
 11
-4.481776
 21
0.805776
 31
0.0
  0
LINE
  5
57C
330
17
100
AcDbEntity
  8
LOGO_ENGRAVE
100
AcDbLine
 10
-4.481776
 20
0.805776
 30
0.0
 11
-4.604504
 21
0.884256
 31
0.0
  0
LINE
  5
57D
330
17
100
AcDbEntity
  8
LOGO_ENGRAVE
100
AcDbLine
 10
-4.604504
 20
0.884256
 30
0.0
 11
-4.728024
 21
0.961632
 31
0.0
  0
LINE
  5
57E
330
17
100
AcDbEntity
  8
LOGO_ENGRAVE
100
AcDbLine
 10
-4.728024
 20
0.961632
 30
0.0
 11
-4.852368
 21
1.037832
 31
0.0
  0
LINE
  5
57F
330
17
100
AcDbEntity
  8
LOGO_ENGRAVE
100
AcDbLine
 10
-4.852368
 20
1.037832
 30
0.0
 11
-4.977576
 21
1.112784
 31
0.0
  0
LINE
  5
580
330
17
100
AcDbEntity
  8
LOGO_ENGRAVE
100
AcDbLine
 10
-4.977576
 20
1.112784
 30
0.0
 11
-5.103656
 21
1.186424
 31
0.0
  0
LINE
  5
581
330
17
100
AcDbEntity
  8
LOGO_ENGRAVE
100
AcDbLine
 10
-5.103656
 20
1.186424
 30
0.0
 11
-5.230624
 21
1.258696
 31
0.0
  0
LINE
  5
582
330
17
100
AcDbEntity
  8
LOGO_ENGRAVE
100
AcDbLine
 10
-5.230624
 20
1.258696
 30
0.0
 11
-5.358504
 21
1.329544
 31
0.0
  0
LINE
  5
583
330
17
100
AcDbEntity
  8
LOGO_ENGRAVE
100
AcDbLine
 10
-5.358504
 20
1.329544
 30
0.0
 11
-5.487296
 21
1.398928
 31
0.0
  0
LINE
  5
584
330
17
100
AcDbEntity
  8
LOGO_ENGRAVE
100
AcDbLine
 10
-5.487296
 20
1.398928
 30
0.0
 11
-5.617
 21
1.4668
 31
0.0
  0
LINE
  5
585
330
17
100
AcDbEntity
  8
LOGO_ENGRAVE
100
AcDbLine
 10
-5.617
 20
1.4668
 30
0.0
 11
-5.747616
 21
1.533128
 31
0.0
  0
LINE
  5
586
330
17
100
AcDbEntity
  8
LOGO_ENGRAVE
100
AcDbLine
 10
-5.747616
 20
1.533128
 30
0.0
 11
-5.879136
 21
1.597888
 31
0.0
  0
LINE
  5
587
330
17
100
AcDbEntity
  8
LOGO_ENGRAVE
100
AcDbLine
 10
-5.879136
 20
1.597888
 30
0.0
 11
-6.011544
 21
1.661056
 31
0.0
  0
LINE
  5
588
330
17
100
AcDbEntity
  8
LOGO_ENGRAVE
100
AcDbLine
 10
-6.011544
 20
1.661056
 30
0.0
 11
-6.144824
 21
1.722624
 31
0.0
  0
LINE
  5
589
330
17
100
AcDbEntity
  8
LOGO_ENGRAVE
100
AcDbLine
 10
-6.144824
 20
1.722624
 30
0.0
 11
-6.27896
 21
1.782568
 31
0.0
  0
LINE
  5
58A
330
17
100
AcDbEntity
  8
LOGO_ENGRAVE
100
AcDbLine
 10
-6.27896
 20
1.782568
 30
0.0
 11
-6.41392
 21
1.840888
 31
0.0
  0
LINE
  5
58B
330
17
100
AcDbEntity
  8
LOGO_ENGRAVE
100
AcDbLine
 10
-6.41392
 20
1.840888
 30
0.0
 11
-6.549672
 21
1.8976
 31
0.0
  0
LINE
  5
58C
330
17
100
AcDbEntity
  8
LOGO_ENGRAVE
100
AcDbLine
 10
-6.549672
 20
1.8976
 30
0.0
 11
-6.686184
 21
1.952712
 31
0.0
  0
LINE
  5
58D
330
17
100
AcDbEntity
  8
LOGO_ENGRAVE
100
AcDbLine
 10
-6.686184
 20
1.952712
 30
0.0
 11
-6.823424
 21
2.006232
 31
0.0
  0
LINE
  5
58E
330
17
100
AcDbEntity
  8
LOGO_ENGRAVE
100
AcDbLine
 10
-6.823424
 20
2.006232
 30
0.0
 11
-6.961336
 21
2.0582
 31
0.0
  0
LINE
  5
58F
330
17
100
AcDbEntity
  8
LOGO_ENGRAVE
100
AcDbLine
 10
-6.961336
 20
2.0582
 30
0.0
 11
-7.099896
 21
2.108624
 31
0.0
  0
LINE
  5
590
330
17
100
AcDbEntity
  8
LOGO_ENGRAVE
100
AcDbLine
 10
-7.099896
 20
2.108624
 30
0.0
 11
-7.239032
 21
2.157568
 31
0.0
  0
LINE
  5
591
330
17
100
AcDbEntity
  8
LOGO_ENGRAVE
100
AcDbLine
 10
-7.239032
 20
2.157568
 30
0.0
 11
-7.378712
 21
2.205064
 31
0.0
  0
LINE
  5
592
330
17
100
AcDbEntity
  8
LOGO_ENGRAVE
100
AcDbLine
 10
-7.378712
 20
2.205064
 30
0.0
 11
-7.518872
 21
2.25116
 31
0.0
  0
LINE
  5
593
330
17
100
AcDbEntity
  8
LOGO_ENGRAVE
100
AcDbLine
 10
-7.518872
 20
2.25116
 30
0.0
 11
-7.659464
 21
2.295928
 31
0.0
  0
LINE
  5
594
330
17
100
AcDbEntity
  8
LOGO_ENGRAVE
100
AcDbLine
 10
-7.659464
 20
2.295928
 30
0.0
 11
-7.66288
 21
2.296976
 31
0.0
  0
LINE
  5
595
330
17
100
AcDbEntity
  8
LOGO_ENGRAVE
100
AcDbLine
 10
-5.647816
 20
5.665736
 30
0.0
 11
-5.557264
 21
5.75472
 31
0.0
  0
LINE
  5
596
330
17
100
AcDbEntity
  8
LOGO_ENGRAVE
100
AcDbLine
 10
-5.557264
 20
5.75472
 30
0.0
 11
-5.455984
 21
5.850832
 31
0.0
  0
LINE
  5
597
330
17
100
AcDbEntity
  8
LOGO_ENGRAVE
100
AcDbLine
 10
-5.455984
 20
5.850832
 30
0.0
 11
-5.353048
 21
5.94516
 31
0.0
  0
LINE
  5
598
330
17
100
AcDbEntity
  8
LOGO_ENGRAVE
100
AcDbLine
 10
-5.353048
 20
5.94516
 30
0.0
 11
-5.248472
 21
6.03768
 31
0.0
  0
LINE
  5
599
330
17
100
AcDbEntity
  8
LOGO_ENGRAVE
100
AcDbLine
 10
-5.248472
 20
6.03768
 30
0.0
 11
-5.142304
 21
6.128352
 31
0.0
  0
LINE
  5
59A
330
17
100
AcDbEntity
  8
LOGO_ENGRAVE
100
AcDbLine
 10
-5.142304
 20
6.128352
 30
0.0
 11
-5.03456
 21
6.217168
 31
0.0
  0
LINE
  5
59B
330
17
100
AcDbEntity
  8
LOGO_ENGRAVE
100
AcDbLine
 10
-5.03456
 20
6.217168
 30
0.0
 11
-4.925288
 21
6.304088
 31
0.0
  0
LINE
  5
59C
330
17
100
AcDbEntity
  8
LOGO_ENGRAVE
100
AcDbLine
 10
-4.925288
 20
6.304088
 30
0.0
 11
-4.81452
 21
6.389088
 31
0.0
  0
LINE
  5
59D
330
17
100
AcDbEntity
  8
LOGO_ENGRAVE
100
AcDbLine
 10
-4.81452
 20
6.389088
 30
0.0
 11
-4.70228
 21
6.472136
 31
0.0
  0
LINE
  5
59E
330
17
100
AcDbEntity
  8
LOGO_ENGRAVE
100
AcDbLine
 10
-4.70228
 20
6.472136
 30
0.0
 11
-4.588608
 21
6.553216
 31
0.0
  0
LINE
  5
59F
330
17
100
AcDbEntity
  8
LOGO_ENGRAVE
100
AcDbLine
 10
-4.588608
 20
6.553216
 30
0.0
 11
-4.473544
 21
6.632304
 31
0.0
  0
LINE
  5
5A0
330
17
100
AcDbEntity
  8
LOGO_ENGRAVE
100
AcDbLine
 10
-4.473544
 20
6.632304
 30
0.0
 11
-4.357112
 21
6.709368
 31
0.0
  0
LINE
  5
5A1
330
17
100
AcDbEntity
  8
LOGO_ENGRAVE
100
AcDbLine
 10
-4.357112
 20
6.709368
 30
0.0
 11
-4.239352
 21
6.784384
 31
0.0
  0
LINE
  5
5A2
330
17
100
AcDbEntity
  8
LOGO_ENGRAVE
100
AcDbLine
 10
-4.239352
 20
6.784384
 30
0.0
 11
-4.120304
 21
6.857336
 31
0.0
  0
LINE
  5
5A3
330
17
100
AcDbEntity
  8
LOGO_ENGRAVE
100
AcDbLine
 10
-4.120304
 20
6.857336
 30
0.0
 11
-4.0
 21
6.9282
 31
0.0
  0
LINE
  5
5A4
330
17
100
AcDbEntity
  8
LOGO_ENGRAVE
100
AcDbLine
 10
-4.0
 20
6.9282
 30
0.0
 11
-3.87848
 21
6.99696
 31
0.0
  0
LINE
  5
5A5
330
17
100
AcDbEntity
  8
LOGO_ENGRAVE
100
AcDbLine
 10
-3.87848
 20
6.99696
 30
0.0
 11
-3.755776
 21
7.063584
 31
0.0
  0
LINE
  5
5A6
330
17
100
AcDbEntity
  8
LOGO_ENGRAVE
100
AcDbLine
 10
-3.755776
 20
7.063584
 30
0.0
 11
-3.63192
 21
7.128056
 31
0.0
  0
LINE
  5
5A7
330
17
100
AcDbEntity
  8
LOGO_ENGRAVE
100
AcDbLine
 10
-3.63192
 20
7.128056
 30
0.0
 11
-3.506968
 21
7.190352
 31
0.0
  0
LINE
  5
5A8
330
17
100
AcDbEntity
  8
LOGO_ENGRAVE
100
AcDbLine
 10
-3.506968
 20
7.190352
 30
0.0
 11
-3.380944
 21
7.250464
 31
0.0
  0
LINE
  5
5A9
330
17
100
AcDbEntity
  8
LOGO_ENGRAVE
100
AcDbLine
 10
-3.380944
 20
7.250464
 30
0.0
 11
-3.253896
 21
7.30836
 31
0.0
  0
LINE
  5
5AA
330
17
100
AcDbEntity
  8
LOGO_ENGRAVE
100
AcDbLine
 10
-3.253896
 20
7.30836
 30
0.0
 11
-3.125848
 21
7.36404
 31
0.0
  0
LINE
  5
5AB
330
17
100
AcDbEntity
  8
LOGO_ENGRAVE
100
AcDbLine
 10
-3.125848
 20
7.36404
 30
0.0
 11
-2.996856
 21
7.417472
 31
0.0
  0
LINE
  5
5AC
330
17
100
AcDbEntity
  8
LOGO_ENGRAVE
100
AcDbLine
 10
-2.996856
 20
7.417472
 30
0.0
 11
-2.866944
 21
7.46864
 31
0.0
  0
LINE
  5
5AD
330
17
100
AcDbEntity
  8
LOGO_ENGRAVE
100
AcDbLine
 10
-2.866944
 20
7.46864
 30
0.0
 11
-2.73616
 21
7.517544
 31
0.0
  0
LINE
  5
5AE
330
17
100
AcDbEntity
  8
LOGO_ENGRAVE
100
AcDbLine
 10
-2.73616
 20
7.517544
 30
0.0
 11
-2.647568
 21
7.548912
 31
0.0
  0
LINE
  5
5AF
330
17
100
AcDbEntity
  8
LOGO_ENGRAVE
100
AcDbLine
 10
-2.647568
 20
7.548912
 30
0.0
 11
-2.632712
 21
7.505552
 31
0.0
  0
LINE
  5
5B0
330
17
100
AcDbEntity
  8
LOGO_ENGRAVE
100
AcDbLine
 10
-2.632712
 20
7.505552
 30
0.0
 11
-2.587696
 21
7.37196
 31
0.0
  0
LINE
  5
5B1
330
17
100
AcDbEntity
  8
LOGO_ENGRAVE
100
AcDbLine
 10
-2.587696
 20
7.37196
 30
0.0
 11
-2.54328
 21
7.238104
 31
0.0
  0
LINE
  5
5B2
330
17
100
AcDbEntity
  8
LOGO_ENGRAVE
100
AcDbLine
 10
-2.54328
 20
7.238104
 30
0.0
 11
-2.499448
 21
7.104
 31
0.0
  0
LINE
  5
5B3
330
17
100
AcDbEntity
  8
LOGO_ENGRAVE
100
AcDbLine
 10
-2.499448
 20
7.104
 30
0.0
 11
-2.456168
 21
6.969648
 31
0.0
  0
LINE
  5
5B4
330
17
100
AcDbEntity
  8
LOGO_ENGRAVE
100
AcDbLine
 10
-2.456168
 20
6.969648
 30
0.0
 11
-2.413416
 21
6.835064
 31
0.0
  0
LINE
  5
5B5
330
17
100
AcDbEntity
  8
LOGO_ENGRAVE
100
AcDbLine
 10
-2.413416
 20
6.835064
 30
0.0
 11
-2.371168
 21
6.700264
 31
0.0
  0
LINE
  5
5B6
330
17
100
AcDbEntity
  8
LOGO_ENGRAVE
100
AcDbLine
 10
-2.371168
 20
6.700264
 30
0.0
 11
-2.3294
 21
6.565248
 31
0.0
  0
LINE
  5
5B7
330
17
100
AcDbEntity
  8
LOGO_ENGRAVE
100
AcDbLine
 10
-2.3294
 20
6.565248
 30
0.0
 11
-2.288088
 21
6.43004
 31
0.0
  0
LINE
  5
5B8
330
17
100
AcDbEntity
  8
LOGO_ENGRAVE
100
AcDbLine
 10
-2.288088
 20
6.43004
 30
0.0
 11
-2.247216
 21
6.294632
 31
0.0
  0
LINE
  5
5B9
330
17
100
AcDbEntity
  8
LOGO_ENGRAVE
100
AcDbLine
 10
-2.247216
 20
6.294632
 30
0.0
 11
-2.20676
 21
6.159048
 31
0.0
  0
LINE
  5
5BA
330
17
100
AcDbEntity
  8
LOGO_ENGRAVE
100
AcDbLine
 10
-2.20676
 20
6.159048
 30
0.0
 11
-2.166688
 21
6.023296
 31
0.0
  0
LINE
  5
5BB
330
17
100
AcDbEntity
  8
LOGO_ENGRAVE
100
AcDbLine
 10
-2.166688
 20
6.023296
 30
0.0
 11
-2.126992
 21
5.887384
 31
0.0
  0
LINE
  5
5BC
330
17
100
AcDbEntity
  8
LOGO_ENGRAVE
100
AcDbLine
 10
-2.126992
 20
5.887384
 30
0.0
 11
-2.087648
 21
5.751312
 31
0.0
  0
LINE
  5
5BD
330
17
100
AcDbEntity
  8
LOGO_ENGRAVE
100
AcDbLine
 10
-2.087648
 20
5.751312
 30
0.0
 11
-2.048648
 21
5.615096
 31
0.0
  0
LINE
  5
5BE
330
17
100
AcDbEntity
  8
LOGO_ENGRAVE
100
AcDbLine
 10
-2.048648
 20
5.615096
 30
0.0
 11
-2.009952
 21
5.478736
 31
0.0
  0
LINE
  5
5BF
330
17
100
AcDbEntity
  8
LOGO_ENGRAVE
100
AcDbLine
 10
-2.009952
 20
5.478736
 30
0.0
 11
-1.971568
 21
5.342256
 31
0.0
  0
LINE
  5
5C0
330
17
100
AcDbEntity
  8
LOGO_ENGRAVE
100
AcDbLine
 10
-1.971568
 20
5.342256
 30
0.0
 11
-1.933456
 21
5.205648
 31
0.0
  0
LINE
  5
5C1
330
17
100
AcDbEntity
  8
LOGO_ENGRAVE
100
AcDbLine
 10
-1.933456
 20
5.205648
 30
0.0
 11
-1.895624
 21
5.06892
 31
0.0
  0
LINE
  5
5C2
330
17
100
AcDbEntity
  8
LOGO_ENGRAVE
100
AcDbLine
 10
-1.895624
 20
5.06892
 30
0.0
 11
-1.85804
 21
4.932088
 31
0.0
  0
LINE
  5
5C3
330
17
100
AcDbEntity
  8
LOGO_ENGRAVE
100
AcDbLine
 10
-1.85804
 20
4.932088
 30
0.0
 11
-1.820696
 21
4.795152
 31
0.0
  0
LINE
  5
5C4
330
17
100
AcDbEntity
  8
LOGO_ENGRAVE
100
AcDbLine
 10
-1.820696
 20
4.795152
 30
0.0
 11
-1.783584
 21
4.65812
 31
0.0
  0
LINE
  5
5C5
330
17
100
AcDbEntity
  8
LOGO_ENGRAVE
100
AcDbLine
 10
-1.783584
 20
4.65812
 30
0.0
 11
-1.74668
 21
4.521
 31
0.0
  0
LINE
  5
5C6
330
17
100
AcDbEntity
  8
LOGO_ENGRAVE
100
AcDbLine
 10
-1.74668
 20
4.521
 30
0.0
 11
-1.709984
 21
4.383784
 31
0.0
  0
LINE
  5
5C7
330
17
100
AcDbEntity
  8
LOGO_ENGRAVE
100
AcDbLine
 10
-1.709984
 20
4.383784
 30
0.0
 11
-1.67348
 21
4.246496
 31
0.0
  0
LINE
  5
5C8
330
17
100
AcDbEntity
  8
LOGO_ENGRAVE
100
AcDbLine
 10
-1.67348
 20
4.246496
 30
0.0
 11
-1.63716
 21
4.109136
 31
0.0
  0
LINE
  5
5C9
330
17
100
AcDbEntity
  8
LOGO_ENGRAVE
100
AcDbLine
 10
-1.63716
 20
4.109136
 30
0.0
 11
-1.601016
 21
3.971704
 31
0.0
  0
LINE
  5
5CA
330
17
100
AcDbEntity
  8
LOGO_ENGRAVE
100
AcDbLine
 10
-1.601016
 20
3.971704
 30
0.0
 11
-1.56504
 21
3.834208
 31
0.0
  0
LINE
  5
5CB
330
17
100
AcDbEntity
  8
LOGO_ENGRAVE
100
AcDbLine
 10
-1.56504
 20
3.834208
 30
0.0
 11
-1.529224
 21
3.696648
 31
0.0
  0
LINE
  5
5CC
330
17
100
AcDbEntity
  8
LOGO_ENGRAVE
100
AcDbLine
 10
-1.529224
 20
3.696648
 30
0.0
 11
-1.49356
 21
3.559024
 31
0.0
  0
LINE
  5
5CD
330
17
100
AcDbEntity
  8
LOGO_ENGRAVE
100
AcDbLine
 10
-1.49356
 20
3.559024
 30
0.0
 11
-1.458048
 21
3.42136
 31
0.0
  0
LINE
  5
5CE
330
17
100
AcDbEntity
  8
LOGO_ENGRAVE
100
AcDbLine
 10
-1.458048
 20
3.42136
 30
0.0
 11
-1.422672
 21
3.28364
 31
0.0
  0
LINE
  5
5CF
330
17
100
AcDbEntity
  8
LOGO_ENGRAVE
100
AcDbLine
 10
-1.422672
 20
3.28364
 30
0.0
 11
-1.387448
 21
3.145872
 31
0.0
  0
LINE
  5
5D0
330
17
100
AcDbEntity
  8
LOGO_ENGRAVE
100
AcDbLine
 10
-1.387448
 20
3.145872
 30
0.0
 11
-1.352352
 21
3.008056
 31
0.0
  0
LINE
  5
5D1
330
17
100
AcDbEntity
  8
LOGO_ENGRAVE
100
AcDbLine
 10
-1.352352
 20
3.008056
 30
0.0
 11
-1.317392
 21
2.870208
 31
0.0
  0
LINE
  5
5D2
330
17
100
AcDbEntity
  8
LOGO_ENGRAVE
100
AcDbLine
 10
-1.317392
 20
2.870208
 30
0.0
 11
-1.28256
 21
2.732312
 31
0.0
  0
LINE
  5
5D3
330
17
100
AcDbEntity
  8
LOGO_ENGRAVE
100
AcDbLine
 10
-1.28256
 20
2.732312
 30
0.0
 11
-1.247872
 21
2.594392
 31
0.0
  0
LINE
  5
5D4
330
17
100
AcDbEntity
  8
LOGO_ENGRAVE
100
AcDbLine
 10
-1.247872
 20
2.594392
 30
0.0
 11
-1.213312
 21
2.456424
 31
0.0
  0
LINE
  5
5D5
330
17
100
AcDbEntity
  8
LOGO_ENGRAVE
100
AcDbLine
 10
-1.213312
 20
2.456424
 30
0.0
 11
-1.17888
 21
2.318432
 31
0.0
  0
LINE
  5
5D6
330
17
100
AcDbEntity
  8
LOGO_ENGRAVE
100
AcDbLine
 10
-1.17888
 20
2.318432
 30
0.0
 11
-1.144592
 21
2.180408
 31
0.0
  0
LINE
  5
5D7
330
17
100
AcDbEntity
  8
LOGO_ENGRAVE
100
AcDbLine
 10
-1.144592
 20
2.180408
 30
0.0
 11
-1.110448
 21
2.042352
 31
0.0
  0
LINE
  5
5D8
330
17
100
AcDbEntity
  8
LOGO_ENGRAVE
100
AcDbLine
 10
-1.110448
 20
2.042352
 30
0.0
 11
-1.07644
 21
1.904272
 31
0.0
  0
LINE
  5
5D9
330
17
100
AcDbEntity
  8
LOGO_ENGRAVE
100
AcDbLine
 10
-1.07644
 20
1.904272
 30
0.0
 11
-1.042584
 21
1.766152
 31
0.0
  0
LINE
  5
5DA
330
17
100
AcDbEntity
  8
LOGO_ENGRAVE
100
AcDbLine
 10
-1.042584
 20
1.766152
 30
0.0
 11
-1.008888
 21
1.628016
 31
0.0
  0
LINE
  5
5DB
330
17
100
AcDbEntity
  8
LOGO_ENGRAVE
100
AcDbLine
 10
-1.008888
 20
1.628016
 30
0.0
 11
-1.0066
 21
1.618616
 31
0.0
  0
LINE
  5
5DC
330
17
100
AcDbEntity
  8
LOGO_ENGRAVE
100
AcDbLine
 10
-1.0066
 20
1.618616
 30
0.0
 11
-1.031496
 21
1.612496
 31
0.0
  0
LINE
  5
5DD
330
17
100
AcDbEntity
  8
LOGO_ENGRAVE
100
AcDbLine
 10
-1.031496
 20
1.612496
 30
0.0
 11
-1.157024
 21
1.57732
 31
0.0
  0
LINE
  5
5DE
330
17
100
AcDbEntity
  8
LOGO_ENGRAVE
100
AcDbLine
 10
-1.157024
 20
1.57732
 30
0.0
 11
-1.28136
 21
1.538128
 31
0.0
  0
LINE
  5
5DF
330
17
100
AcDbEntity
  8
LOGO_ENGRAVE
100
AcDbLine
 10
-1.28136
 20
1.538128
 30
0.0
 11
-1.404368
 21
1.49496
 31
0.0
  0
LINE
  5
5E0
330
17
100
AcDbEntity
  8
LOGO_ENGRAVE
100
AcDbLine
 10
-1.404368
 20
1.49496
 30
0.0
 11
-1.525928
 21
1.447864
 31
0.0
  0
LINE
  5
5E1
330
17
100
AcDbEntity
  8
LOGO_ENGRAVE
100
AcDbLine
 10
-1.525928
 20
1.447864
 30
0.0
 11
-1.645904
 21
1.39688
 31
0.0
  0
LINE
  5
5E2
330
17
100
AcDbEntity
  8
LOGO_ENGRAVE
100
AcDbLine
 10
-1.645904
 20
1.39688
 30
0.0
 11
-1.764192
 21
1.342072
 31
0.0
  0
LINE
  5
5E3
330
17
100
AcDbEntity
  8
LOGO_ENGRAVE
100
AcDbLine
 10
-1.764192
 20
1.342072
 30
0.0
 11
-1.880648
 21
1.283488
 31
0.0
  0
LINE
  5
5E4
330
17
100
AcDbEntity
  8
LOGO_ENGRAVE
100
AcDbLine
 10
-1.880648
 20
1.283488
 30
0.0
 11
-1.933152
 21
1.25492
 31
0.0
  0
LINE
  5
5E5
330
17
100
AcDbEntity
  8
LOGO_ENGRAVE
100
AcDbLine
 10
-1.933152
 20
1.25492
 30
0.0
 11
-2.010184
 21
1.360368
 31
0.0
  0
LINE
  5
5E6
330
17
100
AcDbEntity
  8
LOGO_ENGRAVE
100
AcDbLine
 10
-2.010184
 20
1.360368
 30
0.0
 11
-2.095224
 21
1.475976
 31
0.0
  0
LINE
  5
5E7
330
17
100
AcDbEntity
  8
LOGO_ENGRAVE
100
AcDbLine
 10
-2.095224
 20
1.475976
 30
0.0
 11
-2.180672
 21
1.591336
 31
0.0
  0
LINE
  5
5E8
330
17
100
AcDbEntity
  8
LOGO_ENGRAVE
100
AcDbLine
 10
-2.180672
 20
1.591336
 30
0.0
 11
-2.26656
 21
1.706432
 31
0.0
  0
LINE
  5
5E9
330
17
100
AcDbEntity
  8
LOGO_ENGRAVE
100
AcDbLine
 10
-2.26656
 20
1.706432
 30
0.0
 11
-2.35288
 21
1.821256
 31
0.0
  0
LINE
  5
5EA
330
17
100
AcDbEntity
  8
LOGO_ENGRAVE
100
AcDbLine
 10
-2.35288
 20
1.821256
 30
0.0
 11
-2.439648
 21
1.9358
 31
0.0
  0
LINE
  5
5EB
330
17
100
AcDbEntity
  8
LOGO_ENGRAVE
100
AcDbLine
 10
-2.439648
 20
1.9358
 30
0.0
 11
-2.526864
 21
2.050056
 31
0.0
  0
LINE
  5
5EC
330
17
100
AcDbEntity
  8
LOGO_ENGRAVE
100
AcDbLine
 10
-2.526864
 20
2.050056
 30
0.0
 11
-2.614544
 21
2.164008
 31
0.0
  0
LINE
  5
5ED
330
17
100
AcDbEntity
  8
LOGO_ENGRAVE
100
AcDbLine
 10
-2.614544
 20
2.164008
 30
0.0
 11
-2.70268
 21
2.277656
 31
0.0
  0
LINE
  5
5EE
330
17
100
AcDbEntity
  8
LOGO_ENGRAVE
100
AcDbLine
 10
-2.70268
 20
2.277656
 30
0.0
 11
-2.79128
 21
2.390984
 31
0.0
  0
LINE
  5
5EF
330
17
100
AcDbEntity
  8
LOGO_ENGRAVE
100
AcDbLine
 10
-2.79128
 20
2.390984
 30
0.0
 11
-2.880344
 21
2.503992
 31
0.0
  0
LINE
  5
5F0
330
17
100
AcDbEntity
  8
LOGO_ENGRAVE
100
AcDbLine
 10
-2.880344
 20
2.503992
 30
0.0
 11
-2.969872
 21
2.616672
 31
0.0
  0
LINE
  5
5F1
330
17
100
AcDbEntity
  8
LOGO_ENGRAVE
100
AcDbLine
 10
-2.969872
 20
2.616672
 30
0.0
 11
-3.059864
 21
2.729024
 31
0.0
  0
LINE
  5
5F2
330
17
100
AcDbEntity
  8
LOGO_ENGRAVE
100
AcDbLine
 10
-3.059864
 20
2.729024
 30
0.0
 11
-3.150312
 21
2.84104
 31
0.0
  0
LINE
  5
5F3
330
17
100
AcDbEntity
  8
LOGO_ENGRAVE
100
AcDbLine
 10
-3.150312
 20
2.84104
 30
0.0
 11
-3.241224
 21
2.952712
 31
0.0
  0
LINE
  5
5F4
330
17
100
AcDbEntity
  8
LOGO_ENGRAVE
100
AcDbLine
 10
-3.241224
 20
2.952712
 30
0.0
 11
-3.332584
 21
3.06404
 31
0.0
  0
LINE
  5
5F5
330
17
100
AcDbEntity
  8
LOGO_ENGRAVE
100
AcDbLine
 10
-3.332584
 20
3.06404
 30
0.0
 11
-3.424392
 21
3.175032
 31
0.0
  0
LINE
  5
5F6
330
17
100
AcDbEntity
  8
LOGO_ENGRAVE
100
AcDbLine
 10
-3.424392
 20
3.175032
 30
0.0
 11
-3.516632
 21
3.285672
 31
0.0
  0
LINE
  5
5F7
330
17
100
AcDbEntity
  8
LOGO_ENGRAVE
100
AcDbLine
 10
-3.516632
 20
3.285672
 30
0.0
 11
-3.609304
 21
3.395976
 31
0.0
  0
LINE
  5
5F8
330
17
100
AcDbEntity
  8
LOGO_ENGRAVE
100
AcDbLine
 10
-3.609304
 20
3.395976
 30
0.0
 11
-3.7024
 21
3.505936
 31
0.0
  0
LINE
  5
5F9
330
17
100
AcDbEntity
  8
LOGO_ENGRAVE
100
AcDbLine
 10
-3.7024
 20
3.505936
 30
0.0
 11
-3.795896
 21
3.615552
 31
0.0
  0
LINE
  5
5FA
330
17
100
AcDbEntity
  8
LOGO_ENGRAVE
100
AcDbLine
 10
-3.795896
 20
3.615552
 30
0.0
 11
-3.889792
 21
3.724824
 31
0.0
  0
LINE
  5
5FB
330
17
100
AcDbEntity
  8
LOGO_ENGRAVE
100
AcDbLine
 10
-3.889792
 20
3.724824
 30
0.0
 11
-3.984072
 21
3.833768
 31
0.0
  0
LINE
  5
5FC
330
17
100
AcDbEntity
  8
LOGO_ENGRAVE
100
AcDbLine
 10
-3.984072
 20
3.833768
 30
0.0
 11
-4.078712
 21
3.942384
 31
0.0
  0
LINE
  5
5FD
330
17
100
AcDbEntity
  8
LOGO_ENGRAVE
100
AcDbLine
 10
-4.078712
 20
3.942384
 30
0.0
 11
-4.173704
 21
4.050672
 31
0.0
  0
LINE
  5
5FE
330
17
100
AcDbEntity
  8
LOGO_ENGRAVE
100
AcDbLine
 10
-4.173704
 20
4.050672
 30
0.0
 11
-4.26904
 21
4.158648
 31
0.0
  0
LINE
  5
5FF
330
17
100
AcDbEntity
  8
LOGO_ENGRAVE
100
AcDbLine
 10
-4.26904
 20
4.158648
 30
0.0
 11
-4.36468
 21
4.266304
 31
0.0
  0
LINE
  5
600
330
17
100
AcDbEntity
  8
LOGO_ENGRAVE
100
AcDbLine
 10
-4.36468
 20
4.266304
 30
0.0
 11
-4.460616
 21
4.373664
 31
0.0
  0
LINE
  5
601
330
17
100
AcDbEntity
  8
LOGO_ENGRAVE
100
AcDbLine
 10
-4.460616
 20
4.373664
 30
0.0
 11
-4.556832
 21
4.480728
 31
0.0
  0
LINE
  5
602
330
17
100
AcDbEntity
  8
LOGO_ENGRAVE
100
AcDbLine
 10
-4.556832
 20
4.480728
 30
0.0
 11
-4.653304
 21
4.587512
 31
0.0
  0
LINE
  5
603
330
17
100
AcDbEntity
  8
LOGO_ENGRAVE
100
AcDbLine
 10
-4.653304
 20
4.587512
 30
0.0
 11
-4.75
 21
4.694032
 31
0.0
  0
LINE
  5
604
330
17
100
AcDbEntity
  8
LOGO_ENGRAVE
100
AcDbLine
 10
-4.75
 20
4.694032
 30
0.0
 11
-4.846912
 21
4.80028
 31
0.0
  0
LINE
  5
605
330
17
100
AcDbEntity
  8
LOGO_ENGRAVE
100
AcDbLine
 10
-4.846912
 20
4.80028
 30
0.0
 11
-4.944
 21
4.906288
 31
0.0
  0
LINE
  5
606
330
17
100
AcDbEntity
  8
LOGO_ENGRAVE
100
AcDbLine
 10
-4.944
 20
4.906288
 30
0.0
 11
-5.04124
 21
5.012064
 31
0.0
  0
LINE
  5
607
330
17
100
AcDbEntity
  8
LOGO_ENGRAVE
100
AcDbLine
 10
-5.04124
 20
5.012064
 30
0.0
 11
-5.138616
 21
5.117624
 31
0.0
  0
LINE
  5
608
330
17
100
AcDbEntity
  8
LOGO_ENGRAVE
100
AcDbLine
 10
-5.138616
 20
5.117624
 30
0.0
 11
-5.236088
 21
5.222984
 31
0.0
  0
LINE
  5
609
330
17
100
AcDbEntity
  8
LOGO_ENGRAVE
100
AcDbLine
 10
-5.236088
 20
5.222984
 30
0.0
 11
-5.33364
 21
5.328152
 31
0.0
  0
LINE
  5
60A
330
17
100
AcDbEntity
  8
LOGO_ENGRAVE
100
AcDbLine
 10
-5.33364
 20
5.328152
 30
0.0
 11
-5.431224
 21
5.43316
 31
0.0
  0
LINE
  5
60B
330
17
100
AcDbEntity
  8
LOGO_ENGRAVE
100
AcDbLine
 10
-5.431224
 20
5.43316
 30
0.0
 11
-5.528816
 21
5.538024
 31
0.0
  0
LINE
  5
60C
330
17
100
AcDbEntity
  8
LOGO_ENGRAVE
100
AcDbLine
 10
-5.528816
 20
5.538024
 30
0.0
 11
-5.626392
 21
5.642752
 31
0.0
  0
LINE
  5
60D
330
17
100
AcDbEntity
  8
LOGO_ENGRAVE
100
AcDbLine
 10
-5.626392
 20
5.642752
 30
0.0
 11
-5.647816
 21
5.665736
 31
0.0
  0
LINE
  5
60E
330
17
100
AcDbEntity
  8
LOGO_ENGRAVE
100
AcDbLine
 10
7.66288
 20
2.296976
 30
0.0
 11
7.659464
 21
2.295928
 31
0.0
  0
LINE
  5
60F
330
17
100
AcDbEntity
  8
LOGO_ENGRAVE
100
AcDbLine
 10
7.659464
 20
2.295928
 30
0.0
 11
7.518872
 21
2.25116
 31
0.0
  0
LINE
  5
610
330
17
100
AcDbEntity
  8
LOGO_ENGRAVE
100
AcDbLine
 10
7.518872
 20
2.25116
 30
0.0
 11
7.378712
 21
2.205064
 31
0.0
  0
LINE
  5
611
330
17
100
AcDbEntity
  8
LOGO_ENGRAVE
100
AcDbLine
 10
7.378712
 20
2.205064
 30
0.0
 11
7.239032
 21
2.157568
 31
0.0
  0
LINE
  5
612
330
17
100
AcDbEntity
  8
LOGO_ENGRAVE
100
AcDbLine
 10
7.239032
 20
2.157568
 30
0.0
 11
7.099896
 21
2.108624
 31
0.0
  0
LINE
  5
613
330
17
100
AcDbEntity
  8
LOGO_ENGRAVE
100
AcDbLine
 10
7.099896
 20
2.108624
 30
0.0
 11
6.961336
 21
2.0582
 31
0.0
  0
LINE
  5
614
330
17
100
AcDbEntity
  8
LOGO_ENGRAVE
100
AcDbLine
 10
6.961336
 20
2.0582
 30
0.0
 11
6.823424
 21
2.006232
 31
0.0
  0
LINE
  5
615
330
17
100
AcDbEntity
  8
LOGO_ENGRAVE
100
AcDbLine
 10
6.823424
 20
2.006232
 30
0.0
 11
6.686184
 21
1.952712
 31
0.0
  0
LINE
  5
616
330
17
100
AcDbEntity
  8
LOGO_ENGRAVE
100
AcDbLine
 10
6.686184
 20
1.952712
 30
0.0
 11
6.549672
 21
1.8976
 31
0.0
  0
LINE
  5
617
330
17
100
AcDbEntity
  8
LOGO_ENGRAVE
100
AcDbLine
 10
6.549672
 20
1.8976
 30
0.0
 11
6.41392
 21
1.840888
 31
0.0
  0
LINE
  5
618
330
17
100
AcDbEntity
  8
LOGO_ENGRAVE
100
AcDbLine
 10
6.41392
 20
1.840888
 30
0.0
 11
6.27896
 21
1.782568
 31
0.0
  0
LINE
  5
619
330
17
100
AcDbEntity
  8
LOGO_ENGRAVE
100
AcDbLine
 10
6.27896
 20
1.782568
 30
0.0
 11
6.144824
 21
1.722624
 31
0.0
  0
LINE
  5
61A
330
17
100
AcDbEntity
  8
LOGO_ENGRAVE
100
AcDbLine
 10
6.144824
 20
1.722624
 30
0.0
 11
6.011544
 21
1.661056
 31
0.0
  0
LINE
  5
61B
330
17
100
AcDbEntity
  8
LOGO_ENGRAVE
100
AcDbLine
 10
6.011544
 20
1.661056
 30
0.0
 11
5.879136
 21
1.597888
 31
0.0
  0
LINE
  5
61C
330
17
100
AcDbEntity
  8
LOGO_ENGRAVE
100
AcDbLine
 10
5.879136
 20
1.597888
 30
0.0
 11
5.747616
 21
1.533128
 31
0.0
  0
LINE
  5
61D
330
17
100
AcDbEntity
  8
LOGO_ENGRAVE
100
AcDbLine
 10
5.747616
 20
1.533128
 30
0.0
 11
5.617
 21
1.4668
 31
0.0
  0
LINE
  5
61E
330
17
100
AcDbEntity
  8
LOGO_ENGRAVE
100
AcDbLine
 10
5.617
 20
1.4668
 30
0.0
 11
5.487296
 21
1.398928
 31
0.0
  0
LINE
  5
61F
330
17
100
AcDbEntity
  8
LOGO_ENGRAVE
100
AcDbLine
 10
5.487296
 20
1.398928
 30
0.0
 11
5.358504
 21
1.329544
 31
0.0
  0
LINE
  5
620
330
17
100
AcDbEntity
  8
LOGO_ENGRAVE
100
AcDbLine
 10
5.358504
 20
1.329544
 30
0.0
 11
5.230624
 21
1.258696
 31
0.0
  0
LINE
  5
621
330
17
100
AcDbEntity
  8
LOGO_ENGRAVE
100
AcDbLine
 10
5.230624
 20
1.258696
 30
0.0
 11
5.103656
 21
1.186424
 31
0.0
  0
LINE
  5
622
330
17
100
AcDbEntity
  8
LOGO_ENGRAVE
100
AcDbLine
 10
5.103656
 20
1.186424
 30
0.0
 11
4.977576
 21
1.112784
 31
0.0
  0
LINE
  5
623
330
17
100
AcDbEntity
  8
LOGO_ENGRAVE
100
AcDbLine
 10
4.977576
 20
1.112784
 30
0.0
 11
4.852368
 21
1.037832
 31
0.0
  0
LINE
  5
624
330
17
100
AcDbEntity
  8
LOGO_ENGRAVE
100
AcDbLine
 10
4.852368
 20
1.037832
 30
0.0
 11
4.728024
 21
0.961632
 31
0.0
  0
LINE
  5
625
330
17
100
AcDbEntity
  8
LOGO_ENGRAVE
100
AcDbLine
 10
4.728024
 20
0.961632
 30
0.0
 11
4.604504
 21
0.884256
 31
0.0
  0
LINE
  5
626
330
17
100
AcDbEntity
  8
LOGO_ENGRAVE
100
AcDbLine
 10
4.604504
 20
0.884256
 30
0.0
 11
4.481776
 21
0.805776
 31
0.0
  0
LINE
  5
627
330
17
100
AcDbEntity
  8
LOGO_ENGRAVE
100
AcDbLine
 10
4.481776
 20
0.805776
 30
0.0
 11
4.359808
 21
0.726272
 31
0.0
  0
LINE
  5
628
330
17
100
AcDbEntity
  8
LOGO_ENGRAVE
100
AcDbLine
 10
4.359808
 20
0.726272
 30
0.0
 11
4.23856
 21
0.645832
 31
0.0
  0
LINE
  5
629
330
17
100
AcDbEntity
  8
LOGO_ENGRAVE
100
AcDbLine
 10
4.23856
 20
0.645832
 30
0.0
 11
4.117976
 21
0.564544
 31
0.0
  0
LINE
  5
62A
330
17
100
AcDbEntity
  8
LOGO_ENGRAVE
100
AcDbLine
 10
4.117976
 20
0.564544
 30
0.0
 11
3.998008
 21
0.482504
 31
0.0
  0
LINE
  5
62B
330
17
100
AcDbEntity
  8
LOGO_ENGRAVE
100
AcDbLine
 10
3.998008
 20
0.482504
 30
0.0
 11
3.878608
 21
0.399824
 31
0.0
  0
LINE
  5
62C
330
17
100
AcDbEntity
  8
LOGO_ENGRAVE
100
AcDbLine
 10
3.878608
 20
0.399824
 30
0.0
 11
3.759704
 21
0.3166
 31
0.0
  0
LINE
  5
62D
330
17
100
AcDbEntity
  8
LOGO_ENGRAVE
100
AcDbLine
 10
3.759704
 20
0.3166
 30
0.0
 11
3.641248
 21
0.232952
 31
0.0
  0
LINE
  5
62E
330
17
100
AcDbEntity
  8
LOGO_ENGRAVE
100
AcDbLine
 10
3.641248
 20
0.232952
 30
0.0
 11
3.52316
 21
0.149
 31
0.0
  0
LINE
  5
62F
330
17
100
AcDbEntity
  8
LOGO_ENGRAVE
100
AcDbLine
 10
3.52316
 20
0.149
 30
0.0
 11
3.405376
 21
0.064864
 31
0.0
  0
LINE
  5
630
330
17
100
AcDbEntity
  8
LOGO_ENGRAVE
100
AcDbLine
 10
3.405376
 20
0.064864
 30
0.0
 11
3.327352
 21
0.008983999999999999
 31
0.0
  0
LINE
  5
631
330
17
100
AcDbEntity
  8
LOGO_ENGRAVE
100
AcDbLine
 10
3.327352
 20
0.008984
 30
0.0
 11
3.256496
 21
0.107712
 31
0.0
  0
LINE
  5
632
330
17
100
AcDbEntity
  8
LOGO_ENGRAVE
100
AcDbLine
 10
3.256496
 20
0.107712
 30
0.0
 11
3.177112
 21
0.211112
 31
0.0
  0
LINE
  5
633
330
17
100
AcDbEntity
  8
LOGO_ENGRAVE
100
AcDbLine
 10
3.177112
 20
0.211112
 30
0.0
 11
3.094448
 21
0.31192
 31
0.0
  0
LINE
  5
634
330
17
100
AcDbEntity
  8
LOGO_ENGRAVE
100
AcDbLine
 10
3.094448
 20
0.31192
 30
0.0
 11
3.008584
 21
0.410016
 31
0.0
  0
LINE
  5
635
330
17
100
AcDbEntity
  8
LOGO_ENGRAVE
100
AcDbLine
 10
3.008584
 20
0.410016
 30
0.0
 11
2.919616
 21
0.505296
 31
0.0
  0
LINE
  5
636
330
17
100
AcDbEntity
  8
LOGO_ENGRAVE
100
AcDbLine
 10
2.919616
 20
0.505296
 30
0.0
 11
2.827624
 21
0.597672
 31
0.0
  0
LINE
  5
637
330
17
100
AcDbEntity
  8
LOGO_ENGRAVE
100
AcDbLine
 10
2.827624
 20
0.597672
 30
0.0
 11
2.73272
 21
0.68704
 31
0.0
  0
LINE
  5
638
330
17
100
AcDbEntity
  8
LOGO_ENGRAVE
100
AcDbLine
 10
2.73272
 20
0.68704
 30
0.0
 11
2.634992
 21
0.77332
 31
0.0
  0
LINE
  5
639
330
17
100
AcDbEntity
  8
LOGO_ENGRAVE
100
AcDbLine
 10
2.634992
 20
0.77332
 30
0.0
 11
2.534536
 21
0.856408
 31
0.0
  0
LINE
  5
63A
330
17
100
AcDbEntity
  8
LOGO_ENGRAVE
100
AcDbLine
 10
2.534536
 20
0.856408
 30
0.0
 11
2.441368
 21
0.928552
 31
0.0
  0
LINE
  5
63B
330
17
100
AcDbEntity
  8
LOGO_ENGRAVE
100
AcDbLine
 10
2.441368
 20
0.928552
 30
0.0
 11
2.49336
 21
0.995656
 31
0.0
  0
LINE
  5
63C
330
17
100
AcDbEntity
  8
LOGO_ENGRAVE
100
AcDbLine
 10
2.49336
 20
0.995656
 30
0.0
 11
2.580384
 21
1.107232
 31
0.0
  0
LINE
  5
63D
330
17
100
AcDbEntity
  8
LOGO_ENGRAVE
100
AcDbLine
 10
2.580384
 20
1.107232
 30
0.0
 11
2.667768
 21
1.218488
 31
0.0
  0
LINE
  5
63E
330
17
100
AcDbEntity
  8
LOGO_ENGRAVE
100
AcDbLine
 10
2.667768
 20
1.218488
 30
0.0
 11
2.75552
 21
1.329416
 31
0.0
  0
LINE
  5
63F
330
17
100
AcDbEntity
  8
LOGO_ENGRAVE
100
AcDbLine
 10
2.75552
 20
1.329416
 30
0.0
 11
2.843656
 21
1.440008
 31
0.0
  0
LINE
  5
640
330
17
100
AcDbEntity
  8
LOGO_ENGRAVE
100
AcDbLine
 10
2.843656
 20
1.440008
 30
0.0
 11
2.932184
 21
1.550264
 31
0.0
  0
LINE
  5
641
330
17
100
AcDbEntity
  8
LOGO_ENGRAVE
100
AcDbLine
 10
2.932184
 20
1.550264
 30
0.0
 11
3.021104
 21
1.660176
 31
0.0
  0
LINE
  5
642
330
17
100
AcDbEntity
  8
LOGO_ENGRAVE
100
AcDbLine
 10
3.021104
 20
1.660176
 30
0.0
 11
3.11044
 21
1.769744
 31
0.0
  0
LINE
  5
643
330
17
100
AcDbEntity
  8
LOGO_ENGRAVE
100
AcDbLine
 10
3.11044
 20
1.769744
 30
0.0
 11
3.200192
 21
1.87896
 31
0.0
  0
LINE
  5
644
330
17
100
AcDbEntity
  8
LOGO_ENGRAVE
100
AcDbLine
 10
3.200192
 20
1.87896
 30
0.0
 11
3.29036
 21
1.987824
 31
0.0
  0
LINE
  5
645
330
17
100
AcDbEntity
  8
LOGO_ENGRAVE
100
AcDbLine
 10
3.29036
 20
1.987824
 30
0.0
 11
3.38096
 21
2.096336
 31
0.0
  0
LINE
  5
646
330
17
100
AcDbEntity
  8
LOGO_ENGRAVE
100
AcDbLine
 10
3.38096
 20
2.096336
 30
0.0
 11
3.471984
 21
2.204496
 31
0.0
  0
LINE
  5
647
330
17
100
AcDbEntity
  8
LOGO_ENGRAVE
100
AcDbLine
 10
3.471984
 20
2.204496
 30
0.0
 11
3.56344
 21
2.312296
 31
0.0
  0
LINE
  5
648
330
17
100
AcDbEntity
  8
LOGO_ENGRAVE
100
AcDbLine
 10
3.56344
 20
2.312296
 30
0.0
 11
3.655336
 21
2.419744
 31
0.0
  0
LINE
  5
649
330
17
100
AcDbEntity
  8
LOGO_ENGRAVE
100
AcDbLine
 10
3.655336
 20
2.419744
 30
0.0
 11
3.747664
 21
2.52684
 31
0.0
  0
LINE
  5
64A
330
17
100
AcDbEntity
  8
LOGO_ENGRAVE
100
AcDbLine
 10
3.747664
 20
2.52684
 30
0.0
 11
3.840416
 21
2.633592
 31
0.0
  0
LINE
  5
64B
330
17
100
AcDbEntity
  8
LOGO_ENGRAVE
100
AcDbLine
 10
3.840416
 20
2.633592
 30
0.0
 11
3.933608
 21
2.74
 31
0.0
  0
LINE
  5
64C
330
17
100
AcDbEntity
  8
LOGO_ENGRAVE
100
AcDbLine
 10
3.933608
 20
2.74
 30
0.0
 11
4.027232
 21
2.846072
 31
0.0
  0
LINE
  5
64D
330
17
100
AcDbEntity
  8
LOGO_ENGRAVE
100
AcDbLine
 10
4.027232
 20
2.846072
 30
0.0
 11
4.121272
 21
2.9518
 31
0.0
  0
LINE
  5
64E
330
17
100
AcDbEntity
  8
LOGO_ENGRAVE
100
AcDbLine
 10
4.121272
 20
2.9518
 30
0.0
 11
4.215736
 21
3.057208
 31
0.0
  0
LINE
  5
64F
330
17
100
AcDbEntity
  8
LOGO_ENGRAVE
100
AcDbLine
 10
4.215736
 20
3.057208
 30
0.0
 11
4.310616
 21
3.162296
 31
0.0
  0
LINE
  5
650
330
17
100
AcDbEntity
  8
LOGO_ENGRAVE
100
AcDbLine
 10
4.310616
 20
3.162296
 30
0.0
 11
4.405904
 21
3.267072
 31
0.0
  0
LINE
  5
651
330
17
100
AcDbEntity
  8
LOGO_ENGRAVE
100
AcDbLine
 10
4.405904
 20
3.267072
 30
0.0
 11
4.501584
 21
3.371544
 31
0.0
  0
LINE
  5
652
330
17
100
AcDbEntity
  8
LOGO_ENGRAVE
100
AcDbLine
 10
4.501584
 20
3.371544
 30
0.0
 11
4.597656
 21
3.475728
 31
0.0
  0
LINE
  5
653
330
17
100
AcDbEntity
  8
LOGO_ENGRAVE
100
AcDbLine
 10
4.597656
 20
3.475728
 30
0.0
 11
4.694112
 21
3.579624
 31
0.0
  0
LINE
  5
654
330
17
100
AcDbEntity
  8
LOGO_ENGRAVE
100
AcDbLine
 10
4.694112
 20
3.579624
 30
0.0
 11
4.790936
 21
3.683256
 31
0.0
  0
LINE
  5
655
330
17
100
AcDbEntity
  8
LOGO_ENGRAVE
100
AcDbLine
 10
4.790936
 20
3.683256
 30
0.0
 11
4.88812
 21
3.78664
 31
0.0
  0
LINE
  5
656
330
17
100
AcDbEntity
  8
LOGO_ENGRAVE
100
AcDbLine
 10
4.88812
 20
3.78664
 30
0.0
 11
4.98564
 21
3.889776
 31
0.0
  0
LINE
  5
657
330
17
100
AcDbEntity
  8
LOGO_ENGRAVE
100
AcDbLine
 10
4.98564
 20
3.889776
 30
0.0
 11
5.083496
 21
3.992688
 31
0.0
  0
LINE
  5
658
330
17
100
AcDbEntity
  8
LOGO_ENGRAVE
100
AcDbLine
 10
5.083496
 20
3.992688
 30
0.0
 11
5.181664
 21
4.095392
 31
0.0
  0
LINE
  5
659
330
17
100
AcDbEntity
  8
LOGO_ENGRAVE
100
AcDbLine
 10
5.181664
 20
4.095392
 30
0.0
 11
5.280136
 21
4.197904
 31
0.0
  0
LINE
  5
65A
330
17
100
AcDbEntity
  8
LOGO_ENGRAVE
100
AcDbLine
 10
5.280136
 20
4.197904
 30
0.0
 11
5.378888
 21
4.30024
 31
0.0
  0
LINE
  5
65B
330
17
100
AcDbEntity
  8
LOGO_ENGRAVE
100
AcDbLine
 10
5.378888
 20
4.30024
 30
0.0
 11
5.477904
 21
4.402424
 31
0.0
  0
LINE
  5
65C
330
17
100
AcDbEntity
  8
LOGO_ENGRAVE
100
AcDbLine
 10
5.477904
 20
4.402424
 30
0.0
 11
5.577168
 21
4.50448
 31
0.0
  0
LINE
  5
65D
330
17
100
AcDbEntity
  8
LOGO_ENGRAVE
100
AcDbLine
 10
5.577168
 20
4.50448
 30
0.0
 11
5.676656
 21
4.606424
 31
0.0
  0
LINE
  5
65E
330
17
100
AcDbEntity
  8
LOGO_ENGRAVE
100
AcDbLine
 10
5.676656
 20
4.606424
 30
0.0
 11
5.776344
 21
4.708272
 31
0.0
  0
LINE
  5
65F
330
17
100
AcDbEntity
  8
LOGO_ENGRAVE
100
AcDbLine
 10
5.776344
 20
4.708272
 30
0.0
 11
5.876224
 21
4.810064
 31
0.0
  0
LINE
  5
660
330
17
100
AcDbEntity
  8
LOGO_ENGRAVE
100
AcDbLine
 10
5.876224
 20
4.810064
 30
0.0
 11
5.976256
 21
4.911808
 31
0.0
  0
LINE
  5
661
330
17
100
AcDbEntity
  8
LOGO_ENGRAVE
100
AcDbLine
 10
5.976256
 20
4.911808
 30
0.0
 11
6.076432
 21
5.013544
 31
0.0
  0
LINE
  5
662
330
17
100
AcDbEntity
  8
LOGO_ENGRAVE
100
AcDbLine
 10
6.076432
 20
5.013544
 30
0.0
 11
6.162504
 21
5.100872
 31
0.0
  0
LINE
  5
663
330
17
100
AcDbEntity
  8
LOGO_ENGRAVE
100
AcDbLine
 10
6.162504
 20
5.100872
 30
0.0
 11
6.217168
 21
5.03456
 31
0.0
  0
LINE
  5
664
330
17
100
AcDbEntity
  8
LOGO_ENGRAVE
100
AcDbLine
 10
6.217168
 20
5.03456
 30
0.0
 11
6.304088
 21
4.925288
 31
0.0
  0
LINE
  5
665
330
17
100
AcDbEntity
  8
LOGO_ENGRAVE
100
AcDbLine
 10
6.304088
 20
4.925288
 30
0.0
 11
6.389088
 21
4.81452
 31
0.0
  0
LINE
  5
666
330
17
100
AcDbEntity
  8
LOGO_ENGRAVE
100
AcDbLine
 10
6.389088
 20
4.81452
 30
0.0
 11
6.472136
 21
4.70228
 31
0.0
  0
LINE
  5
667
330
17
100
AcDbEntity
  8
LOGO_ENGRAVE
100
AcDbLine
 10
6.472136
 20
4.70228
 30
0.0
 11
6.553216
 21
4.588608
 31
0.0
  0
LINE
  5
668
330
17
100
AcDbEntity
  8
LOGO_ENGRAVE
100
AcDbLine
 10
6.553216
 20
4.588608
 30
0.0
 11
6.632304
 21
4.473544
 31
0.0
  0
LINE
  5
669
330
17
100
AcDbEntity
  8
LOGO_ENGRAVE
100
AcDbLine
 10
6.632304
 20
4.473544
 30
0.0
 11
6.709368
 21
4.357112
 31
0.0
  0
LINE
  5
66A
330
17
100
AcDbEntity
  8
LOGO_ENGRAVE
100
AcDbLine
 10
6.709368
 20
4.357112
 30
0.0
 11
6.784384
 21
4.239352
 31
0.0
  0
LINE
  5
66B
330
17
100
AcDbEntity
  8
LOGO_ENGRAVE
100
AcDbLine
 10
6.784384
 20
4.239352
 30
0.0
 11
6.857336
 21
4.120304
 31
0.0
  0
LINE
  5
66C
330
17
100
AcDbEntity
  8
LOGO_ENGRAVE
100
AcDbLine
 10
6.857336
 20
4.120304
 30
0.0
 11
6.9282
 21
4.0
 31
0.0
  0
LINE
  5
66D
330
17
100
AcDbEntity
  8
LOGO_ENGRAVE
100
AcDbLine
 10
6.9282
 20
4.0
 30
0.0
 11
6.99696
 21
3.87848
 31
0.0
  0
LINE
  5
66E
330
17
100
AcDbEntity
  8
LOGO_ENGRAVE
100
AcDbLine
 10
6.99696
 20
3.87848
 30
0.0
 11
7.063584
 21
3.755776
 31
0.0
  0
LINE
  5
66F
330
17
100
AcDbEntity
  8
LOGO_ENGRAVE
100
AcDbLine
 10
7.063584
 20
3.755776
 30
0.0
 11
7.128056
 21
3.63192
 31
0.0
  0
LINE
  5
670
330
17
100
AcDbEntity
  8
LOGO_ENGRAVE
100
AcDbLine
 10
7.128056
 20
3.63192
 30
0.0
 11
7.190352
 21
3.506968
 31
0.0
  0
LINE
  5
671
330
17
100
AcDbEntity
  8
LOGO_ENGRAVE
100
AcDbLine
 10
7.190352
 20
3.506968
 30
0.0
 11
7.250464
 21
3.380944
 31
0.0
  0
LINE
  5
672
330
17
100
AcDbEntity
  8
LOGO_ENGRAVE
100
AcDbLine
 10
7.250464
 20
3.380944
 30
0.0
 11
7.30836
 21
3.253896
 31
0.0
  0
LINE
  5
673
330
17
100
AcDbEntity
  8
LOGO_ENGRAVE
100
AcDbLine
 10
7.30836
 20
3.253896
 30
0.0
 11
7.36404
 21
3.125848
 31
0.0
  0
LINE
  5
674
330
17
100
AcDbEntity
  8
LOGO_ENGRAVE
100
AcDbLine
 10
7.36404
 20
3.125848
 30
0.0
 11
7.417472
 21
2.996856
 31
0.0
  0
LINE
  5
675
330
17
100
AcDbEntity
  8
LOGO_ENGRAVE
100
AcDbLine
 10
7.417472
 20
2.996856
 30
0.0
 11
7.46864
 21
2.866944
 31
0.0
  0
LINE
  5
676
330
17
100
AcDbEntity
  8
LOGO_ENGRAVE
100
AcDbLine
 10
7.46864
 20
2.866944
 30
0.0
 11
7.517544
 21
2.73616
 31
0.0
  0
LINE
  5
677
330
17
100
AcDbEntity
  8
LOGO_ENGRAVE
100
AcDbLine
 10
7.517544
 20
2.73616
 30
0.0
 11
7.564152
 21
2.604544
 31
0.0
  0
LINE
  5
678
330
17
100
AcDbEntity
  8
LOGO_ENGRAVE
100
AcDbLine
 10
7.564152
 20
2.604544
 30
0.0
 11
7.608456
 21
2.472136
 31
0.0
  0
LINE
  5
679
330
17
100
AcDbEntity
  8
LOGO_ENGRAVE
100
AcDbLine
 10
7.608456
 20
2.472136
 30
0.0
 11
7.65044
 21
2.338976
 31
0.0
  0
LINE
  5
67A
330
17
100
AcDbEntity
  8
LOGO_ENGRAVE
100
AcDbLine
 10
7.65044
 20
2.338976
 30
0.0
 11
7.66288
 21
2.296976
 31
0.0
  0
LINE
  5
67B
330
17
100
AcDbEntity
  8
LOGO_ENGRAVE
100
AcDbLine
 10
1.869704
 20
7.778128
 30
0.0
 11
1.861776
 21
7.751936
 31
0.0
  0
LINE
  5
67C
330
17
100
AcDbEntity
  8
LOGO_ENGRAVE
100
AcDbLine
 10
1.861776
 20
7.751936
 30
0.0
 11
1.820472
 21
7.61312
 31
0.0
  0
LINE
  5
67D
330
17
100
AcDbEntity
  8
LOGO_ENGRAVE
100
AcDbLine
 10
1.820472
 20
7.61312
 30
0.0
 11
1.779856
 21
7.474248
 31
0.0
  0
LINE
  5
67E
330
17
100
AcDbEntity
  8
LOGO_ENGRAVE
100
AcDbLine
 10
1.779856
 20
7.474248
 30
0.0
 11
1.739904
 21
7.335312
 31
0.0
  0
LINE
  5
67F
330
17
100
AcDbEntity
  8
LOGO_ENGRAVE
100
AcDbLine
 10
1.739904
 20
7.335312
 30
0.0
 11
1.700576
 21
7.196328
 31
0.0
  0
LINE
  5
680
330
17
100
AcDbEntity
  8
LOGO_ENGRAVE
100
AcDbLine
 10
1.700576
 20
7.196328
 30
0.0
 11
1.661848
 21
7.057296
 31
0.0
  0
LINE
  5
681
330
17
100
AcDbEntity
  8
LOGO_ENGRAVE
100
AcDbLine
 10
1.661848
 20
7.057296
 30
0.0
 11
1.623688
 21
6.918224
 31
0.0
  0
LINE
  5
682
330
17
100
AcDbEntity
  8
LOGO_ENGRAVE
100
AcDbLine
 10
1.623688
 20
6.918224
 30
0.0
 11
1.586064
 21
6.779104
 31
0.0
  0
LINE
  5
683
330
17
100
AcDbEntity
  8
LOGO_ENGRAVE
100
AcDbLine
 10
1.586064
 20
6.779104
 30
0.0
 11
1.54896
 21
6.639952
 31
0.0
  0
LINE
  5
684
330
17
100
AcDbEntity
  8
LOGO_ENGRAVE
100
AcDbLine
 10
1.54896
 20
6.639952
 30
0.0
 11
1.512344
 21
6.500768
 31
0.0
  0
LINE
  5
685
330
17
100
AcDbEntity
  8
LOGO_ENGRAVE
100
AcDbLine
 10
1.512344
 20
6.500768
 30
0.0
 11
1.476192
 21
6.361552
 31
0.0
  0
LINE
  5
686
330
17
100
AcDbEntity
  8
LOGO_ENGRAVE
100
AcDbLine
 10
1.476192
 20
6.361552
 30
0.0
 11
1.440472
 21
6.222312
 31
0.0
  0
LINE
  5
687
330
17
100
AcDbEntity
  8
LOGO_ENGRAVE
100
AcDbLine
 10
1.440472
 20
6.222312
 30
0.0
 11
1.405176
 21
6.083048
 31
0.0
  0
LINE
  5
688
330
17
100
AcDbEntity
  8
LOGO_ENGRAVE
100
AcDbLine
 10
1.405176
 20
6.083048
 30
0.0
 11
1.370272
 21
5.943752
 31
0.0
  0
LINE
  5
689
330
17
100
AcDbEntity
  8
LOGO_ENGRAVE
100
AcDbLine
 10
1.370272
 20
5.943752
 30
0.0
 11
1.335744
 21
5.80444
 31
0.0
  0
LINE
  5
68A
330
17
100
AcDbEntity
  8
LOGO_ENGRAVE
100
AcDbLine
 10
1.335744
 20
5.80444
 30
0.0
 11
1.301568
 21
5.665112
 31
0.0
  0
LINE
  5
68B
330
17
100
AcDbEntity
  8
LOGO_ENGRAVE
100
AcDbLine
 10
1.301568
 20
5.665112
 30
0.0
 11
1.26772
 21
5.52576
 31
0.0
  0
LINE
  5
68C
330
17
100
AcDbEntity
  8
LOGO_ENGRAVE
100
AcDbLine
 10
1.26772
 20
5.52576
 30
0.0
 11
1.234192
 21
5.386392
 31
0.0
  0
LINE
  5
68D
330
17
100
AcDbEntity
  8
LOGO_ENGRAVE
100
AcDbLine
 10
1.234192
 20
5.386392
 30
0.0
 11
1.200968
 21
5.247008
 31
0.0
  0
LINE
  5
68E
330
17
100
AcDbEntity
  8
LOGO_ENGRAVE
100
AcDbLine
 10
1.200968
 20
5.247008
 30
0.0
 11
1.168016
 21
5.107608
 31
0.0
  0
LINE
  5
68F
330
17
100
AcDbEntity
  8
LOGO_ENGRAVE
100
AcDbLine
 10
1.168016
 20
5.107608
 30
0.0
 11
1.135328
 21
4.9682
 31
0.0
  0
LINE
  5
690
330
17
100
AcDbEntity
  8
LOGO_ENGRAVE
100
AcDbLine
 10
1.135328
 20
4.9682
 30
0.0
 11
1.102896
 21
4.828776
 31
0.0
  0
LINE
  5
691
330
17
100
AcDbEntity
  8
LOGO_ENGRAVE
100
AcDbLine
 10
1.102896
 20
4.828776
 30
0.0
 11
1.070696
 21
4.689336
 31
0.0
  0
LINE
  5
692
330
17
100
AcDbEntity
  8
LOGO_ENGRAVE
100
AcDbLine
 10
1.070696
 20
4.689336
 30
0.0
 11
1.038728
 21
4.54988
 31
0.0
  0
LINE
  5
693
330
17
100
AcDbEntity
  8
LOGO_ENGRAVE
100
AcDbLine
 10
1.038728
 20
4.54988
 30
0.0
 11
1.00696
 21
4.410416
 31
0.0
  0
LINE
  5
694
330
17
100
AcDbEntity
  8
LOGO_ENGRAVE
100
AcDbLine
 10
1.00696
 20
4.410416
 30
0.0
 11
0.9754
 21
4.270936
 31
0.0
  0
LINE
  5
695
330
17
100
AcDbEntity
  8
LOGO_ENGRAVE
100
AcDbLine
 10
0.9754
 20
4.270936
 30
0.0
 11
0.944032
 21
4.131448
 31
0.0
  0
LINE
  5
696
330
17
100
AcDbEntity
  8
LOGO_ENGRAVE
100
AcDbLine
 10
0.944032
 20
4.131448
 30
0.0
 11
0.91284
 21
3.991936
 31
0.0
  0
LINE
  5
697
330
17
100
AcDbEntity
  8
LOGO_ENGRAVE
100
AcDbLine
 10
0.91284
 20
3.991936
 30
0.0
 11
0.881816
 21
3.852416
 31
0.0
  0
LINE
  5
698
330
17
100
AcDbEntity
  8
LOGO_ENGRAVE
100
AcDbLine
 10
0.881816
 20
3.852416
 30
0.0
 11
0.850968
 21
3.71288
 31
0.0
  0
LINE
  5
699
330
17
100
AcDbEntity
  8
LOGO_ENGRAVE
100
AcDbLine
 10
0.850968
 20
3.71288
 30
0.0
 11
0.820272
 21
3.573328
 31
0.0
  0
LINE
  5
69A
330
17
100
AcDbEntity
  8
LOGO_ENGRAVE
100
AcDbLine
 10
0.820272
 20
3.573328
 30
0.0
 11
0.78972
 21
3.433752
 31
0.0
  0
LINE
  5
69B
330
17
100
AcDbEntity
  8
LOGO_ENGRAVE
100
AcDbLine
 10
0.78972
 20
3.433752
 30
0.0
 11
0.759328
 21
3.29416
 31
0.0
  0
LINE
  5
69C
330
17
100
AcDbEntity
  8
LOGO_ENGRAVE
100
AcDbLine
 10
0.759328
 20
3.29416
 30
0.0
 11
0.729072
 21
3.154552
 31
0.0
  0
LINE
  5
69D
330
17
100
AcDbEntity
  8
LOGO_ENGRAVE
100
AcDbLine
 10
0.729072
 20
3.154552
 30
0.0
 11
0.69896
 21
3.01492
 31
0.0
  0
LINE
  5
69E
330
17
100
AcDbEntity
  8
LOGO_ENGRAVE
100
AcDbLine
 10
0.69896
 20
3.01492
 30
0.0
 11
0.668984
 21
2.875264
 31
0.0
  0
LINE
  5
69F
330
17
100
AcDbEntity
  8
LOGO_ENGRAVE
100
AcDbLine
 10
0.668984
 20
2.875264
 30
0.0
 11
0.639136
 21
2.735584
 31
0.0
  0
LINE
  5
6A0
330
17
100
AcDbEntity
  8
LOGO_ENGRAVE
100
AcDbLine
 10
0.639136
 20
2.735584
 30
0.0
 11
0.609432
 21
2.59588
 31
0.0
  0
LINE
  5
6A1
330
17
100
AcDbEntity
  8
LOGO_ENGRAVE
100
AcDbLine
 10
0.609432
 20
2.59588
 30
0.0
 11
0.579864
 21
2.456144
 31
0.0
  0
LINE
  5
6A2
330
17
100
AcDbEntity
  8
LOGO_ENGRAVE
100
AcDbLine
 10
0.579864
 20
2.456144
 30
0.0
 11
0.55044
 21
2.316376
 31
0.0
  0
LINE
  5
6A3
330
17
100
AcDbEntity
  8
LOGO_ENGRAVE
100
AcDbLine
 10
0.55044
 20
2.316376
 30
0.0
 11
0.521144
 21
2.176584
 31
0.0
  0
LINE
  5
6A4
330
17
100
AcDbEntity
  8
LOGO_ENGRAVE
100
AcDbLine
 10
0.521144
 20
2.176584
 30
0.0
 11
0.492
 21
2.036744
 31
0.0
  0
LINE
  5
6A5
330
17
100
AcDbEntity
  8
LOGO_ENGRAVE
100
AcDbLine
 10
0.492
 20
2.036744
 30
0.0
 11
0.463
 21
1.896872
 31
0.0
  0
LINE
  5
6A6
330
17
100
AcDbEntity
  8
LOGO_ENGRAVE
100
AcDbLine
 10
0.463
 20
1.896872
 30
0.0
 11
0.434152
 21
1.75696
 31
0.0
  0
LINE
  5
6A7
330
17
100
AcDbEntity
  8
LOGO_ENGRAVE
100
AcDbLine
 10
0.434152
 20
1.75696
 30
0.0
 11
0.42716
 21
1.722872
 31
0.0
  0
LINE
  5
6A8
330
17
100
AcDbEntity
  8
LOGO_ENGRAVE
100
AcDbLine
 10
0.42716
 20
1.722872
 30
0.0
 11
0.390504
 21
1.727008
 31
0.0
  0
LINE
  5
6A9
330
17
100
AcDbEntity
  8
LOGO_ENGRAVE
100
AcDbLine
 10
0.390504
 20
1.727008
 30
0.0
 11
0.26056
 21
1.737472
 31
0.0
  0
LINE
  5
6AA
330
17
100
AcDbEntity
  8
LOGO_ENGRAVE
100
AcDbLine
 10
0.26056
 20
1.737472
 30
0.0
 11
0.130344
 21
1.74376
 31
0.0
  0
LINE
  5
6AB
330
17
100
AcDbEntity
  8
LOGO_ENGRAVE
100
AcDbLine
 10
0.130344
 20
1.74376
 30
0.0
 11
0.0
 21
1.745856
 31
0.0
  0
LINE
  5
6AC
330
17
100
AcDbEntity
  8
LOGO_ENGRAVE
100
AcDbLine
 10
0.0
 20
1.745856
 30
0.0
 11
-0.130344
 21
1.74376
 31
0.0
  0
LINE
  5
6AD
330
17
100
AcDbEntity
  8
LOGO_ENGRAVE
100
AcDbLine
 10
-0.130344
 20
1.74376
 30
0.0
 11
-0.26056
 21
1.737472
 31
0.0
  0
LINE
  5
6AE
330
17
100
AcDbEntity
  8
LOGO_ENGRAVE
100
AcDbLine
 10
-0.26056
 20
1.737472
 30
0.0
 11
-0.390504
 21
1.727008
 31
0.0
  0
LINE
  5
6AF
330
17
100
AcDbEntity
  8
LOGO_ENGRAVE
100
AcDbLine
 10
-0.390504
 20
1.727008
 30
0.0
 11
-0.42716
 21
1.722872
 31
0.0
  0
LINE
  5
6B0
330
17
100
AcDbEntity
  8
LOGO_ENGRAVE
100
AcDbLine
 10
-0.42716
 20
1.722872
 30
0.0
 11
-0.434152
 21
1.75696
 31
0.0
  0
LINE
  5
6B1
330
17
100
AcDbEntity
  8
LOGO_ENGRAVE
100
AcDbLine
 10
-0.434152
 20
1.75696
 30
0.0
 11
-0.463
 21
1.896872
 31
0.0
  0
LINE
  5
6B2
330
17
100
AcDbEntity
  8
LOGO_ENGRAVE
100
AcDbLine
 10
-0.463
 20
1.896872
 30
0.0
 11
-0.492
 21
2.036744
 31
0.0
  0
LINE
  5
6B3
330
17
100
AcDbEntity
  8
LOGO_ENGRAVE
100
AcDbLine
 10
-0.492
 20
2.036744
 30
0.0
 11
-0.521144
 21
2.176584
 31
0.0
  0
LINE
  5
6B4
330
17
100
AcDbEntity
  8
LOGO_ENGRAVE
100
AcDbLine
 10
-0.521144
 20
2.176584
 30
0.0
 11
-0.55044
 21
2.316376
 31
0.0
  0
LINE
  5
6B5
330
17
100
AcDbEntity
  8
LOGO_ENGRAVE
100
AcDbLine
 10
-0.55044
 20
2.316376
 30
0.0
 11
-0.579864
 21
2.456144
 31
0.0
  0
LINE
  5
6B6
330
17
100
AcDbEntity
  8
LOGO_ENGRAVE
100
AcDbLine
 10
-0.579864
 20
2.456144
 30
0.0
 11
-0.609432
 21
2.59588
 31
0.0
  0
LINE
  5
6B7
330
17
100
AcDbEntity
  8
LOGO_ENGRAVE
100
AcDbLine
 10
-0.609432
 20
2.59588
 30
0.0
 11
-0.639136
 21
2.735584
 31
0.0
  0
LINE
  5
6B8
330
17
100
AcDbEntity
  8
LOGO_ENGRAVE
100
AcDbLine
 10
-0.639136
 20
2.735584
 30
0.0
 11
-0.668984
 21
2.875264
 31
0.0
  0
LINE
  5
6B9
330
17
100
AcDbEntity
  8
LOGO_ENGRAVE
100
AcDbLine
 10
-0.668984
 20
2.875264
 30
0.0
 11
-0.69896
 21
3.01492
 31
0.0
  0
LINE
  5
6BA
330
17
100
AcDbEntity
  8
LOGO_ENGRAVE
100
AcDbLine
 10
-0.69896
 20
3.01492
 30
0.0
 11
-0.729072
 21
3.154552
 31
0.0
  0
LINE
  5
6BB
330
17
100
AcDbEntity
  8
LOGO_ENGRAVE
100
AcDbLine
 10
-0.729072
 20
3.154552
 30
0.0
 11
-0.759328
 21
3.29416
 31
0.0
  0
LINE
  5
6BC
330
17
100
AcDbEntity
  8
LOGO_ENGRAVE
100
AcDbLine
 10
-0.759328
 20
3.29416
 30
0.0
 11
-0.78972
 21
3.433752
 31
0.0
  0
LINE
  5
6BD
330
17
100
AcDbEntity
  8
LOGO_ENGRAVE
100
AcDbLine
 10
-0.78972
 20
3.433752
 30
0.0
 11
-0.820272
 21
3.573328
 31
0.0
  0
LINE
  5
6BE
330
17
100
AcDbEntity
  8
LOGO_ENGRAVE
100
AcDbLine
 10
-0.820272
 20
3.573328
 30
0.0
 11
-0.850968
 21
3.71288
 31
0.0
  0
LINE
  5
6BF
330
17
100
AcDbEntity
  8
LOGO_ENGRAVE
100
AcDbLine
 10
-0.850968
 20
3.71288
 30
0.0
 11
-0.881816
 21
3.852416
 31
0.0
  0
LINE
  5
6C0
330
17
100
AcDbEntity
  8
LOGO_ENGRAVE
100
AcDbLine
 10
-0.881816
 20
3.852416
 30
0.0
 11
-0.91284
 21
3.991936
 31
0.0
  0
LINE
  5
6C1
330
17
100
AcDbEntity
  8
LOGO_ENGRAVE
100
AcDbLine
 10
-0.91284
 20
3.991936
 30
0.0
 11
-0.944032
 21
4.131448
 31
0.0
  0
LINE
  5
6C2
330
17
100
AcDbEntity
  8
LOGO_ENGRAVE
100
AcDbLine
 10
-0.944032
 20
4.131448
 30
0.0
 11
-0.9754
 21
4.270936
 31
0.0
  0
LINE
  5
6C3
330
17
100
AcDbEntity
  8
LOGO_ENGRAVE
100
AcDbLine
 10
-0.9754
 20
4.270936
 30
0.0
 11
-1.00696
 21
4.410416
 31
0.0
  0
LINE
  5
6C4
330
17
100
AcDbEntity
  8
LOGO_ENGRAVE
100
AcDbLine
 10
-1.00696
 20
4.410416
 30
0.0
 11
-1.038728
 21
4.54988
 31
0.0
  0
LINE
  5
6C5
330
17
100
AcDbEntity
  8
LOGO_ENGRAVE
100
AcDbLine
 10
-1.038728
 20
4.54988
 30
0.0
 11
-1.070696
 21
4.689336
 31
0.0
  0
LINE
  5
6C6
330
17
100
AcDbEntity
  8
LOGO_ENGRAVE
100
AcDbLine
 10
-1.070696
 20
4.689336
 30
0.0
 11
-1.102896
 21
4.828776
 31
0.0
  0
LINE
  5
6C7
330
17
100
AcDbEntity
  8
LOGO_ENGRAVE
100
AcDbLine
 10
-1.102896
 20
4.828776
 30
0.0
 11
-1.135328
 21
4.9682
 31
0.0
  0
LINE
  5
6C8
330
17
100
AcDbEntity
  8
LOGO_ENGRAVE
100
AcDbLine
 10
-1.135328
 20
4.9682
 30
0.0
 11
-1.168016
 21
5.107608
 31
0.0
  0
LINE
  5
6C9
330
17
100
AcDbEntity
  8
LOGO_ENGRAVE
100
AcDbLine
 10
-1.168016
 20
5.107608
 30
0.0
 11
-1.200968
 21
5.247008
 31
0.0
  0
LINE
  5
6CA
330
17
100
AcDbEntity
  8
LOGO_ENGRAVE
100
AcDbLine
 10
-1.200968
 20
5.247008
 30
0.0
 11
-1.234192
 21
5.386392
 31
0.0
  0
LINE
  5
6CB
330
17
100
AcDbEntity
  8
LOGO_ENGRAVE
100
AcDbLine
 10
-1.234192
 20
5.386392
 30
0.0
 11
-1.26772
 21
5.52576
 31
0.0
  0
LINE
  5
6CC
330
17
100
AcDbEntity
  8
LOGO_ENGRAVE
100
AcDbLine
 10
-1.26772
 20
5.52576
 30
0.0
 11
-1.301568
 21
5.665112
 31
0.0
  0
LINE
  5
6CD
330
17
100
AcDbEntity
  8
LOGO_ENGRAVE
100
AcDbLine
 10
-1.301568
 20
5.665112
 30
0.0
 11
-1.335744
 21
5.80444
 31
0.0
  0
LINE
  5
6CE
330
17
100
AcDbEntity
  8
LOGO_ENGRAVE
100
AcDbLine
 10
-1.335744
 20
5.80444
 30
0.0
 11
-1.370272
 21
5.943752
 31
0.0
  0
LINE
  5
6CF
330
17
100
AcDbEntity
  8
LOGO_ENGRAVE
100
AcDbLine
 10
-1.370272
 20
5.943752
 30
0.0
 11
-1.405176
 21
6.083048
 31
0.0
  0
LINE
  5
6D0
330
17
100
AcDbEntity
  8
LOGO_ENGRAVE
100
AcDbLine
 10
-1.405176
 20
6.083048
 30
0.0
 11
-1.440472
 21
6.222312
 31
0.0
  0
LINE
  5
6D1
330
17
100
AcDbEntity
  8
LOGO_ENGRAVE
100
AcDbLine
 10
-1.440472
 20
6.222312
 30
0.0
 11
-1.476192
 21
6.361552
 31
0.0
  0
LINE
  5
6D2
330
17
100
AcDbEntity
  8
LOGO_ENGRAVE
100
AcDbLine
 10
-1.476192
 20
6.361552
 30
0.0
 11
-1.512344
 21
6.500768
 31
0.0
  0
LINE
  5
6D3
330
17
100
AcDbEntity
  8
LOGO_ENGRAVE
100
AcDbLine
 10
-1.512344
 20
6.500768
 30
0.0
 11
-1.54896
 21
6.639952
 31
0.0
  0
LINE
  5
6D4
330
17
100
AcDbEntity
  8
LOGO_ENGRAVE
100
AcDbLine
 10
-1.54896
 20
6.639952
 30
0.0
 11
-1.586064
 21
6.779104
 31
0.0
  0
LINE
  5
6D5
330
17
100
AcDbEntity
  8
LOGO_ENGRAVE
100
AcDbLine
 10
-1.586064
 20
6.779104
 30
0.0
 11
-1.623688
 21
6.918224
 31
0.0
  0
LINE
  5
6D6
330
17
100
AcDbEntity
  8
LOGO_ENGRAVE
100
AcDbLine
 10
-1.623688
 20
6.918224
 30
0.0
 11
-1.661848
 21
7.057296
 31
0.0
  0
LINE
  5
6D7
330
17
100
AcDbEntity
  8
LOGO_ENGRAVE
100
AcDbLine
 10
-1.661848
 20
7.057296
 30
0.0
 11
-1.700576
 21
7.196328
 31
0.0
  0
LINE
  5
6D8
330
17
100
AcDbEntity
  8
LOGO_ENGRAVE
100
AcDbLine
 10
-1.700576
 20
7.196328
 30
0.0
 11
-1.739904
 21
7.335312
 31
0.0
  0
LINE
  5
6D9
330
17
100
AcDbEntity
  8
LOGO_ENGRAVE
100
AcDbLine
 10
-1.739904
 20
7.335312
 30
0.0
 11
-1.779856
 21
7.474248
 31
0.0
  0
LINE
  5
6DA
330
17
100
AcDbEntity
  8
LOGO_ENGRAVE
100
AcDbLine
 10
-1.779856
 20
7.474248
 30
0.0
 11
-1.820472
 21
7.61312
 31
0.0
  0
LINE
  5
6DB
330
17
100
AcDbEntity
  8
LOGO_ENGRAVE
100
AcDbLine
 10
-1.820472
 20
7.61312
 30
0.0
 11
-1.861776
 21
7.751936
 31
0.0
  0
LINE
  5
6DC
330
17
100
AcDbEntity
  8
LOGO_ENGRAVE
100
AcDbLine
 10
-1.861776
 20
7.751936
 30
0.0
 11
-1.869704
 21
7.778128
 31
0.0
  0
LINE
  5
6DD
330
17
100
AcDbEntity
  8
LOGO_ENGRAVE
100
AcDbLine
 10
-1.869704
 20
7.778128
 30
0.0
 11
-1.799608
 21
7.79496
 31
0.0
  0
LINE
  5
6DE
330
17
100
AcDbEntity
  8
LOGO_ENGRAVE
100
AcDbLine
 10
-1.799608
 20
7.79496
 30
0.0
 11
-1.663296
 21
7.825184
 31
0.0
  0
LINE
  5
6DF
330
17
100
AcDbEntity
  8
LOGO_ENGRAVE
100
AcDbLine
 10
-1.663296
 20
7.825184
 30
0.0
 11
-1.526472
 21
7.853016
 31
0.0
  0
LINE
  5
6E0
330
17
100
AcDbEntity
  8
LOGO_ENGRAVE
100
AcDbLine
 10
-1.526472
 20
7.853016
 30
0.0
 11
-1.389184
 21
7.878464
 31
0.0
  0
LINE
  5
6E1
330
17
100
AcDbEntity
  8
LOGO_ENGRAVE
100
AcDbLine
 10
-1.389184
 20
7.878464
 30
0.0
 11
-1.251472
 21
7.901504
 31
0.0
  0
LINE
  5
6E2
330
17
100
AcDbEntity
  8
LOGO_ENGRAVE
100
AcDbLine
 10
-1.251472
 20
7.901504
 30
0.0
 11
-1.113384
 21
7.922144
 31
0.0
  0
LINE
  5
6E3
330
17
100
AcDbEntity
  8
LOGO_ENGRAVE
100
AcDbLine
 10
-1.113384
 20
7.922144
 30
0.0
 11
-0.974952
 21
7.940368
 31
0.0
  0
LINE
  5
6E4
330
17
100
AcDbEntity
  8
LOGO_ENGRAVE
100
AcDbLine
 10
-0.974952
 20
7.940368
 30
0.0
 11
-0.836224
 21
7.956176
 31
0.0
  0
LINE
  5
6E5
330
17
100
AcDbEntity
  8
LOGO_ENGRAVE
100
AcDbLine
 10
-0.836224
 20
7.956176
 30
0.0
 11
-0.697248
 21
7.96956
 31
0.0
  0
LINE
  5
6E6
330
17
100
AcDbEntity
  8
LOGO_ENGRAVE
100
AcDbLine
 10
-0.697248
 20
7.96956
 30
0.0
 11
-0.558048
 21
7.980512
 31
0.0
  0
LINE
  5
6E7
330
17
100
AcDbEntity
  8
LOGO_ENGRAVE
100
AcDbLine
 10
-0.558048
 20
7.980512
 30
0.0
 11
-0.418688
 21
7.98904
 31
0.0
  0
LINE
  5
6E8
330
17
100
AcDbEntity
  8
LOGO_ENGRAVE
100
AcDbLine
 10
-0.418688
 20
7.98904
 30
0.0
 11
-0.279192
 21
7.995128
 31
0.0
  0
LINE
  5
6E9
330
17
100
AcDbEntity
  8
LOGO_ENGRAVE
100
AcDbLine
 10
-0.279192
 20
7.995128
 30
0.0
 11
-0.139616
 21
7.998784
 31
0.0
  0
LINE
  5
6EA
330
17
100
AcDbEntity
  8
LOGO_ENGRAVE
100
AcDbLine
 10
-0.139616
 20
7.998784
 30
0.0
 11
0.0
 21
8.0
 31
0.0
  0
LINE
  5
6EB
330
17
100
AcDbEntity
  8
LOGO_ENGRAVE
100
AcDbLine
 10
0.0
 20
8.0
 30
0.0
 11
0.139616
 21
7.998784
 31
0.0
  0
LINE
  5
6EC
330
17
100
AcDbEntity
  8
LOGO_ENGRAVE
100
AcDbLine
 10
0.139616
 20
7.998784
 30
0.0
 11
0.279192
 21
7.995128
 31
0.0
  0
LINE
  5
6ED
330
17
100
AcDbEntity
  8
LOGO_ENGRAVE
100
AcDbLine
 10
0.279192
 20
7.995128
 30
0.0
 11
0.418688
 21
7.98904
 31
0.0
  0
LINE
  5
6EE
330
17
100
AcDbEntity
  8
LOGO_ENGRAVE
100
AcDbLine
 10
0.418688
 20
7.98904
 30
0.0
 11
0.558048
 21
7.980512
 31
0.0
  0
LINE
  5
6EF
330
17
100
AcDbEntity
  8
LOGO_ENGRAVE
100
AcDbLine
 10
0.558048
 20
7.980512
 30
0.0
 11
0.697248
 21
7.96956
 31
0.0
  0
LINE
  5
6F0
330
17
100
AcDbEntity
  8
LOGO_ENGRAVE
100
AcDbLine
 10
0.697248
 20
7.96956
 30
0.0
 11
0.836224
 21
7.956176
 31
0.0
  0
LINE
  5
6F1
330
17
100
AcDbEntity
  8
LOGO_ENGRAVE
100
AcDbLine
 10
0.836224
 20
7.956176
 30
0.0
 11
0.974952
 21
7.940368
 31
0.0
  0
LINE
  5
6F2
330
17
100
AcDbEntity
  8
LOGO_ENGRAVE
100
AcDbLine
 10
0.974952
 20
7.940368
 30
0.0
 11
1.113384
 21
7.922144
 31
0.0
  0
LINE
  5
6F3
330
17
100
AcDbEntity
  8
LOGO_ENGRAVE
100
AcDbLine
 10
1.113384
 20
7.922144
 30
0.0
 11
1.251472
 21
7.901504
 31
0.0
  0
LINE
  5
6F4
330
17
100
AcDbEntity
  8
LOGO_ENGRAVE
100
AcDbLine
 10
1.251472
 20
7.901504
 30
0.0
 11
1.389184
 21
7.878464
 31
0.0
  0
LINE
  5
6F5
330
17
100
AcDbEntity
  8
LOGO_ENGRAVE
100
AcDbLine
 10
1.389184
 20
7.878464
 30
0.0
 11
1.526472
 21
7.853016
 31
0.0
  0
LINE
  5
6F6
330
17
100
AcDbEntity
  8
LOGO_ENGRAVE
100
AcDbLine
 10
1.526472
 20
7.853016
 30
0.0
 11
1.663296
 21
7.825184
 31
0.0
  0
LINE
  5
6F7
330
17
100
AcDbEntity
  8
LOGO_ENGRAVE
100
AcDbLine
 10
1.663296
 20
7.825184
 30
0.0
 11
1.799608
 21
7.79496
 31
0.0
  0
LINE
  5
6F8
330
17
100
AcDbEntity
  8
LOGO_ENGRAVE
100
AcDbLine
 10
1.799608
 20
7.79496
 30
0.0
 11
1.869704
 21
7.778128
 31
0.0
  0
LINE
  5
6F9
330
17
100
AcDbEntity
  8
LOGO_ENGRAVE
100
AcDbLine
 10
5.647816
 20
5.665736
 30
0.0
 11
5.626392
 21
5.642752
 31
0.0
  0
LINE
  5
6FA
330
17
100
AcDbEntity
  8
LOGO_ENGRAVE
100
AcDbLine
 10
5.626392
 20
5.642752
 30
0.0
 11
5.528816
 21
5.538024
 31
0.0
  0
LINE
  5
6FB
330
17
100
AcDbEntity
  8
LOGO_ENGRAVE
100
AcDbLine
 10
5.528816
 20
5.538024
 30
0.0
 11
5.431224
 21
5.43316
 31
0.0
  0
LINE
  5
6FC
330
17
100
AcDbEntity
  8
LOGO_ENGRAVE
100
AcDbLine
 10
5.431224
 20
5.43316
 30
0.0
 11
5.33364
 21
5.328152
 31
0.0
  0
LINE
  5
6FD
330
17
100
AcDbEntity
  8
LOGO_ENGRAVE
100
AcDbLine
 10
5.33364
 20
5.328152
 30
0.0
 11
5.236088
 21
5.222984
 31
0.0
  0
LINE
  5
6FE
330
17
100
AcDbEntity
  8
LOGO_ENGRAVE
100
AcDbLine
 10
5.236088
 20
5.222984
 30
0.0
 11
5.138616
 21
5.117624
 31
0.0
  0
LINE
  5
6FF
330
17
100
AcDbEntity
  8
LOGO_ENGRAVE
100
AcDbLine
 10
5.138616
 20
5.117624
 30
0.0
 11
5.04124
 21
5.012064
 31
0.0
  0
LINE
  5
700
330
17
100
AcDbEntity
  8
LOGO_ENGRAVE
100
AcDbLine
 10
5.04124
 20
5.012064
 30
0.0
 11
4.944
 21
4.906288
 31
0.0
  0
LINE
  5
701
330
17
100
AcDbEntity
  8
LOGO_ENGRAVE
100
AcDbLine
 10
4.944
 20
4.906288
 30
0.0
 11
4.846912
 21
4.80028
 31
0.0
  0
LINE
  5
702
330
17
100
AcDbEntity
  8
LOGO_ENGRAVE
100
AcDbLine
 10
4.846912
 20
4.80028
 30
0.0
 11
4.75
 21
4.694032
 31
0.0
  0
LINE
  5
703
330
17
100
AcDbEntity
  8
LOGO_ENGRAVE
100
AcDbLine
 10
4.75
 20
4.694032
 30
0.0
 11
4.653304
 21
4.587512
 31
0.0
  0
LINE
  5
704
330
17
100
AcDbEntity
  8
LOGO_ENGRAVE
100
AcDbLine
 10
4.653304
 20
4.587512
 30
0.0
 11
4.556832
 21
4.480728
 31
0.0
  0
LINE
  5
705
330
17
100
AcDbEntity
  8
LOGO_ENGRAVE
100
AcDbLine
 10
4.556832
 20
4.480728
 30
0.0
 11
4.460616
 21
4.373664
 31
0.0
  0
LINE
  5
706
330
17
100
AcDbEntity
  8
LOGO_ENGRAVE
100
AcDbLine
 10
4.460616
 20
4.373664
 30
0.0
 11
4.36468
 21
4.266304
 31
0.0
  0
LINE
  5
707
330
17
100
AcDbEntity
  8
LOGO_ENGRAVE
100
AcDbLine
 10
4.36468
 20
4.266304
 30
0.0
 11
4.26904
 21
4.158648
 31
0.0
  0
LINE
  5
708
330
17
100
AcDbEntity
  8
LOGO_ENGRAVE
100
AcDbLine
 10
4.26904
 20
4.158648
 30
0.0
 11
4.173704
 21
4.050672
 31
0.0
  0
LINE
  5
709
330
17
100
AcDbEntity
  8
LOGO_ENGRAVE
100
AcDbLine
 10
4.173704
 20
4.050672
 30
0.0
 11
4.078712
 21
3.942384
 31
0.0
  0
LINE
  5
70A
330
17
100
AcDbEntity
  8
LOGO_ENGRAVE
100
AcDbLine
 10
4.078712
 20
3.942384
 30
0.0
 11
3.984072
 21
3.833768
 31
0.0
  0
LINE
  5
70B
330
17
100
AcDbEntity
  8
LOGO_ENGRAVE
100
AcDbLine
 10
3.984072
 20
3.833768
 30
0.0
 11
3.889792
 21
3.724824
 31
0.0
  0
LINE
  5
70C
330
17
100
AcDbEntity
  8
LOGO_ENGRAVE
100
AcDbLine
 10
3.889792
 20
3.724824
 30
0.0
 11
3.795896
 21
3.615552
 31
0.0
  0
LINE
  5
70D
330
17
100
AcDbEntity
  8
LOGO_ENGRAVE
100
AcDbLine
 10
3.795896
 20
3.615552
 30
0.0
 11
3.7024
 21
3.505936
 31
0.0
  0
LINE
  5
70E
330
17
100
AcDbEntity
  8
LOGO_ENGRAVE
100
AcDbLine
 10
3.7024
 20
3.505936
 30
0.0
 11
3.609304
 21
3.395976
 31
0.0
  0
LINE
  5
70F
330
17
100
AcDbEntity
  8
LOGO_ENGRAVE
100
AcDbLine
 10
3.609304
 20
3.395976
 30
0.0
 11
3.516632
 21
3.285672
 31
0.0
  0
LINE
  5
710
330
17
100
AcDbEntity
  8
LOGO_ENGRAVE
100
AcDbLine
 10
3.516632
 20
3.285672
 30
0.0
 11
3.424392
 21
3.175032
 31
0.0
  0
LINE
  5
711
330
17
100
AcDbEntity
  8
LOGO_ENGRAVE
100
AcDbLine
 10
3.424392
 20
3.175032
 30
0.0
 11
3.332584
 21
3.06404
 31
0.0
  0
LINE
  5
712
330
17
100
AcDbEntity
  8
LOGO_ENGRAVE
100
AcDbLine
 10
3.332584
 20
3.06404
 30
0.0
 11
3.241224
 21
2.952712
 31
0.0
  0
LINE
  5
713
330
17
100
AcDbEntity
  8
LOGO_ENGRAVE
100
AcDbLine
 10
3.241224
 20
2.952712
 30
0.0
 11
3.150312
 21
2.84104
 31
0.0
  0
LINE
  5
714
330
17
100
AcDbEntity
  8
LOGO_ENGRAVE
100
AcDbLine
 10
3.150312
 20
2.84104
 30
0.0
 11
3.059864
 21
2.729024
 31
0.0
  0
LINE
  5
715
330
17
100
AcDbEntity
  8
LOGO_ENGRAVE
100
AcDbLine
 10
3.059864
 20
2.729024
 30
0.0
 11
2.969872
 21
2.616672
 31
0.0
  0
LINE
  5
716
330
17
100
AcDbEntity
  8
LOGO_ENGRAVE
100
AcDbLine
 10
2.969872
 20
2.616672
 30
0.0
 11
2.880344
 21
2.503992
 31
0.0
  0
LINE
  5
717
330
17
100
AcDbEntity
  8
LOGO_ENGRAVE
100
AcDbLine
 10
2.880344
 20
2.503992
 30
0.0
 11
2.79128
 21
2.390984
 31
0.0
  0
LINE
  5
718
330
17
100
AcDbEntity
  8
LOGO_ENGRAVE
100
AcDbLine
 10
2.79128
 20
2.390984
 30
0.0
 11
2.70268
 21
2.277656
 31
0.0
  0
LINE
  5
719
330
17
100
AcDbEntity
  8
LOGO_ENGRAVE
100
AcDbLine
 10
2.70268
 20
2.277656
 30
0.0
 11
2.614544
 21
2.164008
 31
0.0
  0
LINE
  5
71A
330
17
100
AcDbEntity
  8
LOGO_ENGRAVE
100
AcDbLine
 10
2.614544
 20
2.164008
 30
0.0
 11
2.526864
 21
2.050056
 31
0.0
  0
LINE
  5
71B
330
17
100
AcDbEntity
  8
LOGO_ENGRAVE
100
AcDbLine
 10
2.526864
 20
2.050056
 30
0.0
 11
2.439648
 21
1.9358
 31
0.0
  0
LINE
  5
71C
330
17
100
AcDbEntity
  8
LOGO_ENGRAVE
100
AcDbLine
 10
2.439648
 20
1.9358
 30
0.0
 11
2.35288
 21
1.821256
 31
0.0
  0
LINE
  5
71D
330
17
100
AcDbEntity
  8
LOGO_ENGRAVE
100
AcDbLine
 10
2.35288
 20
1.821256
 30
0.0
 11
2.26656
 21
1.706432
 31
0.0
  0
LINE
  5
71E
330
17
100
AcDbEntity
  8
LOGO_ENGRAVE
100
AcDbLine
 10
2.26656
 20
1.706432
 30
0.0
 11
2.180672
 21
1.591336
 31
0.0
  0
LINE
  5
71F
330
17
100
AcDbEntity
  8
LOGO_ENGRAVE
100
AcDbLine
 10
2.180672
 20
1.591336
 30
0.0
 11
2.095224
 21
1.475976
 31
0.0
  0
LINE
  5
720
330
17
100
AcDbEntity
  8
LOGO_ENGRAVE
100
AcDbLine
 10
2.095224
 20
1.475976
 30
0.0
 11
2.010184
 21
1.360368
 31
0.0
  0
LINE
  5
721
330
17
100
AcDbEntity
  8
LOGO_ENGRAVE
100
AcDbLine
 10
2.010184
 20
1.360368
 30
0.0
 11
1.933152
 21
1.25492
 31
0.0
  0
LINE
  5
722
330
17
100
AcDbEntity
  8
LOGO_ENGRAVE
100
AcDbLine
 10
1.933152
 20
1.25492
 30
0.0
 11
1.880648
 21
1.283488
 31
0.0
  0
LINE
  5
723
330
17
100
AcDbEntity
  8
LOGO_ENGRAVE
100
AcDbLine
 10
1.880648
 20
1.283488
 30
0.0
 11
1.764192
 21
1.342072
 31
0.0
  0
LINE
  5
724
330
17
100
AcDbEntity
  8
LOGO_ENGRAVE
100
AcDbLine
 10
1.764192
 20
1.342072
 30
0.0
 11
1.645904
 21
1.39688
 31
0.0
  0
LINE
  5
725
330
17
100
AcDbEntity
  8
LOGO_ENGRAVE
100
AcDbLine
 10
1.645904
 20
1.39688
 30
0.0
 11
1.525928
 21
1.447864
 31
0.0
  0
LINE
  5
726
330
17
100
AcDbEntity
  8
LOGO_ENGRAVE
100
AcDbLine
 10
1.525928
 20
1.447864
 30
0.0
 11
1.404368
 21
1.49496
 31
0.0
  0
LINE
  5
727
330
17
100
AcDbEntity
  8
LOGO_ENGRAVE
100
AcDbLine
 10
1.404368
 20
1.49496
 30
0.0
 11
1.28136
 21
1.538128
 31
0.0
  0
LINE
  5
728
330
17
100
AcDbEntity
  8
LOGO_ENGRAVE
100
AcDbLine
 10
1.28136
 20
1.538128
 30
0.0
 11
1.157024
 21
1.57732
 31
0.0
  0
LINE
  5
729
330
17
100
AcDbEntity
  8
LOGO_ENGRAVE
100
AcDbLine
 10
1.157024
 20
1.57732
 30
0.0
 11
1.031496
 21
1.612496
 31
0.0
  0
LINE
  5
72A
330
17
100
AcDbEntity
  8
LOGO_ENGRAVE
100
AcDbLine
 10
1.031496
 20
1.612496
 30
0.0
 11
1.0066
 21
1.618616
 31
0.0
  0
LINE
  5
72B
330
17
100
AcDbEntity
  8
LOGO_ENGRAVE
100
AcDbLine
 10
1.0066
 20
1.618616
 30
0.0
 11
1.008888
 21
1.628016
 31
0.0
  0
LINE
  5
72C
330
17
100
AcDbEntity
  8
LOGO_ENGRAVE
100
AcDbLine
 10
1.008888
 20
1.628016
 30
0.0
 11
1.042584
 21
1.766152
 31
0.0
  0
LINE
  5
72D
330
17
100
AcDbEntity
  8
LOGO_ENGRAVE
100
AcDbLine
 10
1.042584
 20
1.766152
 30
0.0
 11
1.07644
 21
1.904272
 31
0.0
  0
LINE
  5
72E
330
17
100
AcDbEntity
  8
LOGO_ENGRAVE
100
AcDbLine
 10
1.07644
 20
1.904272
 30
0.0
 11
1.110448
 21
2.042352
 31
0.0
  0
LINE
  5
72F
330
17
100
AcDbEntity
  8
LOGO_ENGRAVE
100
AcDbLine
 10
1.110448
 20
2.042352
 30
0.0
 11
1.144592
 21
2.180408
 31
0.0
  0
LINE
  5
730
330
17
100
AcDbEntity
  8
LOGO_ENGRAVE
100
AcDbLine
 10
1.144592
 20
2.180408
 30
0.0
 11
1.17888
 21
2.318432
 31
0.0
  0
LINE
  5
731
330
17
100
AcDbEntity
  8
LOGO_ENGRAVE
100
AcDbLine
 10
1.17888
 20
2.318432
 30
0.0
 11
1.213312
 21
2.456424
 31
0.0
  0
LINE
  5
732
330
17
100
AcDbEntity
  8
LOGO_ENGRAVE
100
AcDbLine
 10
1.213312
 20
2.456424
 30
0.0
 11
1.247872
 21
2.594392
 31
0.0
  0
LINE
  5
733
330
17
100
AcDbEntity
  8
LOGO_ENGRAVE
100
AcDbLine
 10
1.247872
 20
2.594392
 30
0.0
 11
1.28256
 21
2.732312
 31
0.0
  0
LINE
  5
734
330
17
100
AcDbEntity
  8
LOGO_ENGRAVE
100
AcDbLine
 10
1.28256
 20
2.732312
 30
0.0
 11
1.317392
 21
2.870208
 31
0.0
  0
LINE
  5
735
330
17
100
AcDbEntity
  8
LOGO_ENGRAVE
100
AcDbLine
 10
1.317392
 20
2.870208
 30
0.0
 11
1.352352
 21
3.008056
 31
0.0
  0
LINE
  5
736
330
17
100
AcDbEntity
  8
LOGO_ENGRAVE
100
AcDbLine
 10
1.352352
 20
3.008056
 30
0.0
 11
1.387448
 21
3.145872
 31
0.0
  0
LINE
  5
737
330
17
100
AcDbEntity
  8
LOGO_ENGRAVE
100
AcDbLine
 10
1.387448
 20
3.145872
 30
0.0
 11
1.422672
 21
3.28364
 31
0.0
  0
LINE
  5
738
330
17
100
AcDbEntity
  8
LOGO_ENGRAVE
100
AcDbLine
 10
1.422672
 20
3.28364
 30
0.0
 11
1.458048
 21
3.42136
 31
0.0
  0
LINE
  5
739
330
17
100
AcDbEntity
  8
LOGO_ENGRAVE
100
AcDbLine
 10
1.458048
 20
3.42136
 30
0.0
 11
1.49356
 21
3.559024
 31
0.0
  0
LINE
  5
73A
330
17
100
AcDbEntity
  8
LOGO_ENGRAVE
100
AcDbLine
 10
1.49356
 20
3.559024
 30
0.0
 11
1.529224
 21
3.696648
 31
0.0
  0
LINE
  5
73B
330
17
100
AcDbEntity
  8
LOGO_ENGRAVE
100
AcDbLine
 10
1.529224
 20
3.696648
 30
0.0
 11
1.56504
 21
3.834208
 31
0.0
  0
LINE
  5
73C
330
17
100
AcDbEntity
  8
LOGO_ENGRAVE
100
AcDbLine
 10
1.56504
 20
3.834208
 30
0.0
 11
1.601016
 21
3.971704
 31
0.0
  0
LINE
  5
73D
330
17
100
AcDbEntity
  8
LOGO_ENGRAVE
100
AcDbLine
 10
1.601016
 20
3.971704
 30
0.0
 11
1.63716
 21
4.109136
 31
0.0
  0
LINE
  5
73E
330
17
100
AcDbEntity
  8
LOGO_ENGRAVE
100
AcDbLine
 10
1.63716
 20
4.109136
 30
0.0
 11
1.67348
 21
4.246496
 31
0.0
  0
LINE
  5
73F
330
17
100
AcDbEntity
  8
LOGO_ENGRAVE
100
AcDbLine
 10
1.67348
 20
4.246496
 30
0.0
 11
1.709984
 21
4.383784
 31
0.0
  0
LINE
  5
740
330
17
100
AcDbEntity
  8
LOGO_ENGRAVE
100
AcDbLine
 10
1.709984
 20
4.383784
 30
0.0
 11
1.74668
 21
4.521
 31
0.0
  0
LINE
  5
741
330
17
100
AcDbEntity
  8
LOGO_ENGRAVE
100
AcDbLine
 10
1.74668
 20
4.521
 30
0.0
 11
1.783584
 21
4.65812
 31
0.0
  0
LINE
  5
742
330
17
100
AcDbEntity
  8
LOGO_ENGRAVE
100
AcDbLine
 10
1.783584
 20
4.65812
 30
0.0
 11
1.820696
 21
4.795152
 31
0.0
  0
LINE
  5
743
330
17
100
AcDbEntity
  8
LOGO_ENGRAVE
100
AcDbLine
 10
1.820696
 20
4.795152
 30
0.0
 11
1.85804
 21
4.932088
 31
0.0
  0
LINE
  5
744
330
17
100
AcDbEntity
  8
LOGO_ENGRAVE
100
AcDbLine
 10
1.85804
 20
4.932088
 30
0.0
 11
1.895624
 21
5.06892
 31
0.0
  0
LINE
  5
745
330
17
100
AcDbEntity
  8
LOGO_ENGRAVE
100
AcDbLine
 10
1.895624
 20
5.06892
 30
0.0
 11
1.933456
 21
5.205648
 31
0.0
  0
LINE
  5
746
330
17
100
AcDbEntity
  8
LOGO_ENGRAVE
100
AcDbLine
 10
1.933456
 20
5.205648
 30
0.0
 11
1.971568
 21
5.342256
 31
0.0
  0
LINE
  5
747
330
17
100
AcDbEntity
  8
LOGO_ENGRAVE
100
AcDbLine
 10
1.971568
 20
5.342256
 30
0.0
 11
2.009952
 21
5.478736
 31
0.0
  0
LINE
  5
748
330
17
100
AcDbEntity
  8
LOGO_ENGRAVE
100
AcDbLine
 10
2.009952
 20
5.478736
 30
0.0
 11
2.048648
 21
5.615096
 31
0.0
  0
LINE
  5
749
330
17
100
AcDbEntity
  8
LOGO_ENGRAVE
100
AcDbLine
 10
2.048648
 20
5.615096
 30
0.0
 11
2.087648
 21
5.751312
 31
0.0
  0
LINE
  5
74A
330
17
100
AcDbEntity
  8
LOGO_ENGRAVE
100
AcDbLine
 10
2.087648
 20
5.751312
 30
0.0
 11
2.126992
 21
5.887384
 31
0.0
  0
LINE
  5
74B
330
17
100
AcDbEntity
  8
LOGO_ENGRAVE
100
AcDbLine
 10
2.126992
 20
5.887384
 30
0.0
 11
2.166688
 21
6.023296
 31
0.0
  0
LINE
  5
74C
330
17
100
AcDbEntity
  8
LOGO_ENGRAVE
100
AcDbLine
 10
2.166688
 20
6.023296
 30
0.0
 11
2.20676
 21
6.159048
 31
0.0
  0
LINE
  5
74D
330
17
100
AcDbEntity
  8
LOGO_ENGRAVE
100
AcDbLine
 10
2.20676
 20
6.159048
 30
0.0
 11
2.247216
 21
6.294632
 31
0.0
  0
LINE
  5
74E
330
17
100
AcDbEntity
  8
LOGO_ENGRAVE
100
AcDbLine
 10
2.247216
 20
6.294632
 30
0.0
 11
2.288088
 21
6.43004
 31
0.0
  0
LINE
  5
74F
330
17
100
AcDbEntity
  8
LOGO_ENGRAVE
100
AcDbLine
 10
2.288088
 20
6.43004
 30
0.0
 11
2.3294
 21
6.565248
 31
0.0
  0
LINE
  5
750
330
17
100
AcDbEntity
  8
LOGO_ENGRAVE
100
AcDbLine
 10
2.3294
 20
6.565248
 30
0.0
 11
2.371168
 21
6.700264
 31
0.0
  0
LINE
  5
751
330
17
100
AcDbEntity
  8
LOGO_ENGRAVE
100
AcDbLine
 10
2.371168
 20
6.700264
 30
0.0
 11
2.413416
 21
6.835064
 31
0.0
  0
LINE
  5
752
330
17
100
AcDbEntity
  8
LOGO_ENGRAVE
100
AcDbLine
 10
2.413416
 20
6.835064
 30
0.0
 11
2.456168
 21
6.969648
 31
0.0
  0
LINE
  5
753
330
17
100
AcDbEntity
  8
LOGO_ENGRAVE
100
AcDbLine
 10
2.456168
 20
6.969648
 30
0.0
 11
2.499448
 21
7.104
 31
0.0
  0
LINE
  5
754
330
17
100
AcDbEntity
  8
LOGO_ENGRAVE
100
AcDbLine
 10
2.499448
 20
7.104
 30
0.0
 11
2.54328
 21
7.238104
 31
0.0
  0
LINE
  5
755
330
17
100
AcDbEntity
  8
LOGO_ENGRAVE
100
AcDbLine
 10
2.54328
 20
7.238104
 30
0.0
 11
2.587696
 21
7.37196
 31
0.0
  0
LINE
  5
756
330
17
100
AcDbEntity
  8
LOGO_ENGRAVE
100
AcDbLine
 10
2.587696
 20
7.37196
 30
0.0
 11
2.632712
 21
7.505552
 31
0.0
  0
LINE
  5
757
330
17
100
AcDbEntity
  8
LOGO_ENGRAVE
100
AcDbLine
 10
2.632712
 20
7.505552
 30
0.0
 11
2.647568
 21
7.548912
 31
0.0
  0
LINE
  5
758
330
17
100
AcDbEntity
  8
LOGO_ENGRAVE
100
AcDbLine
 10
2.647568
 20
7.548912
 30
0.0
 11
2.73616
 21
7.517544
 31
0.0
  0
LINE
  5
759
330
17
100
AcDbEntity
  8
LOGO_ENGRAVE
100
AcDbLine
 10
2.73616
 20
7.517544
 30
0.0
 11
2.866944
 21
7.46864
 31
0.0
  0
LINE
  5
75A
330
17
100
AcDbEntity
  8
LOGO_ENGRAVE
100
AcDbLine
 10
2.866944
 20
7.46864
 30
0.0
 11
2.996856
 21
7.417472
 31
0.0
  0
LINE
  5
75B
330
17
100
AcDbEntity
  8
LOGO_ENGRAVE
100
AcDbLine
 10
2.996856
 20
7.417472
 30
0.0
 11
3.125848
 21
7.36404
 31
0.0
  0
LINE
  5
75C
330
17
100
AcDbEntity
  8
LOGO_ENGRAVE
100
AcDbLine
 10
3.125848
 20
7.36404
 30
0.0
 11
3.253896
 21
7.30836
 31
0.0
  0
LINE
  5
75D
330
17
100
AcDbEntity
  8
LOGO_ENGRAVE
100
AcDbLine
 10
3.253896
 20
7.30836
 30
0.0
 11
3.380944
 21
7.250464
 31
0.0
  0
LINE
  5
75E
330
17
100
AcDbEntity
  8
LOGO_ENGRAVE
100
AcDbLine
 10
3.380944
 20
7.250464
 30
0.0
 11
3.506968
 21
7.190352
 31
0.0
  0
LINE
  5
75F
330
17
100
AcDbEntity
  8
LOGO_ENGRAVE
100
AcDbLine
 10
3.506968
 20
7.190352
 30
0.0
 11
3.63192
 21
7.128056
 31
0.0
  0
LINE
  5
760
330
17
100
AcDbEntity
  8
LOGO_ENGRAVE
100
AcDbLine
 10
3.63192
 20
7.128056
 30
0.0
 11
3.755776
 21
7.063584
 31
0.0
  0
LINE
  5
761
330
17
100
AcDbEntity
  8
LOGO_ENGRAVE
100
AcDbLine
 10
3.755776
 20
7.063584
 30
0.0
 11
3.87848
 21
6.99696
 31
0.0
  0
LINE
  5
762
330
17
100
AcDbEntity
  8
LOGO_ENGRAVE
100
AcDbLine
 10
3.87848
 20
6.99696
 30
0.0
 11
4.0
 21
6.9282
 31
0.0
  0
LINE
  5
763
330
17
100
AcDbEntity
  8
LOGO_ENGRAVE
100
AcDbLine
 10
4.0
 20
6.9282
 30
0.0
 11
4.120304
 21
6.857336
 31
0.0
  0
LINE
  5
764
330
17
100
AcDbEntity
  8
LOGO_ENGRAVE
100
AcDbLine
 10
4.120304
 20
6.857336
 30
0.0
 11
4.239352
 21
6.784384
 31
0.0
  0
LINE
  5
765
330
17
100
AcDbEntity
  8
LOGO_ENGRAVE
100
AcDbLine
 10
4.239352
 20
6.784384
 30
0.0
 11
4.357112
 21
6.709368
 31
0.0
  0
LINE
  5
766
330
17
100
AcDbEntity
  8
LOGO_ENGRAVE
100
AcDbLine
 10
4.357112
 20
6.709368
 30
0.0
 11
4.473544
 21
6.632304
 31
0.0
  0
LINE
  5
767
330
17
100
AcDbEntity
  8
LOGO_ENGRAVE
100
AcDbLine
 10
4.473544
 20
6.632304
 30
0.0
 11
4.588608
 21
6.553216
 31
0.0
  0
LINE
  5
768
330
17
100
AcDbEntity
  8
LOGO_ENGRAVE
100
AcDbLine
 10
4.588608
 20
6.553216
 30
0.0
 11
4.70228
 21
6.472136
 31
0.0
  0
LINE
  5
769
330
17
100
AcDbEntity
  8
LOGO_ENGRAVE
100
AcDbLine
 10
4.70228
 20
6.472136
 30
0.0
 11
4.81452
 21
6.389088
 31
0.0
  0
LINE
  5
76A
330
17
100
AcDbEntity
  8
LOGO_ENGRAVE
100
AcDbLine
 10
4.81452
 20
6.389088
 30
0.0
 11
4.925288
 21
6.304088
 31
0.0
  0
LINE
  5
76B
330
17
100
AcDbEntity
  8
LOGO_ENGRAVE
100
AcDbLine
 10
4.925288
 20
6.304088
 30
0.0
 11
5.03456
 21
6.217168
 31
0.0
  0
LINE
  5
76C
330
17
100
AcDbEntity
  8
LOGO_ENGRAVE
100
AcDbLine
 10
5.03456
 20
6.217168
 30
0.0
 11
5.142304
 21
6.128352
 31
0.0
  0
LINE
  5
76D
330
17
100
AcDbEntity
  8
LOGO_ENGRAVE
100
AcDbLine
 10
5.142304
 20
6.128352
 30
0.0
 11
5.248472
 21
6.03768
 31
0.0
  0
LINE
  5
76E
330
17
100
AcDbEntity
  8
LOGO_ENGRAVE
100
AcDbLine
 10
5.248472
 20
6.03768
 30
0.0
 11
5.353048
 21
5.94516
 31
0.0
  0
LINE
  5
76F
330
17
100
AcDbEntity
  8
LOGO_ENGRAVE
100
AcDbLine
 10
5.353048
 20
5.94516
 30
0.0
 11
5.455984
 21
5.850832
 31
0.0
  0
LINE
  5
770
330
17
100
AcDbEntity
  8
LOGO_ENGRAVE
100
AcDbLine
 10
5.455984
 20
5.850832
 30
0.0
 11
5.557264
 21
5.75472
 31
0.0
  0
LINE
  5
771
330
17
100
AcDbEntity
  8
LOGO_ENGRAVE
100
AcDbLine
 10
5.557264
 20
5.75472
 30
0.0
 11
5.647816
 21
5.665736
 31
0.0
  0
ENDSEC
  0
SECTION
  2
OBJECTS
  0
DICTIONARY
  5
A
330
0
100
AcDbDictionary
281
1
  3
ACAD_COLOR
350
B
  3
ACAD_GROUP
350
C
  3
ACAD_LAYOUT
350
D
  3
ACAD_MATERIAL
350
E
  3
ACAD_MLEADERSTYLE
350
F
  3
ACAD_MLINESTYLE
350
10
  3
ACAD_PLOTSETTINGS
350
11
  3
ACAD_PLOTSTYLENAME
350
12
  3
ACAD_SCALELIST
350
14
  3
ACAD_TABLESTYLE
350
15
  3
ACAD_VISUALSTYLE
350
16
  3
EZDXF_META
350
2D
  0
DICTIONARY
  5
B
330
A
100
AcDbDictionary
281
1
  0
DICTIONARY
  5
C
330
A
100
AcDbDictionary
281
1
  0
DICTIONARY
  5
D
330
A
100
AcDbDictionary
281
1
  3
Model
350
1A
  3
Layout1
350
1E
  0
DICTIONARY
  5
E
330
A
100
AcDbDictionary
281
1
  3
ByBlock
350
1F
  3
ByLayer
350
20
  3
Global
350
21
  0
DICTIONARY
  5
F
330
A
100
AcDbDictionary
281
1
  3
Standard
350
2C
  0
DICTIONARY
  5
10
330
A
100
AcDbDictionary
281
1
  3
Standard
350
22
  0
DICTIONARY
  5
11
330
A
100
AcDbDictionary
281
1
  0
ACDBDICTIONARYWDFLT
  5
12
330
A
100
AcDbDictionary
281
1
  3
Normal
350
13
100
AcDbDictionaryWithDefault
340
13
  0
ACDBPLACEHOLDER
  5
13
330
12
  0
DICTIONARY
  5
14
330
A
100
AcDbDictionary
281
1
  0
DICTIONARY
  5
15
330
A
100
AcDbDictionary
281
1
  0
DICTIONARY
  5
16
330
A
100
AcDbDictionary
281
1
  0
LAYOUT
  5
1A
330
D
100
AcDbPlotSettings
  1

  4
A3
  6

 40
7.5
 41
20.0
 42
7.5
 43
20.0
 44
420.0
 45
297.0
 46
0.0
 47
0.0
 48
0.0
 49
0.0
140
0.0
141
0.0
142
1.0
143
1.0
 70
1024
 72
1
 73
0
 74
5
  7

 75
16
 76
0
 77
2
 78
300
147
1.0
148
0.0
149
0.0
100
AcDbLayout
  1
Model
 70
1
 71
0
 10
0.0
 20
0.0
 11
420.0
 21
297.0
 12
0.0
 22
0.0
 32
0.0
 14
1e+20
 24
1e+20
 34
1e+20
 15
-1e+20
 25
-1e+20
 35
-1e+20
146
0.0
 13
0.0
 23
0.0
 33
0.0
 16
1.0
 26
0.0
 36
0.0
 17
0.0
 27
1.0
 37
0.0
 76
1
330
17
  0
LAYOUT
  5
1E
330
D
100
AcDbPlotSettings
  1

  4
A3
  6

 40
7.5
 41
20.0
 42
7.5
 43
20.0
 44
420.0
 45
297.0
 46
0.0
 47
0.0
 48
0.0
 49
0.0
140
0.0
141
0.0
142
1.0
143
1.0
 70
0
 72
1
 73
0
 74
5
  7

 75
16
 76
0
 77
2
 78
300
147
1.0
148
0.0
149
0.0
100
AcDbLayout
  1
Layout1
 70
1
 71
1
 10
0.0
 20
0.0
 11
420.0
 21
297.0
 12
0.0
 22
0.0
 32
0.0
 14
1e+20
 24
1e+20
 34
1e+20
 15
-1e+20
 25
-1e+20
 35
-1e+20
146
0.0
 13
0.0
 23
0.0
 33
0.0
 16
1.0
 26
0.0
 36
0.0
 17
0.0
 27
1.0
 37
0.0
 76
1
330
1B
  0
MATERIAL
  5
1F
102
{ACAD_REACTORS
330
E
102
}
330
E
100
AcDbMaterial
  1
ByBlock
  2

 70
0
 40
1.0
 71
1
 41
1.0
 91
-1023410177
 42
1.0
 72
1
  3

 73
1
 74
1
 75
1
 44
0.5
 73
0
 45
1.0
 46
1.0
 77
1
  4

 78
1
 79
1
170
1
 48
1.0
171
1
  6

172
1
173
1
174
1
140
1.0
141
1.0
175
1
  7

176
1
177
1
178
1
143
1.0
179
1
  8

270
1
271
1
272
1
145
1.0
146
1.0
273
1
  9

274
1
275
1
276
1
 42
1.0
 72
1
  3

 73
1
 74
1
 75
1
 94
63
  0
MATERIAL
  5
20
102
{ACAD_REACTORS
330
E
102
}
330
E
100
AcDbMaterial
  1
ByLayer
  2

 70
0
 40
1.0
 71
1
 41
1.0
 91
-1023410177
 42
1.0
 72
1
  3

 73
1
 74
1
 75
1
 44
0.5
 73
0
 45
1.0
 46
1.0
 77
1
  4

 78
1
 79
1
170
1
 48
1.0
171
1
  6

172
1
173
1
174
1
140
1.0
141
1.0
175
1
  7

176
1
177
1
178
1
143
1.0
179
1
  8

270
1
271
1
272
1
145
1.0
146
1.0
273
1
  9

274
1
275
1
276
1
 42
1.0
 72
1
  3

 73
1
 74
1
 75
1
 94
63
  0
MATERIAL
  5
21
102
{ACAD_REACTORS
330
E
102
}
330
E
100
AcDbMaterial
  1
Global
  2

 70
0
 40
1.0
 71
1
 41
1.0
 91
-1023410177
 42
1.0
 72
1
  3

 73
1
 74
1
 75
1
 44
0.5
 73
0
 45
1.0
 46
1.0
 77
1
  4

 78
1
 79
1
170
1
 48
1.0
171
1
  6

172
1
173
1
174
1
140
1.0
141
1.0
175
1
  7

176
1
177
1
178
1
143
1.0
179
1
  8

270
1
271
1
272
1
145
1.0
146
1.0
273
1
  9

274
1
275
1
276
1
 42
1.0
 72
1
  3

 73
1
 74
1
 75
1
 94
63
  0
MLINESTYLE
  5
22
102
{ACAD_REACTORS
330
10
102
}
330
10
100
AcDbMlineStyle
  2
Standard
 70
0
  3

 62
256
 51
90.0
 52
90.0
 71
2
 49
0.5
 62
256
  6
BYLAYER
 49
-0.5
 62
256
  6
BYLAYER
  0
MLEADERSTYLE
  5
2C
102
{ACAD_REACTORS
330
F
102
}
330
F
100
AcDbMLeaderStyle
179
2
170
2
171
1
172
0
 90
2
 40
0.0
 41
0.0
173
1
 91
-1056964608
 92
-2
290
1
 42
2.0
291
1
 43
8.0
  3
Standard
 44
4.0
300

342
29
174
1
175
1
176
0
178
1
 93
-1056964608
 45
4.0
292
0
297
0
 46
4.0
 94
-1056964608
 47
1.0
 49
1.0
140
1.0
294
1
141
0.0
177
0
142
1.0
295
0
296
0
143
3.75
271
0
272
9
273
9
  0
DICTIONARY
  5
2D
330
A
100
AcDbDictionary
280
1
281
1
  3
CREATED_BY_EZDXF
350
2E
  3
WRITTEN_BY_EZDXF
350
775
  0
DICTIONARYVAR
  5
2E
330
2D
100
DictionaryVariables
280
0
  1
1.4.4 @ 2026-10-07T13:42:45.881324+00:00
  0
DICTIONARYVAR
  5
775
330
2D
100
DictionaryVariables
280
0
  1
1.4.4 @ 2026-10-07T13:42:46.101360+00:00
  0
ENDSEC
  0
EOF
